document_id,title,business_class,sensitivity,allowed_roles,owner,version,source_uri,dataset,license,sha256
ibm10713449,IBM Security Bulletin: API Connect Developer Portal is affected by multiple PHP vulnerabilities - United States,security-support,restricted,restricted,techqa-proxy-owner,techqa-p2-2026-07-18,hf://nvidia/TechQA-RAG-Eval/corpus/ibm10713449.txt,nvidia/TechQA-RAG-Eval,Apache-2.0,56cf8b7ad98a4e39b15dcc334a0a9e27986eb9d0a5604db05eff9cd85401adb1
ibm10713463,IBM AppScan Open Mic: What's new in AppScan version 9.0.3.9 - REPLAY AVAILABLE - United States,security-support,restricted,restricted,techqa-proxy-owner,techqa-p2-2026-07-18,hf://nvidia/TechQA-RAG-Eval/corpus/ibm10713463.txt,nvidia/TechQA-RAG-Eval,Apache-2.0,3ee89090386d2b90a53d547314a458582b6338d04ad72cf6c9a0b15e873ba3f2
ibm10713539,IBM Security Bulletin: Multiple vulnerabilities in IBM Java Runtime affect IBM Security SiteProtector System - United States,security-support,restricted,restricted,techqa-proxy-owner,techqa-p2-2026-07-18,hf://nvidia/TechQA-RAG-Eval/corpus/ibm10713539.txt,nvidia/TechQA-RAG-Eval,Apache-2.0,ca988124d6184984c3cb2c6ba4653809afd87748fa7db160a0b04978b091b94b
ibm10713695,IBM Security Bulletin: IBM Maximo Asset Management is affected by a cross-site scripting vulnerability. (CVE-2018-1554) - United States,security-support,restricted,restricted,techqa-proxy-owner,techqa-p2-2026-07-18,hf://nvidia/TechQA-RAG-Eval/corpus/ibm10713695.txt,nvidia/TechQA-RAG-Eval,Apache-2.0,a33f1ca0cf6fa44c389b48ce8890bf7b26706174a0d1179d676904799e58f72d
ibm10715649,IBM Security Bulletin: Multiple Vulnerabilities found in products bundled with IBM Security Access Manager for Enterprise Single-Sign On - United States,security-support,restricted,restricted,techqa-proxy-owner,techqa-p2-2026-07-18,hf://nvidia/TechQA-RAG-Eval/corpus/ibm10715649.txt,nvidia/TechQA-RAG-Eval,Apache-2.0,3eb21c4c194e02cda46a80a3c04e99e14e01e5231fee15f41820902f251f9a5e
ibm10715651,IBM Installing the 5.5.0 or 5.5.1 version of the Content Platform Engine (CPE) .NET Client - United States,engineering-support,internal,engineering,techqa-proxy-owner,techqa-p2-2026-07-18,hf://nvidia/TechQA-RAG-Eval/corpus/ibm10715651.txt,nvidia/TechQA-RAG-Eval,Apache-2.0,67dc43d83feaf3467520aa4bb8f9c0c5e5d39a846050dcfda5be5b70d5b6472a
ibm10715781,IBM API Connect V5.0.8.4 is available - United States,security-support,restricted,restricted,techqa-proxy-owner,techqa-p2-2026-07-18,hf://nvidia/TechQA-RAG-Eval/corpus/ibm10715781.txt,nvidia/TechQA-RAG-Eval,Apache-2.0,59fc68562ed366852b73b964e35195ef49f4f5c9f92f035f1fff61c176ad21f6
ibm10715845,IBM Content Navigator 3.0.4 Recycle Bin Tech Preview - United States,engineering-support,internal,engineering,techqa-proxy-owner,techqa-p2-2026-07-18,hf://nvidia/TechQA-RAG-Eval/corpus/ibm10715845.txt,nvidia/TechQA-RAG-Eval,Apache-2.0,dc6bacdc491a7219ef6ecf6b537c89f86af6a4f96e20653fdc4c64531827e275
ibm10716029,IBM Security Bulletin: Multiple vulnerabilities affect IBM Rational Design Manager products - United States,security-support,restricted,restricted,techqa-proxy-owner,techqa-p2-2026-07-18,hf://nvidia/TechQA-RAG-Eval/corpus/ibm10716029.txt,nvidia/TechQA-RAG-Eval,Apache-2.0,fce48cb71e3714f4a4ecd40b3acdd4a05b0a25ec928597adcd2a7997930361de
ibm10716213,IBM Security Bulletin:  Multiple vulnerabilities in IBM Java Runtime affect Rational Asset Analyzer (RAA). - United States,security-support,restricted,restricted,techqa-proxy-owner,techqa-p2-2026-07-18,hf://nvidia/TechQA-RAG-Eval/corpus/ibm10716213.txt,nvidia/TechQA-RAG-Eval,Apache-2.0,dbc16cf8a5b0e05f335ff4e0945759b78b1de6e574e138be1954d1e582e19c27
ibm10716377,IBM Security Bulletin: IBM QRadar Network Security is affected by GNU C library (glibc) vulnerabilities - United States,security-support,restricted,restricted,techqa-proxy-owner,techqa-p2-2026-07-18,hf://nvidia/TechQA-RAG-Eval/corpus/ibm10716377.txt,nvidia/TechQA-RAG-Eval,Apache-2.0,94833407e46290bc733c229a465f9ccf0b591d2884c49281064030c9c1dcee2b
ibm10716463,IBM PDA-OS upgrades for INPDS systems - United States,security-support,restricted,restricted,techqa-proxy-owner,techqa-p2-2026-07-18,hf://nvidia/TechQA-RAG-Eval/corpus/ibm10716463.txt,nvidia/TechQA-RAG-Eval,Apache-2.0,523715fed676b5bf773e1d22d2d0a9e5c16c761f2d1a7c06e1d4af3921427485
ibm10716573,"IBM Security Bulletin: A security vulnerability has been identified in IBM WebSphere Application Server, which is shipped with, or a required product for, IBM Tivoli Network Manager IP Edition (CVE-2015-0899). - United States",security-support,restricted,restricted,techqa-proxy-owner,techqa-p2-2026-07-18,hf://nvidia/TechQA-RAG-Eval/corpus/ibm10716573.txt,nvidia/TechQA-RAG-Eval,Apache-2.0,1270b02342e912cbffecc7d9c0ca8bef868acfd12131241f030adb2de9f892e8
ibm10716655,IBM Changing DB2 administrator password on LDAP configured servers - United States,security-support,restricted,restricted,techqa-proxy-owner,techqa-p2-2026-07-18,hf://nvidia/TechQA-RAG-Eval/corpus/ibm10716655.txt,nvidia/TechQA-RAG-Eval,Apache-2.0,6de55156fba3904ad63a68039434ffb773ff43c1f3a94f13d973b131fa877126
ibm10716661,IBM Replay available: What is new in ISIM versions 6.0.0.20 and 7.0.1.10 - 12 July 2018 [Presentation is attached] - United States,security-support,restricted,restricted,techqa-proxy-owner,techqa-p2-2026-07-18,hf://nvidia/TechQA-RAG-Eval/corpus/ibm10716661.txt,nvidia/TechQA-RAG-Eval,Apache-2.0,df59cb97b861018aea8599c7aa7c9855f97598ce9b9889611b5dfb034194b903
ibm10716669,"IBM® Datacap Version 9.1.4, Interim Fix 001 readme file - United States",engineering-support,internal,engineering,techqa-proxy-owner,techqa-p2-2026-07-18,hf://nvidia/TechQA-RAG-Eval/corpus/ibm10716669.txt,nvidia/TechQA-RAG-Eval,Apache-2.0,9ec9c692f67040d3c8ff432349d9c595d696b0a97add1d5f598334ad52782d01
ibm10716807,IBM TWSProfile can not be fully started up and generates javacores after WAS security disabled - United States,security-support,restricted,restricted,techqa-proxy-owner,techqa-p2-2026-07-18,hf://nvidia/TechQA-RAG-Eval/corpus/ibm10716807.txt,nvidia/TechQA-RAG-Eval,Apache-2.0,a58fd3f33afbbd4a481eb99d44107f43f1b2a1e4e93985783bab2b23fa1ae0b7
ibm10716829,"IBM DWC upgrading failed with error ""HA: Unable to get the lock"" - United States",engineering-support,internal,engineering,techqa-proxy-owner,techqa-p2-2026-07-18,hf://nvidia/TechQA-RAG-Eval/corpus/ibm10716829.txt,nvidia/TechQA-RAG-Eval,Apache-2.0,865f5dc298e13d6517076391f436772aa758b9f9549f8b3e0e799cd929d816e9
ibm10717023,IBM Security Bulletin: Security Vulnerability in Apache Commons FileUpload Affects IBM Sterling B2B Integrator (CVE-2016-1000031) - United States,security-support,restricted,restricted,techqa-proxy-owner,techqa-p2-2026-07-18,hf://nvidia/TechQA-RAG-Eval/corpus/ibm10717023.txt,nvidia/TechQA-RAG-Eval,Apache-2.0,c74ce2a95b8b003438bc7197c7c8197fa01d467eaefabe078296da0c57df07e1
ibm10717031,"IBM Security Bulletin: IBM Sterling B2B Integrator Standard Edition is Vulnerable to Cross-site Scripting (CVE-2018-1563, CVE-2018-1513) - United States",security-support,restricted,restricted,techqa-proxy-owner,techqa-p2-2026-07-18,hf://nvidia/TechQA-RAG-Eval/corpus/ibm10717031.txt,nvidia/TechQA-RAG-Eval,Apache-2.0,38ad6383de939a74abdc2429353514155b7b36898639d4b1f467acbcebef1557
ibm10717197,IBM Instructions for installing IBM InfoSphere Information Server 11.7.0.1 Service Pack 1 - United States,engineering-support,internal,engineering,techqa-proxy-owner,techqa-p2-2026-07-18,hf://nvidia/TechQA-RAG-Eval/corpus/ibm10717197.txt,nvidia/TechQA-RAG-Eval,Apache-2.0,7443e21c22bc748c209051837376199252c4f97e1c48f252b83bd02ba037c939
ibm10717315,IBM Replgenstats Process - United States,operations-support,internal,operations,techqa-proxy-owner,techqa-p2-2026-07-18,hf://nvidia/TechQA-RAG-Eval/corpus/ibm10717315.txt,nvidia/TechQA-RAG-Eval,Apache-2.0,944cf3cd0699c27e3e4de13b527fb7366f7de3298808034bc8e67a4a1a80de63
ibm10717319,"IBM Security Bulletin: A security vulnerability has been identified in IBM WebSphere Application Server, which is shipped with, or a required product for, IBM Tivoli Netcool Configuration Manager (CVE-2015-0899). - United States",security-support,restricted,restricted,techqa-proxy-owner,techqa-p2-2026-07-18,hf://nvidia/TechQA-RAG-Eval/corpus/ibm10717319.txt,nvidia/TechQA-RAG-Eval,Apache-2.0,dba0923c7982808f757c4d68d9efffc7828f8d2096ca8ec9b55b4500055c6070
ibm10717327,"IBM Security Bulletin: A security vulnerability has been identified in IBM WebSphere Application Server, which is shipped with, or a required product for, IBM Tivoli Network Manager IP Edition (CVE-2012-5783). - United States",security-support,restricted,restricted,techqa-proxy-owner,techqa-p2-2026-07-18,hf://nvidia/TechQA-RAG-Eval/corpus/ibm10717327.txt,nvidia/TechQA-RAG-Eval,Apache-2.0,a3211317a2e518a7bff9a3534cfec53380d885e98f4db24549e01bce6b76842a
ibm10717329,"IBM Security Bulletin: A security vulnerability has been identified in IBM WebSphere Application Server, which is shipped with, or a required product for, IBM Tivoli Netcool Configuration Manager (CVE-2012-5783). - United States",security-support,restricted,restricted,techqa-proxy-owner,techqa-p2-2026-07-18,hf://nvidia/TechQA-RAG-Eval/corpus/ibm10717329.txt,nvidia/TechQA-RAG-Eval,Apache-2.0,71442811baa371ae4ce0ac51b59df4bae863156814e09a06098df3c9ee7f4818
ibm10717335,"IBM Security Bulletin: A security vulnerability has been identified in IBM WebSphere Application Server, which is a required product for IBM Tivoli Network Manager IP Edition (CVE-2018-1614). - United States",security-support,restricted,restricted,techqa-proxy-owner,techqa-p2-2026-07-18,hf://nvidia/TechQA-RAG-Eval/corpus/ibm10717335.txt,nvidia/TechQA-RAG-Eval,Apache-2.0,9df2bc9c94d1a1e4b659322766d45702bdf42e38479dd7ca9d656823130dc044
ibm10717337,"IBM Security Bulletin: A security vulnerability has been identified in IBM WebSphere Application Server, which is a required product for IBM Tivoli Netcool Configuration Manager (CVE-2018-1614). - United States",security-support,restricted,restricted,techqa-proxy-owner,techqa-p2-2026-07-18,hf://nvidia/TechQA-RAG-Eval/corpus/ibm10717337.txt,nvidia/TechQA-RAG-Eval,Apache-2.0,02022abc2c554d140242fde95428fdbbc3e93cf68dcd2e420653ecb9ab89d863
ibm10717345,"IBM Security Bulletin: A security vulnerability has been identified in IBM WebSphere Application Server, which is shipped with, or a required product for, IBM Tivoli Network Manager IP Edition (CVE-2018-1621). - United States",security-support,restricted,restricted,techqa-proxy-owner,techqa-p2-2026-07-18,hf://nvidia/TechQA-RAG-Eval/corpus/ibm10717345.txt,nvidia/TechQA-RAG-Eval,Apache-2.0,e463836148a132f7bc6a0e160e65c9a663ecaa96b3c7c9a3b08685a16e773e46
ibm10717395,IBM Incompatibility for AS2 between SB2BI 5020400 and SB2BI 5020600 using TLS 1.2 - United States,security-support,restricted,restricted,techqa-proxy-owner,techqa-p2-2026-07-18,hf://nvidia/TechQA-RAG-Eval/corpus/ibm10717395.txt,nvidia/TechQA-RAG-Eval,Apache-2.0,28ad2a838654d625f3e72e04820a2f9d276042d288454565d6e549e24856b043
ibm10717429,IBM Security Bulletin: IBM Integrated Management Module II (IMM2) is affected by vulnerabilities in GNU C Library - United States,security-support,restricted,restricted,techqa-proxy-owner,techqa-p2-2026-07-18,hf://nvidia/TechQA-RAG-Eval/corpus/ibm10717429.txt,nvidia/TechQA-RAG-Eval,Apache-2.0,a2eef20a10e9abad3959d18d7d8283432525aaeb8e2102b91b140ad4d607ca35
ibm10717485,IBM Security Bulletin: IBM Tivoli Netcool Impact is affected by open source vulnerabilities - United States,security-support,restricted,restricted,techqa-proxy-owner,techqa-p2-2026-07-18,hf://nvidia/TechQA-RAG-Eval/corpus/ibm10717485.txt,nvidia/TechQA-RAG-Eval,Apache-2.0,5f8ddc3e3746a2efbb719b2fcf27a74a9518618db37e39c19ab06ed4ca0119fe
ibm10717517,IBM Security Bulletin: IBM MQ Appliance affected by an OpenSSL vulnerability (CVE-2018-0739) - United States,security-support,restricted,restricted,techqa-proxy-owner,techqa-p2-2026-07-18,hf://nvidia/TechQA-RAG-Eval/corpus/ibm10717517.txt,nvidia/TechQA-RAG-Eval,Apache-2.0,5a50dd63b7c18dec87de71b6af4abdaf8186c00997f370d2e7543d0338292583
ibm10717551,IBM How to Add Confirmation Window when Cancelling Batch in Datacap Navigator - United States,engineering-support,internal,engineering,techqa-proxy-owner,techqa-p2-2026-07-18,hf://nvidia/TechQA-RAG-Eval/corpus/ibm10717551.txt,nvidia/TechQA-RAG-Eval,Apache-2.0,4ccc9190d01f7850f164498eaad11b801d8a1872c9f6a2aedcfdf1a73bbe9a72
ibm10717581,IBM How to recover when a space efficient storage controller runs out of space before Spectrum Virtualize (SVC) - United States,engineering-support,internal,engineering,techqa-proxy-owner,techqa-p2-2026-07-18,hf://nvidia/TechQA-RAG-Eval/corpus/ibm10717581.txt,nvidia/TechQA-RAG-Eval,Apache-2.0,9c71f588561e31f1427ddd3ae5d77ad9acf12ea0c8a11ee532a0c806f219fe07
ibm10717723,IBM WPA and S&P failures - United States,operations-support,internal,operations,techqa-proxy-owner,techqa-p2-2026-07-18,hf://nvidia/TechQA-RAG-Eval/corpus/ibm10717723.txt,nvidia/TechQA-RAG-Eval,Apache-2.0,4b4c8e32238a3ccc6096edec96228bb8d166391642bbe713ddd7a63cb80bc277
ibm10717789,IBM Operational Decision Manager Interim Fixes for V8.6 releases - United States,engineering-support,internal,engineering,techqa-proxy-owner,techqa-p2-2026-07-18,hf://nvidia/TechQA-RAG-Eval/corpus/ibm10717789.txt,nvidia/TechQA-RAG-Eval,Apache-2.0,25d02c3e4b85ee89b761b24e1a2e2c0236e6983407ecdb0a99fc510a276268cc
ibm10717805,IBM Operational Decision Manager Interim Fixes for V8.0 releases - United States,engineering-support,internal,engineering,techqa-proxy-owner,techqa-p2-2026-07-18,hf://nvidia/TechQA-RAG-Eval/corpus/ibm10717805.txt,nvidia/TechQA-RAG-Eval,Apache-2.0,12ee5ae3fc88a2b54c4a254a2608eaba71b243c5ad937ff1ef27368dc03ef7b0
ibm10717815,IBM Operational Decision Manager Interim Fixes for V7.5 releases - United States,engineering-support,internal,engineering,techqa-proxy-owner,techqa-p2-2026-07-18,hf://nvidia/TechQA-RAG-Eval/corpus/ibm10717815.txt,nvidia/TechQA-RAG-Eval,Apache-2.0,eb08daeb0092f674cf99ab3ff90dd64570998e4b8d26ace4c7113aba080cf352
ibm10717885,IBM How do I configure NLQ whitelist? - United States,engineering-support,internal,engineering,techqa-proxy-owner,techqa-p2-2026-07-18,hf://nvidia/TechQA-RAG-Eval/corpus/ibm10717885.txt,nvidia/TechQA-RAG-Eval,Apache-2.0,387526baea180c79b7e416f6738606c313e82ccb9c001aabd11cb561017270e8
ibm10717921,IBM Not able to edit reports if Internet Explorer 11 is used - United States,operations-support,internal,operations,techqa-proxy-owner,techqa-p2-2026-07-18,hf://nvidia/TechQA-RAG-Eval/corpus/ibm10717921.txt,nvidia/TechQA-RAG-Eval,Apache-2.0,02ef242271d1004cc0fe455eb93a58df98e1b75dad41b5d6537f2eecbc56fbdc
ibm10717929,IBM Security Bulletin: IBM MQ Appliance is affected by a kernel vulnerability (CVE-2014-2523) - United States,security-support,restricted,restricted,techqa-proxy-owner,techqa-p2-2026-07-18,hf://nvidia/TechQA-RAG-Eval/corpus/ibm10717929.txt,nvidia/TechQA-RAG-Eval,Apache-2.0,53a1f29115c1664342521171bce54f7fd3fb1c3d17309b2e51744bb71f89edc3
ibm10717939,IBM Security Bulletin: A security vulnerability has been identified in IBM WebSphere Application Server shipped with IBM Security Identity Manager(CVE-2018-1614). - United States,security-support,restricted,restricted,techqa-proxy-owner,techqa-p2-2026-07-18,hf://nvidia/TechQA-RAG-Eval/corpus/ibm10717939.txt,nvidia/TechQA-RAG-Eval,Apache-2.0,cfe35eefdd5eb0eee6fee9e50c3fae04b16572a03b91d334b8583c5d896f1154
ibm10717945,IBM Downloading IBM MQ Version 9.1.0 - United States,engineering-support,internal,engineering,techqa-proxy-owner,techqa-p2-2026-07-18,hf://nvidia/TechQA-RAG-Eval/corpus/ibm10717945.txt,nvidia/TechQA-RAG-Eval,Apache-2.0,130e06715d32fafc7f1adfc757df905859952867bb76b7fb8030db08b5705f3b
ibm10717973,IBM Warehouse Proxy Agent fails to connect to DB2 Database after restarting the agent - United States,operations-support,internal,operations,techqa-proxy-owner,techqa-p2-2026-07-18,hf://nvidia/TechQA-RAG-Eval/corpus/ibm10717973.txt,nvidia/TechQA-RAG-Eval,Apache-2.0,1d0c6f4d305b797135a466aee0c75a069a5b98302b36d68ed0e9602f6b7326c5
ibm10717975,IBM Security Bulletin: Vulnerabilities in OpenSSL affect IBM Flex System EN6131 40Gb Ethernet / IB6131 40Gb Infiniband Switch Firmware - United States,security-support,restricted,restricted,techqa-proxy-owner,techqa-p2-2026-07-18,hf://nvidia/TechQA-RAG-Eval/corpus/ibm10717975.txt,nvidia/TechQA-RAG-Eval,Apache-2.0,970815ddc127c7be19f22cf99abfb6aff10183ad42cf39cc16726e8f40d51104
ibm10717983,IBM SecureMain fails with error KCI1343E - United States,engineering-support,internal,engineering,techqa-proxy-owner,techqa-p2-2026-07-18,hf://nvidia/TechQA-RAG-Eval/corpus/ibm10717983.txt,nvidia/TechQA-RAG-Eval,Apache-2.0,d025b4bf3b4e23f35134e80ce0aded3391c2c551b31a6afafbcc175a85b14f61
ibm10717993,"IBM After executing the tacmd pdcollect, the Tivoli Enterprise Monitoring Server (TEMS) configuration file ms.config is modified - United States",engineering-support,internal,engineering,techqa-proxy-owner,techqa-p2-2026-07-18,hf://nvidia/TechQA-RAG-Eval/corpus/ibm10717993.txt,nvidia/TechQA-RAG-Eval,Apache-2.0,97ec43ff95efe2b1feccce2ce43426fe6612c84958a0e6122b1eb0e3b1811a18
ibm10717997,IBM Security Bulletin: Vulnerabilities in OpenSSL affect IBM Flex System EN6131 40Gb Ethernet / IB6131 40Gb Infiniband Switch Firmware - United States,security-support,restricted,restricted,techqa-proxy-owner,techqa-p2-2026-07-18,hf://nvidia/TechQA-RAG-Eval/corpus/ibm10717997.txt,nvidia/TechQA-RAG-Eval,Apache-2.0,1da30ad560c9abd8f1c5b11fedd11d518e5862338a1f5cdac8007cc7b890788c
ibm10718243,IBM Security Bulletin: Classloader Manipulation Vulnerability in IBM WebSphere Application Server (CVE-2014-0114) Does Not Affect IBM Security Key Lifecycle Manager - United States,security-support,restricted,restricted,techqa-proxy-owner,techqa-p2-2026-07-18,hf://nvidia/TechQA-RAG-Eval/corpus/ibm10718243.txt,nvidia/TechQA-RAG-Eval,Apache-2.0,346f47fca9a320e7655d9bc690b376343d668aa018d65083be399f7b6dc0aa25
ibm10718277,IBM Sampled Situation evaluation cycle - United States,operations-support,internal,operations,techqa-proxy-owner,techqa-p2-2026-07-18,hf://nvidia/TechQA-RAG-Eval/corpus/ibm10718277.txt,nvidia/TechQA-RAG-Eval,Apache-2.0,cce061985f5620f111a4b80e59bee3c49d41aa4b75c2a2cb242436368a783786
ibm10718297,IBM Security Bulletin: Multiple Vulnerabilities in IBM® Java SDK affects IBM WebSphere Application Server in IBM Cloud April 2018 CPU - United States,security-support,restricted,restricted,techqa-proxy-owner,techqa-p2-2026-07-18,hf://nvidia/TechQA-RAG-Eval/corpus/ibm10718297.txt,nvidia/TechQA-RAG-Eval,Apache-2.0,dcaccca69548e70fd39fb57518d10c448be5338cba0b8f79f3292ae97200dce1
ibm10718387,IBM How to download the security certificate from RHEVM server for RHEV 4.0 and later - United States,security-support,restricted,restricted,techqa-proxy-owner,techqa-p2-2026-07-18,hf://nvidia/TechQA-RAG-Eval/corpus/ibm10718387.txt,nvidia/TechQA-RAG-Eval,Apache-2.0,33dd763e9350bc5119c8ffa024606e69f037c2abda10d377b3839b446f016446
ibm10718419,"IBM Security Bulletin:  Vulnerability in IBM WebSphere Application Server Affects IBM Emptoris Sourcing, IBM Emptoris Contract Management, IBM Emptoris Spend Analysis, IBM Emptoris Program Management and IBM Emptoris Service Procurement (CVE-2017-1743) - United States",security-support,restricted,restricted,techqa-proxy-owner,techqa-p2-2026-07-18,hf://nvidia/TechQA-RAG-Eval/corpus/ibm10718419.txt,nvidia/TechQA-RAG-Eval,Apache-2.0,e4d64a195689d733769810f2d8e8017d50287b48185a08e1e7bfb07fe1af4e15
ibm10718437,IBM Security Directory Suite 801 - Troubleshooting topics - United States,security-support,restricted,restricted,techqa-proxy-owner,techqa-p2-2026-07-18,hf://nvidia/TechQA-RAG-Eval/corpus/ibm10718437.txt,nvidia/TechQA-RAG-Eval,Apache-2.0,120cf87789c4148687f339d79aec7af7d45f152fd79d8c519bb0ef18b00056be
ibm10718619,IBM How do I disable a TWS / IWS dynamic agent? - United States,operations-support,internal,operations,techqa-proxy-owner,techqa-p2-2026-07-18,hf://nvidia/TechQA-RAG-Eval/corpus/ibm10718619.txt,nvidia/TechQA-RAG-Eval,Apache-2.0,21278c975e7965bff3b1f744ad8d40cb112cda6f8bc6709c884694e59ea8c16c
ibm10718659,IBM Security Bulletin: IBM Flex System Chassis Management Module (CMM) is affected by vulnerabilties in GNU C Library - United States,security-support,restricted,restricted,techqa-proxy-owner,techqa-p2-2026-07-18,hf://nvidia/TechQA-RAG-Eval/corpus/ibm10718659.txt,nvidia/TechQA-RAG-Eval,Apache-2.0,1cc7fb8d09aa2dc7ff4e161f07c29d4097d9a8a23b6687ce748e98853f24051e
ibm10718719,IBM Datacap Interim Fix 005 hot fix 001readme file - United States,engineering-support,internal,engineering,techqa-proxy-owner,techqa-p2-2026-07-18,hf://nvidia/TechQA-RAG-Eval/corpus/ibm10718719.txt,nvidia/TechQA-RAG-Eval,Apache-2.0,417ea5e92c0b5bfbcda661a6a15babbe12aafb73e0619df0817ad300d39a08ee
ibm10718799,"IBM Security Bulletin: A security vulnerability has been identified in IBM WebSphere Application Server, which is shipped with, or a required product for, IBM Tivoli Netcool Configuration Manager (CVE-2018-1621). - United States",security-support,restricted,restricted,techqa-proxy-owner,techqa-p2-2026-07-18,hf://nvidia/TechQA-RAG-Eval/corpus/ibm10718799.txt,nvidia/TechQA-RAG-Eval,Apache-2.0,d8f8c8c0803a880e21c5a43f4600cf48a04e73c7118d60db694979502b331e0b
ibm10718801,IBM Security Bulletin: IBM Flex System Chassis Management Module (CMM) is affected by a vulnerabilty in GNU C Library (CVE-2017-12133) - United States,security-support,restricted,restricted,techqa-proxy-owner,techqa-p2-2026-07-18,hf://nvidia/TechQA-RAG-Eval/corpus/ibm10718801.txt,nvidia/TechQA-RAG-Eval,Apache-2.0,3915c4c1cdb84683a530752e653fcadb5673b28c85a38d4ded10979350a43b40
ibm10718851,IBM Security Bulletin: Multiple vulnerabilities in IBM Java Runtime affect IBM Security Directory Suite. - United States,security-support,restricted,restricted,techqa-proxy-owner,techqa-p2-2026-07-18,hf://nvidia/TechQA-RAG-Eval/corpus/ibm10718851.txt,nvidia/TechQA-RAG-Eval,Apache-2.0,f58693e7d01deac2f1aa36fce01f14b280107e802f6e32d78314134ad993833d
ibm10718857,IBM What commands can I run to find users or the administrator on my system? - United States,operations-support,internal,operations,techqa-proxy-owner,techqa-p2-2026-07-18,hf://nvidia/TechQA-RAG-Eval/corpus/ibm10718857.txt,nvidia/TechQA-RAG-Eval,Apache-2.0,b6aa20c09643e4c29fb89998a9a163aa4eb0764414a73a1d26e369ad66e6a979
ibm10718863,IBM Security Bulletin: Cross-site Scripting Vulnerability Affects IBM Sterling B2B Integrator Standard Edition (CVE-2018-1718) - United States,security-support,restricted,restricted,techqa-proxy-owner,techqa-p2-2026-07-18,hf://nvidia/TechQA-RAG-Eval/corpus/ibm10718863.txt,nvidia/TechQA-RAG-Eval,Apache-2.0,16c840262898d7ae74ffe238297c0cc2806529c15d4177ef160d04de498f71d6
ibm10718883,IBM LIM fails to start on Windows host with error OpenService(LIM) failed: Access is denied - United States,engineering-support,internal,engineering,techqa-proxy-owner,techqa-p2-2026-07-18,hf://nvidia/TechQA-RAG-Eval/corpus/ibm10718883.txt,nvidia/TechQA-RAG-Eval,Apache-2.0,6bb5863256c7805559e60df914acda1b1b39a7a36e60faa086962cb74dcd2d56
ibm10718959,IBM How to get detailed host information by host name? - United States,security-support,restricted,restricted,techqa-proxy-owner,techqa-p2-2026-07-18,hf://nvidia/TechQA-RAG-Eval/corpus/ibm10718959.txt,nvidia/TechQA-RAG-Eval,Apache-2.0,f7cc40915855ce1b15fbd8371d852b2490808468bf761870681899e46a0084ff
ibm10718965,IBM How to get detailed queue information by queue name? - United States,security-support,restricted,restricted,techqa-proxy-owner,techqa-p2-2026-07-18,hf://nvidia/TechQA-RAG-Eval/corpus/ibm10718965.txt,nvidia/TechQA-RAG-Eval,Apache-2.0,0e161425d92400d89cd2600f66340eb50ee2ae434d4b0263596c656134089387
ibm10718975,IBM Tivoli Monitoring 6 JRE Update (6.X.X-TIV-ITM_JRE_TEP-20180726 ) - United States,security-support,restricted,restricted,techqa-proxy-owner,techqa-p2-2026-07-18,hf://nvidia/TechQA-RAG-Eval/corpus/ibm10718975.txt,nvidia/TechQA-RAG-Eval,Apache-2.0,b6bb3c4a9dd9e0ae2e0135da0450f9299cee9162295cdb67e745bb72691cc72a
ibm10718991,IBM Security Bulletin: IBM BladeCenter Advanced Management Module (AMM) is affected by a vulnerability in GNU C Library (CVE-2017-12133) - United States,security-support,restricted,restricted,techqa-proxy-owner,techqa-p2-2026-07-18,hf://nvidia/TechQA-RAG-Eval/corpus/ibm10718991.txt,nvidia/TechQA-RAG-Eval,Apache-2.0,95f36aa16b074b6192505599ffc2c9ca762d00bc3d8560b1758b28e546129fc1
ibm10719047,IBM Security Bulletin: IBM BladeCenter Advanced Management Module (AMM) is affected by vulnerabilities in GNU C Library - United States,security-support,restricted,restricted,techqa-proxy-owner,techqa-p2-2026-07-18,hf://nvidia/TechQA-RAG-Eval/corpus/ibm10719047.txt,nvidia/TechQA-RAG-Eval,Apache-2.0,81da06ee85f1a1efc4ecc78226e661b0f5831ae5947ed642e058ee8e49dd82c0
ibm10719115,IBM Security Bulletin: Multiple vulnerabilities in IBM Java SDK and IBM Java Runtime affect IBM QRadar SIEM - United States,security-support,restricted,restricted,techqa-proxy-owner,techqa-p2-2026-07-18,hf://nvidia/TechQA-RAG-Eval/corpus/ibm10719115.txt,nvidia/TechQA-RAG-Eval,Apache-2.0,1214e6917b282c2fce934593de4dc0d729faef40225174f3f79c80ac5c9ea976
ibm10719177,"IBM 9.5.1.8: UI57475, UI57476, UI57477 and UI57503 PTFs for Rational Developer for z Systems Host Utilities - United States",engineering-support,internal,engineering,techqa-proxy-owner,techqa-p2-2026-07-18,hf://nvidia/TechQA-RAG-Eval/corpus/ibm10719177.txt,nvidia/TechQA-RAG-Eval,Apache-2.0,76ee1e670ce8d85e1acc469d5f0b5a800ea8579151b9ff83c001e84f42550cba
ibm10719211,"IBM Security Bulletin: Vulnerability in IBM WebSphere Application Server Affects IBM Emptoris Sourcing, IBM Emptoris Contract Management, IBM Emptoris Spend Analysis, IBM Emptoris Program Management and IBM Emptoris Service Procurement (CVE-2018-1614) - United States",security-support,restricted,restricted,techqa-proxy-owner,techqa-p2-2026-07-18,hf://nvidia/TechQA-RAG-Eval/corpus/ibm10719211.txt,nvidia/TechQA-RAG-Eval,Apache-2.0,b92bd1400d96d3210767e8eccc7f68c033201116d5166dfac514df598f293b90
ibm10719217,"IBM Behavior of white spaces in char, nchar and nvarchar columns when running ""create external table"" in Netezza - United States",operations-support,internal,operations,techqa-proxy-owner,techqa-p2-2026-07-18,hf://nvidia/TechQA-RAG-Eval/corpus/ibm10719217.txt,nvidia/TechQA-RAG-Eval,Apache-2.0,8ea579dd452940f01c7df81760c7c90b74b94e4062a15305c059f9540aab4d02
ibm10719249,IBM Changes Planned for IBM Order Management 18.next - United States,engineering-support,internal,engineering,techqa-proxy-owner,techqa-p2-2026-07-18,hf://nvidia/TechQA-RAG-Eval/corpus/ibm10719249.txt,nvidia/TechQA-RAG-Eval,Apache-2.0,14f02458e4111807db4892525021ed4d2141599e8a92358ec11923468243eed5
ibm10719321,IBM Encrypt the internal perimeter server connection? - United States,security-support,restricted,restricted,techqa-proxy-owner,techqa-p2-2026-07-18,hf://nvidia/TechQA-RAG-Eval/corpus/ibm10719321.txt,nvidia/TechQA-RAG-Eval,Apache-2.0,2e82ef4cd6e327a791108739010c77aa74b7b7b8fac444f415b0bbeaf4bc4f78
ibm10719403,"IBM Error ""org.xml.sax.SAXParseException: An invalid XML character (Unicode: 0x1f) was found in the element content of the document"" importing artifacts using the RQM Excel Import Utility - United States",operations-support,internal,operations,techqa-proxy-owner,techqa-p2-2026-07-18,hf://nvidia/TechQA-RAG-Eval/corpus/ibm10719403.txt,nvidia/TechQA-RAG-Eval,Apache-2.0,a3c3a29bbc65271102d042197b7a82cf82c4d2ef69c4493cda020f04b022bf81
ibm10719413,IBM Security Bulletin: IBM Security Identity Manager is affected by an Apache vulnerability. - United States,security-support,restricted,restricted,techqa-proxy-owner,techqa-p2-2026-07-18,hf://nvidia/TechQA-RAG-Eval/corpus/ibm10719413.txt,nvidia/TechQA-RAG-Eval,Apache-2.0,0d627e3570818d084d846de7272ef80ad6253df6728a5e3aa1395ddb6f040822
ibm10719469,IBM Security Bulletin: A security vulnerability has been identified in IBM WebSphere Application Server shipped with IBM Tivoli Access Manager for e-business and IBM Security Access Manager software releases (CVE-2018-1614) - United States,security-support,restricted,restricted,techqa-proxy-owner,techqa-p2-2026-07-18,hf://nvidia/TechQA-RAG-Eval/corpus/ibm10719469.txt,nvidia/TechQA-RAG-Eval,Apache-2.0,9dbc241dfe4a189e719d30000726560501a49d75394928aaefd13c526835cb07
ibm10725873,IBM Behavioural changes to MQ client connections introduced by APAR IT25839 - United States,security-support,restricted,restricted,techqa-proxy-owner,techqa-p2-2026-07-18,hf://nvidia/TechQA-RAG-Eval/corpus/ibm10725873.txt,nvidia/TechQA-RAG-Eval,Apache-2.0,f675ef77a7656da5872f3f162c601e742b9e65f9182c32a8e85a8a4ae6735d99
ibm10728207,IBM Unable to retrieve Dynamic Agent (DA) history joblog and get error AWSBIN079E from DWC - United States,engineering-support,internal,engineering,techqa-proxy-owner,techqa-p2-2026-07-18,hf://nvidia/TechQA-RAG-Eval/corpus/ibm10728207.txt,nvidia/TechQA-RAG-Eval,Apache-2.0,9038519fa90cf90f4e101991eb36a699ae5c3f0304f274441fda7e42e72d5a00
isg1IJ08633,IBM IJ08633: ADAPTER FIRMWARE UPGRADE COULD FAIL W/ FCA_ERR6 AND SENSE 518 - United States,engineering-support,internal,engineering,techqa-proxy-owner,techqa-p2-2026-07-18,hf://nvidia/TechQA-RAG-Eval/corpus/isg1IJ08633.txt,nvidia/TechQA-RAG-Eval,Apache-2.0,f0c090a56a994f45cb6208ceadd573d8596d290e8a4e14850067d1438af90908
isg1IJ08641,IBM IJ08641: ADAPTER FIRMWARE UPGRADE COULD FAIL W/ FCA_ERR6 AND SENSE 518 - United States,engineering-support,internal,engineering,techqa-proxy-owner,techqa-p2-2026-07-18,hf://nvidia/TechQA-RAG-Eval/corpus/isg1IJ08641.txt,nvidia/TechQA-RAG-Eval,Apache-2.0,7f93142ed336081564524db559e92ff0fa3e772eb6da59691d90021d3d441ff4
isg1LI80059,IBM LI80059: TLS V1.1 and V1.2 needed with IBM Wave connection to LDAP. - United States,operations-support,internal,operations,techqa-proxy-owner,techqa-p2-2026-07-18,hf://nvidia/TechQA-RAG-Eval/corpus/isg1LI80059.txt,nvidia/TechQA-RAG-Eval,Apache-2.0,99d65e2dcc512885267ef83896d0f4d4dfb304a9bb8df1b9d2e0e8c08cfa5da2
isg1OA55196,IBM OA55196: EF OPENPGP LIST COMMAND CAN NOT DISPLAY AN IMPORTED CERTIFICATE - United States,security-support,restricted,restricted,techqa-proxy-owner,techqa-p2-2026-07-18,hf://nvidia/TechQA-RAG-Eval/corpus/isg1OA55196.txt,nvidia/TechQA-RAG-Eval,Apache-2.0,7cdf6c89ef38cdea9f7ba519fcefa0015e206b88c3734ac02006e7d6a4c27dcd
isg1OA55576,IBM OA55576: SYSTEM SSL NEEDS TO CONVERT BLANKS TO %20 IN THE URI WHEN SEARCHING FOR CRLS - United States,security-support,restricted,restricted,techqa-proxy-owner,techqa-p2-2026-07-18,hf://nvidia/TechQA-RAG-Eval/corpus/isg1OA55576.txt,nvidia/TechQA-RAG-Eval,Apache-2.0,dfca6a03e5060a6df10cce7ad2083700fe9817812375547948ccbed2d66aead0
isg1OA55708,IBM OA55708: CLIENT CONNECTIONS MAY FAIL WHEN COMPRESSION IS ENABLED ON THE REMOTE SERVER - United States,operations-support,internal,operations,techqa-proxy-owner,techqa-p2-2026-07-18,hf://nvidia/TechQA-RAG-Eval/corpus/isg1OA55708.txt,nvidia/TechQA-RAG-Eval,Apache-2.0,9994c81877c4ed48e8fd7a94c4224ca37fe297899d56655509a96cd295b40248
isg3S1000126,IBM Small index CI size - United States,operations-support,internal,operations,techqa-proxy-owner,techqa-p2-2026-07-18,hf://nvidia/TechQA-RAG-Eval/corpus/isg3S1000126.txt,nvidia/TechQA-RAG-Eval,Apache-2.0,57cc62219e81f5de383b70d9189a445056adb117c2357c91e45d40a834264955
isg3S1000613,IBM IDCAMS DEFINE using RECORDS results in excessive extents. - United States,operations-support,internal,operations,techqa-proxy-owner,techqa-p2-2026-07-18,hf://nvidia/TechQA-RAG-Eval/corpus/isg3S1000613.txt,nvidia/TechQA-RAG-Eval,Apache-2.0,b0a3a6789b0ecd2e25816498667a7b1b9a43283c5e5f314dfaee7d7a604a8999
isg3S1001433,"IBM EDG2227I During EDGHSKP with VRSEL,VERIFY When Chaining from a Volume-type VRS - United States",operations-support,internal,operations,techqa-proxy-owner,techqa-p2-2026-07-18,hf://nvidia/TechQA-RAG-Eval/corpus/isg3S1001433.txt,nvidia/TechQA-RAG-Eval,Apache-2.0,892bd521a2b431051685c1ed452ed9f85bdf4aca566e6c2f0a6757a364b5d9ff
isg3S1001435,IBM PENDING Volumes Not Returning to SCRATCH - United States,operations-support,internal,operations,techqa-proxy-owner,techqa-p2-2026-07-18,hf://nvidia/TechQA-RAG-Eval/corpus/isg3S1001435.txt,nvidia/TechQA-RAG-Eval,Apache-2.0,595a59d55f65f369f355150349fb1a109a80c5267cb9cbbb7b60fb74ff9f30f2
isg3S1001451,IBM MSGIEC161I 002(00000014 0000EE01 00000000 00000000) or VSAM ERROR. RETURN CODE = 08   ERROR CODE = 135(X'87') when attempting to open a VSAM data set - United States,operations-support,internal,operations,techqa-proxy-owner,techqa-p2-2026-07-18,hf://nvidia/TechQA-RAG-Eval/corpus/isg3S1001451.txt,nvidia/TechQA-RAG-Eval,Apache-2.0,5b87386852fe4430617e2129efc3c9c66a0bc9474bd24fad56d960c8d9a302ab
isg3T1000145,IBM About Sparse Files - United States,engineering-support,internal,engineering,techqa-proxy-owner,techqa-p2-2026-07-18,hf://nvidia/TechQA-RAG-Eval/corpus/isg3T1000145.txt,nvidia/TechQA-RAG-Eval,Apache-2.0,708e78fdb6ef7b4422f98a312c1b6b4119e3a7edf9ccd1af92df9e6f6edc8eaa
isg3T1000166,IBM How a Print Job Flows Through a Print Queue - United States,operations-support,internal,operations,techqa-proxy-owner,techqa-p2-2026-07-18,hf://nvidia/TechQA-RAG-Eval/corpus/isg3T1000166.txt,nvidia/TechQA-RAG-Eval,Apache-2.0,e5ef64cff25bdcfb1ed6346e9ea990b108c6a8ac67ec4f66ba28bd899e496efd
isg3T1000252,IBM Managing the Time Zone Variable (POSIX) - United States,engineering-support,internal,engineering,techqa-proxy-owner,techqa-p2-2026-07-18,hf://nvidia/TechQA-RAG-Eval/corpus/isg3T1000252.txt,nvidia/TechQA-RAG-Eval,Apache-2.0,0b07038c370b714b3545d8cd2fbf58594d3d3853c832848056e146eebeef7593
isg3T1000260,IBM Example Shell AIX Printer Backend Program - United States,operations-support,internal,operations,techqa-proxy-owner,techqa-p2-2026-07-18,hf://nvidia/TechQA-RAG-Eval/corpus/isg3T1000260.txt,nvidia/TechQA-RAG-Eval,Apache-2.0,fa692ca5899e16e0d65dc4019d32d985a0b5089666ae79dffb3a1b49e490ea58
isg3T1000444,IBM Deinstalling HACMP Software - United States,engineering-support,internal,engineering,techqa-proxy-owner,techqa-p2-2026-07-18,hf://nvidia/TechQA-RAG-Eval/corpus/isg3T1000444.txt,nvidia/TechQA-RAG-Eval,Apache-2.0,b5d8deace91ff33403a2369190c1a519add8eb37e26b68328a48db3bf221dd7a
isg3T1010412,IBM GIM38201E (MODID ERROR) Messages During SMP/E APPLY Processing - United States,engineering-support,internal,engineering,techqa-proxy-owner,techqa-p2-2026-07-18,hf://nvidia/TechQA-RAG-Eval/corpus/isg3T1010412.txt,nvidia/TechQA-RAG-Eval,Apache-2.0,77f42d71a6f16ca8b7eee950c0497213c2ef80d49430b074d2780ac557d90b55
isg3T1010686,IBM How to delete a volume without the Library or TCDB - United States,operations-support,internal,operations,techqa-proxy-owner,techqa-p2-2026-07-18,hf://nvidia/TechQA-RAG-Eval/corpus/isg3T1010686.txt,nvidia/TechQA-RAG-Eval,Apache-2.0,ed1279f096a1f63a6929beed88977c368499fff1a43d60e92eb0dde3c8e41a19
isg3T1010756,IBM Move a Symmetric key for EKM from one keystore to another. - United States,security-support,restricted,restricted,techqa-proxy-owner,techqa-p2-2026-07-18,hf://nvidia/TechQA-RAG-Eval/corpus/isg3T1010756.txt,nvidia/TechQA-RAG-Eval,Apache-2.0,3d2e8438f37afa2253eb63cb8133f0f5cf7e6c08b03babcba03f462bd6a33d16
isg3T1010866,IBM RMC performs idle shutdown of RMC daemons at RSCT v2.4.8.0 and above - United States,engineering-support,internal,engineering,techqa-proxy-owner,techqa-p2-2026-07-18,hf://nvidia/TechQA-RAG-Eval/corpus/isg3T1010866.txt,nvidia/TechQA-RAG-Eval,Apache-2.0,1e6b628a2385d779c7aead3b9efea3510d80c23f29e891044870ada941d8bb4a
isg3T1010925,IBM How to configure network caching daemon (netcd) to cache DNS answers - United States,engineering-support,internal,engineering,techqa-proxy-owner,techqa-p2-2026-07-18,hf://nvidia/TechQA-RAG-Eval/corpus/isg3T1010925.txt,nvidia/TechQA-RAG-Eval,Apache-2.0,c984aaf51c42b02739f993e0a435f724f92087d802b6d03ed18cf936400de007
isg3T1010931,IBM Issues opening files in CIO or DIO mode - United States,engineering-support,internal,engineering,techqa-proxy-owner,techqa-p2-2026-07-18,hf://nvidia/TechQA-RAG-Eval/corpus/isg3T1010931.txt,nvidia/TechQA-RAG-Eval,Apache-2.0,82ae1624462cd6ad442e6310becc1d037df4e44c78aa4b2bfc0701ac6bfa742d
isg3T1011035,IBM Detailed description of all the files that make up a Virtual Machine - United States,engineering-support,internal,engineering,techqa-proxy-owner,techqa-p2-2026-07-18,hf://nvidia/TechQA-RAG-Eval/corpus/isg3T1011035.txt,nvidia/TechQA-RAG-Eval,Apache-2.0,c74f169cbfa29b1f53214c7ada323f0c9f6001f9d18d047235d82f29faf718ed
isg3T1011063,IBM Delayed SEA Failover - United States,engineering-support,internal,engineering,techqa-proxy-owner,techqa-p2-2026-07-18,hf://nvidia/TechQA-RAG-Eval/corpus/isg3T1011063.txt,nvidia/TechQA-RAG-Eval,Apache-2.0,f3ab45fab91f475749eb598f26f29f5a08a86740f02ce7cbb278b61cb7ad6edd
isg3T1011064,IBM Prevent SEA Broadcast or Network Storms - United States,engineering-support,internal,engineering,techqa-proxy-owner,techqa-p2-2026-07-18,hf://nvidia/TechQA-RAG-Eval/corpus/isg3T1011064.txt,nvidia/TechQA-RAG-Eval,Apache-2.0,38edae72a4d2123b18743a707bdbe0eb2c62da308430f737e39fbcda8c6f6bbe
isg3T1011153,IBM Using Secure Shell login for the Common Desktop Environment - United States,engineering-support,internal,engineering,techqa-proxy-owner,techqa-p2-2026-07-18,hf://nvidia/TechQA-RAG-Eval/corpus/isg3T1011153.txt,nvidia/TechQA-RAG-Eval,Apache-2.0,b02fcbeb77a3d59a7027ec65a7bd0badc69d4d1cf44c159e44391084b638f239
isg3T1011160,IBM Configuring Hostbased Authentication with ssh. - United States,security-support,restricted,restricted,techqa-proxy-owner,techqa-p2-2026-07-18,hf://nvidia/TechQA-RAG-Eval/corpus/isg3T1011160.txt,nvidia/TechQA-RAG-Eval,Apache-2.0,4449dad78de197288a25c6f84e6e23d3a7c54df2a2f79403ecdf61d773364932
isg3T1011165,IBM zFS aggregate mount failure EF096058.  zFS aggregate IOEAGFMT failure IOEZ00075E  EF17626B - United States,operations-support,internal,operations,techqa-proxy-owner,techqa-p2-2026-07-18,hf://nvidia/TechQA-RAG-Eval/corpus/isg3T1011165.txt,nvidia/TechQA-RAG-Eval,Apache-2.0,4db765b2ded4cc38e3b217070fc949abeb0c40ccc86bc828ac73753acad00544
isg3T1011642,IBM EDG6824I VOLUME xxxxxx IS IN VOLUME CATALOG ERROR STATUS xxxx - United States,engineering-support,internal,engineering,techqa-proxy-owner,techqa-p2-2026-07-18,hf://nvidia/TechQA-RAG-Eval/corpus/isg3T1011642.txt,nvidia/TechQA-RAG-Eval,Apache-2.0,4d8629ebb0deb00da7ba734af913688a3a1a8e7e7a8af2919f43a8f360d34dc7
isg3T1011714,IBM Change Media Speed of a Host Ethernet Adapter - United States,engineering-support,internal,engineering,techqa-proxy-owner,techqa-p2-2026-07-18,hf://nvidia/TechQA-RAG-Eval/corpus/isg3T1011714.txt,nvidia/TechQA-RAG-Eval,Apache-2.0,3f1d057f2444a6969079d83a144999e5d73f3669ef9c65ba243b9f1466f11560
isg3T1011826,IBM How to modify a value in the default LDAP entry - United States,security-support,restricted,restricted,techqa-proxy-owner,techqa-p2-2026-07-18,hf://nvidia/TechQA-RAG-Eval/corpus/isg3T1011826.txt,nvidia/TechQA-RAG-Eval,Apache-2.0,da8d07c110e7f05a0cea74480cdadf2dec5d8a428b439fd724958978edddd105
isg3T1011829,IBM Capturing Debug Install/Restore Output - United States,engineering-support,internal,engineering,techqa-proxy-owner,techqa-p2-2026-07-18,hf://nvidia/TechQA-RAG-Eval/corpus/isg3T1011829.txt,nvidia/TechQA-RAG-Eval,Apache-2.0,18577655fc46246612295696c775bed21fcf64ea56245118948e5e442e62343d
isg3T1011910,IBM The Supported Methods to Test SEA Failover? - United States,operations-support,internal,operations,techqa-proxy-owner,techqa-p2-2026-07-18,hf://nvidia/TechQA-RAG-Eval/corpus/isg3T1011910.txt,nvidia/TechQA-RAG-Eval,Apache-2.0,1f8d9875202f72ab48c8cb22ff37f5598736f8e179ad1b93cf2926d59226ab4f
isg3T1011956,IBM MustGather:  Data collection for Hang or Performance related issues on AIX® - United States,operations-support,internal,operations,techqa-proxy-owner,techqa-p2-2026-07-18,hf://nvidia/TechQA-RAG-Eval/corpus/isg3T1011956.txt,nvidia/TechQA-RAG-Eval,Apache-2.0,cb51707845d256538123169f32bd4b7bf80a8f9eac9c55f36a941acee585f93b
isg3T1011970,IBM How to Use a Restricted Shell - United StatesHow to Use a Restricted Shell,security-support,restricted,restricted,techqa-proxy-owner,techqa-p2-2026-07-18,hf://nvidia/TechQA-RAG-Eval/corpus/isg3T1011970.txt,nvidia/TechQA-RAG-Eval,Apache-2.0,d26930f23fde55654153a4e9dc7298c4a147cdcc22cecaa4a4a2b9069e9688ea
isg3T1012280,IBM Step by Step Instruction on: How to Enable Distributed Power Management (DPM) - United States,engineering-support,internal,engineering,techqa-proxy-owner,techqa-p2-2026-07-18,hf://nvidia/TechQA-RAG-Eval/corpus/isg3T1012280.txt,nvidia/TechQA-RAG-Eval,Apache-2.0,ee38b133989a2f6a75c1f7c42c4998655f9616623b0f48e07d62013f352c55b1
isg3T1012390,IBM Upgrading or restoring HMC Version 7 - United States,engineering-support,internal,engineering,techqa-proxy-owner,techqa-p2-2026-07-18,hf://nvidia/TechQA-RAG-Eval/corpus/isg3T1012390.txt,nvidia/TechQA-RAG-Eval,Apache-2.0,14cefe88e0169b2e630b63e25e96c32636fe63202155e056f9e9445f767b0928
isg3T1012457,IBM RSH - permission denied - United States,operations-support,internal,operations,techqa-proxy-owner,techqa-p2-2026-07-18,hf://nvidia/TechQA-RAG-Eval/corpus/isg3T1012457.txt,nvidia/TechQA-RAG-Eval,Apache-2.0,8510f1363b3fe565b9b1e4e2f5e146e7ef2907af97e4fb951ca0b0b4b3cf5822
isg3T1012515,IBM How to configure LDAPA (LDAP authentication only mode) - United States,security-support,restricted,restricted,techqa-proxy-owner,techqa-p2-2026-07-18,hf://nvidia/TechQA-RAG-Eval/corpus/isg3T1012515.txt,nvidia/TechQA-RAG-Eval,Apache-2.0,c9767031958b0e8ea69c3af599a6565b3e21296629b68fb34b8fd4744870dfb7
isg3T1012558,IBM Command Line On The HMC - United States,engineering-support,internal,engineering,techqa-proxy-owner,techqa-p2-2026-07-18,hf://nvidia/TechQA-RAG-Eval/corpus/isg3T1012558.txt,nvidia/TechQA-RAG-Eval,Apache-2.0,34c93f2b6e5210ec440b2b903d388b688e8dbbda7416446251f63fd556524903
isg3T1012575,IBM Example of an Enhanced Concurrent Volume Group - United States,operations-support,internal,operations,techqa-proxy-owner,techqa-p2-2026-07-18,hf://nvidia/TechQA-RAG-Eval/corpus/isg3T1012575.txt,nvidia/TechQA-RAG-Eval,Apache-2.0,034d17f8ae66284e87a50c653406017b585b675348f33147b5a74a6a98bf71c9
isg3T1012709,IBM Unable to use the logout command to terminate all processes in a user's ssh session when exiting. - United States,operations-support,internal,operations,techqa-proxy-owner,techqa-p2-2026-07-18,hf://nvidia/TechQA-RAG-Eval/corpus/isg3T1012709.txt,nvidia/TechQA-RAG-Eval,Apache-2.0,3449af8886e1bd854ae860aae5996b9c1c18367461af64493704473cb6cd663a
isg3T1012923,IBM Installing  openssh 5.8 - United States,security-support,restricted,restricted,techqa-proxy-owner,techqa-p2-2026-07-18,hf://nvidia/TechQA-RAG-Eval/corpus/isg3T1012923.txt,nvidia/TechQA-RAG-Eval,Apache-2.0,925a4aa719df373b703138c63d55bb02e59e490d352646d45f877984d40839f8
isg3T1012941,IBM SEA Failover flapping on backup SEA - United States,engineering-support,internal,engineering,techqa-proxy-owner,techqa-p2-2026-07-18,hf://nvidia/TechQA-RAG-Eval/corpus/isg3T1012941.txt,nvidia/TechQA-RAG-Eval,Apache-2.0,a2d2db82baf817cc16f5cd0ae251a47f8ed59e0537714f10b4be0d7b1f477488
isg3T1013013,IBM NFS z/OS Server ls issue with MVS Datasets mounted via NFS Client (Linux) - United States,operations-support,internal,operations,techqa-proxy-owner,techqa-p2-2026-07-18,hf://nvidia/TechQA-RAG-Eval/corpus/isg3T1013013.txt,nvidia/TechQA-RAG-Eval,Apache-2.0,2a432e5908e7cf62228c9175bd5dec93b5fa27ff1270200abff8771c06d4deca
isg3T1013025,IBM DB2 Administrative Task Scheduler Recycle Question - United States,operations-support,internal,operations,techqa-proxy-owner,techqa-p2-2026-07-18,hf://nvidia/TechQA-RAG-Eval/corpus/isg3T1013025.txt,nvidia/TechQA-RAG-Eval,Apache-2.0,76d3f7af3f02803c0b5ece31da9a754291d1524ba3074571b6b353bf707237f8
isg3T1013119,IBM Verify license upgrade - United States,engineering-support,internal,engineering,techqa-proxy-owner,techqa-p2-2026-07-18,hf://nvidia/TechQA-RAG-Eval/corpus/isg3T1013119.txt,nvidia/TechQA-RAG-Eval,Apache-2.0,37e8a287dce90e4cf6ef77df27c66b322c5a0321bd942c9707a648e52829a354
isg3T1013139,IBM How can I find my CSN number? - United States,operations-support,internal,operations,techqa-proxy-owner,techqa-p2-2026-07-18,hf://nvidia/TechQA-RAG-Eval/corpus/isg3T1013139.txt,nvidia/TechQA-RAG-Eval,Apache-2.0,2dfb4f7a919f5b50fcbc15f451ca5f03951b23a1fe337029a5bcad815dff680c
isg3T1013341,IBM Maximun length of project name in job submission - United States,operations-support,internal,operations,techqa-proxy-owner,techqa-p2-2026-07-18,hf://nvidia/TechQA-RAG-Eval/corpus/isg3T1013341.txt,nvidia/TechQA-RAG-Eval,Apache-2.0,cf94f9ff6c5923c57e64ef4787ec8bbcde566d68a2ed526abe671ab5a47bca57
isg3T1013584,IBM How do I configure shared resources and how do I use them? - United States,engineering-support,internal,engineering,techqa-proxy-owner,techqa-p2-2026-07-18,hf://nvidia/TechQA-RAG-Eval/corpus/isg3T1013584.txt,nvidia/TechQA-RAG-Eval,Apache-2.0,e771bc04d984633583bd754de13300999c824ff21ef560e411036da9448cdaf1
isg3T1013597,IBM How do I change resource preemption to License Maximizer? - United States,operations-support,internal,operations,techqa-proxy-owner,techqa-p2-2026-07-18,hf://nvidia/TechQA-RAG-Eval/corpus/isg3T1013597.txt,nvidia/TechQA-RAG-Eval,Apache-2.0,852510157c311686e561a37f5ecbd3bc7109fd5e61347ea624dd3d967e6df089
isg3T1013617,IBM Where can I find more information on the decay computation for fairshare? - United States,engineering-support,internal,engineering,techqa-proxy-owner,techqa-p2-2026-07-18,hf://nvidia/TechQA-RAG-Eval/corpus/isg3T1013617.txt,nvidia/TechQA-RAG-Eval,Apache-2.0,b6cfa99db45296ec83f292d18544f5c8485d7b82c0d25545c8876a65db3d5cca
isg3T1013618,IBM How do I preserve all the queued jobs? - United States,engineering-support,internal,engineering,techqa-proxy-owner,techqa-p2-2026-07-18,hf://nvidia/TechQA-RAG-Eval/corpus/isg3T1013618.txt,nvidia/TechQA-RAG-Eval,Apache-2.0,da439a075d1bfd4aed8f9575944650a23ff75e40e53385b1d4350ffc09793598
isg3T1013620,IBM Why do my jobs stuck pending for a long time? - United States,operations-support,internal,operations,techqa-proxy-owner,techqa-p2-2026-07-18,hf://nvidia/TechQA-RAG-Eval/corpus/isg3T1013620.txt,nvidia/TechQA-RAG-Eval,Apache-2.0,dca9c6ac85318525c2440d76075ad9d5b5380f7782530541b556ae9cc75759ad
isg3T1013634,IBM Which configuration can make all users have the same priority in FAIRSHARE? - United States,engineering-support,internal,engineering,techqa-proxy-owner,techqa-p2-2026-07-18,hf://nvidia/TechQA-RAG-Eval/corpus/isg3T1013634.txt,nvidia/TechQA-RAG-Eval,Apache-2.0,bc1b8cbdf54e8a9d191b6aaf494d7b9bbc544f9eb9ed2151fe658e61d235aa3c
isg3T1013642,IBM How do I configure fair sharing among queues? - United States,engineering-support,internal,engineering,techqa-proxy-owner,techqa-p2-2026-07-18,hf://nvidia/TechQA-RAG-Eval/corpus/isg3T1013642.txt,nvidia/TechQA-RAG-Eval,Apache-2.0,24481cebf1b6bd6bc9b619d802f35e7b7b8ddc5dee9135cc3b2c3177b95f13b0
isg3T1013645,IBM Job is killed by some unknown signal or unknown reason - United States,operations-support,internal,operations,techqa-proxy-owner,techqa-p2-2026-07-18,hf://nvidia/TechQA-RAG-Eval/corpus/isg3T1013645.txt,nvidia/TechQA-RAG-Eval,Apache-2.0,423b3d4c3178f1661194c19b85eb374d236319668ad34ca54cb652746b9ab3cd
isg3T1013669,IBM How do I switch from a demo license to a permanent license? - United States,engineering-support,internal,engineering,techqa-proxy-owner,techqa-p2-2026-07-18,hf://nvidia/TechQA-RAG-Eval/corpus/isg3T1013669.txt,nvidia/TechQA-RAG-Eval,Apache-2.0,0945726c46dfbb1785590fc7c1581e6c83f2c79849f6b540c18cf8d033b0e549
isg3T1013681,IBM How do I run a job exclusively on one host? - United States,operations-support,internal,operations,techqa-proxy-owner,techqa-p2-2026-07-18,hf://nvidia/TechQA-RAG-Eval/corpus/isg3T1013681.txt,nvidia/TechQA-RAG-Eval,Apache-2.0,da12a7550bac55c49f8cdb40decb5e163b8c0e32456d4e7b3694e2d0a61b69ae
isg3T1013737,IBM How do I account for cached memory on Tru64 in LIM? - United States,operations-support,internal,operations,techqa-proxy-owner,techqa-p2-2026-07-18,hf://nvidia/TechQA-RAG-Eval/corpus/isg3T1013737.txt,nvidia/TechQA-RAG-Eval,Apache-2.0,f34583c8a0958f6e5fe68a734de56355b073701ad2ccfa5bd0d462d4ae6e69e7
isg3T1013764,IBM How do I configure mbatchd multithreading? - United States,engineering-support,internal,engineering,techqa-proxy-owner,techqa-p2-2026-07-18,hf://nvidia/TechQA-RAG-Eval/corpus/isg3T1013764.txt,nvidia/TechQA-RAG-Eval,Apache-2.0,11dd7d29cfbc6efd5d23a3ec8187c4f791e2d38c8418874729588655ca996a6a
isg3T1013790,IBM Where can I obtain a temporary support license key? - United States,operations-support,internal,operations,techqa-proxy-owner,techqa-p2-2026-07-18,hf://nvidia/TechQA-RAG-Eval/corpus/isg3T1013790.txt,nvidia/TechQA-RAG-Eval,Apache-2.0,320d0dea3f7c47d04d504ffbd1bdb3f8dcf986a060e9de7c641fdaf54e0e3765
isg3T1013815,IBM How do I configure a static fairshare user priority? - United States,engineering-support,internal,engineering,techqa-proxy-owner,techqa-p2-2026-07-18,hf://nvidia/TechQA-RAG-Eval/corpus/isg3T1013815.txt,nvidia/TechQA-RAG-Eval,Apache-2.0,2f05aeb9675378556a13b559bcac430262c1a57702e3b0363a1953cd0d9bcedc
isg3T1013817,IBM How do I configure host name information? - United States,engineering-support,internal,engineering,techqa-proxy-owner,techqa-p2-2026-07-18,hf://nvidia/TechQA-RAG-Eval/corpus/isg3T1013817.txt,nvidia/TechQA-RAG-Eval,Apache-2.0,8cc62e47f2c5f6c1cb12150ef7cade9c7aca361bc8916f173829948feeb547d2
isg3T1013847,IBM What is the meaning of Job EXIT code? - United States,operations-support,internal,operations,techqa-proxy-owner,techqa-p2-2026-07-18,hf://nvidia/TechQA-RAG-Eval/corpus/isg3T1013847.txt,nvidia/TechQA-RAG-Eval,Apache-2.0,a670755a69b8183f8c7bfa71da17d42e1b868c91af2fa638b172343688b826d5
isg3T1013865,IBM How do I find error logs on my unix system? - United States,engineering-support,internal,engineering,techqa-proxy-owner,techqa-p2-2026-07-18,hf://nvidia/TechQA-RAG-Eval/corpus/isg3T1013865.txt,nvidia/TechQA-RAG-Eval,Apache-2.0,5fc77ec5294eb35a00e84fdabf3d66cc0a157fa978ca16270c3b40b3004d6448
isg3T1013916,IBM How do I view detailed job information ? - United States,operations-support,internal,operations,techqa-proxy-owner,techqa-p2-2026-07-18,hf://nvidia/TechQA-RAG-Eval/corpus/isg3T1013916.txt,nvidia/TechQA-RAG-Eval,Apache-2.0,3ef8ccbf73f9bfea403febe010d00ae4ed6cf73302557f9f2d16acb786e54708
isg3T1013924,IBM Where can I find the daemon error logs? - United States,operations-support,internal,operations,techqa-proxy-owner,techqa-p2-2026-07-18,hf://nvidia/TechQA-RAG-Eval/corpus/isg3T1013924.txt,nvidia/TechQA-RAG-Eval,Apache-2.0,951d9365f76d66252f3ad93e650cba1c2fd66134a1c71613cde15c6a485afc26
isg3T1013925,IBM Where can I find the LSF configuration files? - United States,engineering-support,internal,engineering,techqa-proxy-owner,techqa-p2-2026-07-18,hf://nvidia/TechQA-RAG-Eval/corpus/isg3T1013925.txt,nvidia/TechQA-RAG-Eval,Apache-2.0,ef61f69f3b9d6546e65b4d12bd506bb9a5b37da8b4663083ba7cb31cac420165
isg3T1013928,IBM Where can I find a list of cluster administrators ? - United States,operations-support,internal,operations,techqa-proxy-owner,techqa-p2-2026-07-18,hf://nvidia/TechQA-RAG-Eval/corpus/isg3T1013928.txt,nvidia/TechQA-RAG-Eval,Apache-2.0,739ddcb028628ade6224db8e87d2eccc53a6c064423d9db776d6a523dc6f3663
isg3T1013929,IBM Where can I find information about my LSF hosts ? - United States,engineering-support,internal,engineering,techqa-proxy-owner,techqa-p2-2026-07-18,hf://nvidia/TechQA-RAG-Eval/corpus/isg3T1013929.txt,nvidia/TechQA-RAG-Eval,Apache-2.0,4c43ed402e584e841b01aec265309580f8f5eadae4e122ef3c3687ab3e019971
isg3T1013933,IBM Where can I find the Daemon log files ? - United States,operations-support,internal,operations,techqa-proxy-owner,techqa-p2-2026-07-18,hf://nvidia/TechQA-RAG-Eval/corpus/isg3T1013933.txt,nvidia/TechQA-RAG-Eval,Apache-2.0,6e7af3cad3329cfe915ed060118d1e297b0ef83717a23cf371cbd67527feb525
isg3T1013953,"IBM Why do I get the error ""chdir(...) failed: no such file or directory""? - United States",operations-support,internal,operations,techqa-proxy-owner,techqa-p2-2026-07-18,hf://nvidia/TechQA-RAG-Eval/corpus/isg3T1013953.txt,nvidia/TechQA-RAG-Eval,Apache-2.0,407fc1792cb40ac89701c8d90f7a8b5142025525a1fcb9771d6b8700c3c3ab7e
isg3T1013964,IBM Why do I get errors when I try to run badmin mbdrestart? - United States,engineering-support,internal,engineering,techqa-proxy-owner,techqa-p2-2026-07-18,hf://nvidia/TechQA-RAG-Eval/corpus/isg3T1013964.txt,nvidia/TechQA-RAG-Eval,Apache-2.0,f7890a90a4b77b9805de2f1c9f25dd52fcff46d253e46a6bc2daf5b2d48b2fc7
isg3T1014070,"IBM Why is it that sometimes when using tssub -I, it takes a lot of cycles before it actually starts? - United States",operations-support,internal,operations,techqa-proxy-owner,techqa-p2-2026-07-18,hf://nvidia/TechQA-RAG-Eval/corpus/isg3T1014070.txt,nvidia/TechQA-RAG-Eval,Apache-2.0,436b4f843e590a2e511862c7a9096363ba29fc9e7513b8783af04b19855df348
isg3T1014349,IBM SDK: Programming with LSLIB: Using Remote Execution Services - United States,security-support,restricted,restricted,techqa-proxy-owner,techqa-p2-2026-07-18,hf://nvidia/TechQA-RAG-Eval/corpus/isg3T1014349.txt,nvidia/TechQA-RAG-Eval,Apache-2.0,25461f70f08793c2ba8836ba6182228dd21c103b79e891c80c8adfbc87ae5ff1
isg3T1014589,IBM license converting question - United States,operations-support,internal,operations,techqa-proxy-owner,techqa-p2-2026-07-18,hf://nvidia/TechQA-RAG-Eval/corpus/isg3T1014589.txt,nvidia/TechQA-RAG-Eval,Apache-2.0,5099fd6b62951c755b064af66e7c738691a4f6898a8aa525a5f1e2f0a6c83120
isg3T1014907,IBM How do I configure RERUNNABLE? - United States,engineering-support,internal,engineering,techqa-proxy-owner,techqa-p2-2026-07-18,hf://nvidia/TechQA-RAG-Eval/corpus/isg3T1014907.txt,nvidia/TechQA-RAG-Eval,Apache-2.0,980891059cb7a0d9235d7f3e3b87e149d9e269d202f81818e31822ef1316c49d
isg3T1014912,"IBM Why do I get ""Can't connect to service"" when installing LSF and using lspasswd? - United States",engineering-support,internal,engineering,techqa-proxy-owner,techqa-p2-2026-07-18,hf://nvidia/TechQA-RAG-Eval/corpus/isg3T1014912.txt,nvidia/TechQA-RAG-Eval,Apache-2.0,463229373ac44b66bb5bc98852a161cf0baa5abecfaec03df10316ae4a7b660c
isg3T1014919,IBM How do I run jobs exclusively? - United States,operations-support,internal,operations,techqa-proxy-owner,techqa-p2-2026-07-18,hf://nvidia/TechQA-RAG-Eval/corpus/isg3T1014919.txt,nvidia/TechQA-RAG-Eval,Apache-2.0,a76815ae83f46b2c0435277a1a40763f816e80ebced8cae18af66fba70073302
isg3T1014926,IBM What is the meaning of the value of REQUEUE_EXIT_VALUES? - United States,engineering-support,internal,engineering,techqa-proxy-owner,techqa-p2-2026-07-18,hf://nvidia/TechQA-RAG-Eval/corpus/isg3T1014926.txt,nvidia/TechQA-RAG-Eval,Apache-2.0,69ee456e527e92385a04eda82658c1c7d343e73d56f947f9981d3cc05ec8861d
isg3T1014943,IBM Why can't LIM restart after I edited the hosts file with IP forwarding option on? - United States,engineering-support,internal,engineering,techqa-proxy-owner,techqa-p2-2026-07-18,hf://nvidia/TechQA-RAG-Eval/corpus/isg3T1014943.txt,nvidia/TechQA-RAG-Eval,Apache-2.0,fe9f9a8522c5b7e6ac37ed73374678a46ca03415225d83b51ae61e94e6c92971
isg3T1014993,IBM What is the meaning of the parameter LSB_KEEP_DEPENDENT_JOB? - United States,operations-support,internal,operations,techqa-proxy-owner,techqa-p2-2026-07-18,hf://nvidia/TechQA-RAG-Eval/corpus/isg3T1014993.txt,nvidia/TechQA-RAG-Eval,Apache-2.0,f9471de3e9a10b6626292f4a2425d281abb16e41fc3493b15d965e29c5388a5c
isg3T1015040,IBM Use a post_exec script to get job's termination reason - United States,operations-support,internal,operations,techqa-proxy-owner,techqa-p2-2026-07-18,hf://nvidia/TechQA-RAG-Eval/corpus/isg3T1015040.txt,nvidia/TechQA-RAG-Eval,Apache-2.0,c3e24cb38de42dd757a7e5c3592443e6ed41117474ce027f1b0a4e5cfbdb8f18
isg3T1015061,IBM Question about executing a command upon 'bkill' - United States,engineering-support,internal,engineering,techqa-proxy-owner,techqa-p2-2026-07-18,hf://nvidia/TechQA-RAG-Eval/corpus/isg3T1015061.txt,nvidia/TechQA-RAG-Eval,Apache-2.0,51967a009e02f3a01407d950c87d693134be32dd18270fb8f6e5afb35d5640d2
isg3T1015066,IBM What does the error message about scheduling module in mbschd.log mean? - United States,operations-support,internal,operations,techqa-proxy-owner,techqa-p2-2026-07-18,hf://nvidia/TechQA-RAG-Eval/corpus/isg3T1015066.txt,nvidia/TechQA-RAG-Eval,Apache-2.0,15ccd6b6954e17bd78503298082f26b93566ed021238580ae4382b6549ba67ad
isg3T1015159,IBM What is the number of db connections used by purger/plc and how can you monitor them? - United States,operations-support,internal,operations,techqa-proxy-owner,techqa-p2-2026-07-18,hf://nvidia/TechQA-RAG-Eval/corpus/isg3T1015159.txt,nvidia/TechQA-RAG-Eval,Apache-2.0,a37daabe6e19f787d8f4195686d3079623f077ae8d46873661ce87f27af66bde
isg3T1015752,IBM Run the MySQL database on a separate server - United States,engineering-support,internal,engineering,techqa-proxy-owner,techqa-p2-2026-07-18,hf://nvidia/TechQA-RAG-Eval/corpus/isg3T1015752.txt,nvidia/TechQA-RAG-Eval,Apache-2.0,a21eccb36e675936028ba1fdf20b9bf4e19a2d8b5eac4af0f5533713ecef283c
isg3T1015758,IBM The Purger will cease to function if the Transaction Log becomes too large - United States,engineering-support,internal,engineering,techqa-proxy-owner,techqa-p2-2026-07-18,hf://nvidia/TechQA-RAG-Eval/corpus/isg3T1015758.txt,nvidia/TechQA-RAG-Eval,Apache-2.0,ca50451210f8f56a6103b4db2d7eb9c90c6531ea37c3be8ebf00a8a75a47a9fc
isg3T1016083,"IBM lsbeventsloader log file shows error: ""java.sql.SQLException: Io exception: Broken pipet"" - United States",operations-support,internal,operations,techqa-proxy-owner,techqa-p2-2026-07-18,hf://nvidia/TechQA-RAG-Eval/corpus/isg3T1016083.txt,nvidia/TechQA-RAG-Eval,Apache-2.0,bff8a51fe06253379a7a7756868bea2f2f3c0b63c66a4ac613c51ed88453efa9
isg3T1016296,"IBM mbatchd cannot start with the error: createThreadedChild: socketpair() failed, Too many open files. - United States",operations-support,internal,operations,techqa-proxy-owner,techqa-p2-2026-07-18,hf://nvidia/TechQA-RAG-Eval/corpus/isg3T1016296.txt,nvidia/TechQA-RAG-Eval,Apache-2.0,afc74ce7498582a8e9714dda43612dca220c6b4faaddee3aa7276358ce58ead3
isg3T1016388,IBM Jobs in job array still show up in bjobs even if they have completed for many days. - United States,operations-support,internal,operations,techqa-proxy-owner,techqa-p2-2026-07-18,hf://nvidia/TechQA-RAG-Eval/corpus/isg3T1016388.txt,nvidia/TechQA-RAG-Eval,Apache-2.0,fb53c442fcb81ae379a5f8096dc460752351d7677ef4d10dd409b926e29bde54
isg3T1016610,IBM Job state displayed in Jobs tab do not match Job Data tab - United States,engineering-support,internal,engineering,techqa-proxy-owner,techqa-p2-2026-07-18,hf://nvidia/TechQA-RAG-Eval/corpus/isg3T1016610.txt,nvidia/TechQA-RAG-Eval,Apache-2.0,7d805a064e36592b3dee1cade43774a7e8778fe4b89581734d1c965064327f3a
isg3T1016637,IBM EGO service automatic failover recovery - United States,operations-support,internal,operations,techqa-proxy-owner,techqa-p2-2026-07-18,hf://nvidia/TechQA-RAG-Eval/corpus/isg3T1016637.txt,nvidia/TechQA-RAG-Eval,Apache-2.0,9417a8c3143a974ccd7f4e2fd543cd903790184e56acdd6b525935970d9e9907
isg3T1018799,IBM How to Set DB2 DSNZPARM LOBVALA to Alleviate RC00C900D1 ABENDs? - United States,operations-support,internal,operations,techqa-proxy-owner,techqa-p2-2026-07-18,hf://nvidia/TechQA-RAG-Eval/corpus/isg3T1018799.txt,nvidia/TechQA-RAG-Eval,Apache-2.0,966fb82a450602d8bb696f40d8a86e0422a63b713e832d872f06beed0524c11a
isg3T1018922,IBM Updating Power System Firmware from HMC Local File System - United States,security-support,restricted,restricted,techqa-proxy-owner,techqa-p2-2026-07-18,hf://nvidia/TechQA-RAG-Eval/corpus/isg3T1018922.txt,nvidia/TechQA-RAG-Eval,Apache-2.0,8c36fbab7fa5af938187c17ecfe8dfbaa13d2d6e6ff6031d802ee0a2f7e6fe46
isg3T1019654,IBM vCenter alert: Power Domain 1 Host Power 0: Power off/down - United States,operations-support,internal,operations,techqa-proxy-owner,techqa-p2-2026-07-18,hf://nvidia/TechQA-RAG-Eval/corpus/isg3T1019654.txt,nvidia/TechQA-RAG-Eval,Apache-2.0,e08acc41b9b0b334a74c2801c69986985eb745cfbb108cd21edfd3dae4cf4b02
isg3T1019759,IBM LSF Reports CPU Time For A Job Much Larger Than The Time Command - United States,operations-support,internal,operations,techqa-proxy-owner,techqa-p2-2026-07-18,hf://nvidia/TechQA-RAG-Eval/corpus/isg3T1019759.txt,nvidia/TechQA-RAG-Eval,Apache-2.0,d152cda30241a0c7732068d448a19fef05ec1f3f3055a3f16e326574acd96e58
isg3T1019998,IBM Security Bulletin: Vulnerability in Transport Layer Security Protocol Used in IBM System Networking Ethernet Switches (CVE-2011-3389) - United States,security-support,restricted,restricted,techqa-proxy-owner,techqa-p2-2026-07-18,hf://nvidia/TechQA-RAG-Eval/corpus/isg3T1019998.txt,nvidia/TechQA-RAG-Eval,Apache-2.0,1798af3c9e80f9c8d5b65ec9e4920f91290b4c54c207f65c699dfd67fe41adcb
isg3T1020116,IBM Reduce the size of IBM Platform RTM database - United States,engineering-support,internal,engineering,techqa-proxy-owner,techqa-p2-2026-07-18,hf://nvidia/TechQA-RAG-Eval/corpus/isg3T1020116.txt,nvidia/TechQA-RAG-Eval,Apache-2.0,933d427baff3b7b5779ffba75a4df66823aafa7855543fe1bc26d96288a0b533
isg3T1020338,"IBM What does the err message ""lsb_launch(): Server is not connected"" mean? - United States",operations-support,internal,operations,techqa-proxy-owner,techqa-p2-2026-07-18,hf://nvidia/TechQA-RAG-Eval/corpus/isg3T1020338.txt,nvidia/TechQA-RAG-Eval,Apache-2.0,38ba127e0c7ac09ee89449430fff0008ea2bf6c27fc14ed52440977aedd412ae
isg3T1020512,IBM Security Bulletin: IBM Platform Symphony (CVE-2013-2251 CVE-2013-2248 CVE-2013-2135 CVE-2013-2134 CVE-2013-2115 CVE-2013-1966 CVE-2013-1965 CVE-2013-4310) - United States,security-support,restricted,restricted,techqa-proxy-owner,techqa-p2-2026-07-18,hf://nvidia/TechQA-RAG-Eval/corpus/isg3T1020512.txt,nvidia/TechQA-RAG-Eval,Apache-2.0,c491cc6ba8caae979a35778fc2a2b7ad41a1ad4a7fa9d973dffd7e4d748703f3
isg3T1020589,IBM Question on LFAREA usage - United States,operations-support,internal,operations,techqa-proxy-owner,techqa-p2-2026-07-18,hf://nvidia/TechQA-RAG-Eval/corpus/isg3T1020589.txt,nvidia/TechQA-RAG-Eval,Apache-2.0,63da69f843db0842988853d5fa8523757ff0955c97731a233cece1d40818b039
isg3T1020608,IBM Add read-only access to RTM's cacti database for non-root user - United States,operations-support,internal,operations,techqa-proxy-owner,techqa-p2-2026-07-18,hf://nvidia/TechQA-RAG-Eval/corpus/isg3T1020608.txt,nvidia/TechQA-RAG-Eval,Apache-2.0,8c9b942517f37cfdc45d6bf10cdaeb88976df92344e1c848b2f4de6d129706a2
isg3T1020613,IBM Can we define devices in HCD that don't exist yet? - United States,operations-support,internal,operations,techqa-proxy-owner,techqa-p2-2026-07-18,hf://nvidia/TechQA-RAG-Eval/corpus/isg3T1020613.txt,nvidia/TechQA-RAG-Eval,Apache-2.0,37c047c343563b38f0640365f75eb0a3e46ed67a73bf4be6444a99c48f052cf1
isg3T1020616,IBM BPXF135E RC97 RSN02100000 when mounting file system using JCL - United States,operations-support,internal,operations,techqa-proxy-owner,techqa-p2-2026-07-18,hf://nvidia/TechQA-RAG-Eval/corpus/isg3T1020616.txt,nvidia/TechQA-RAG-Eval,Apache-2.0,97de057222b311949837a0c6ada2ce15ac8219f5b26ff7a25f50be974f0ff923
isg3T1020715,IBM Security Bulletin: IBM SDN for Virtual Environments is affected by a vulnerability,security-support,restricted,restricted,techqa-proxy-owner,techqa-p2-2026-07-18,hf://nvidia/TechQA-RAG-Eval/corpus/isg3T1020715.txt,nvidia/TechQA-RAG-Eval,Apache-2.0,8bc439fb2729709e31e10e41dc2803bb460b481e230b57fe03318af61e013110
isg3T1020893,"IBM Security Bulletin: IBM Platform Symphony (CVE-2014-0094, CVE-2014-0112, CVE-2014-0113, CVE-2014-0116) - United States",security-support,restricted,restricted,techqa-proxy-owner,techqa-p2-2026-07-18,hf://nvidia/TechQA-RAG-Eval/corpus/isg3T1020893.txt,nvidia/TechQA-RAG-Eval,Apache-2.0,6e630e62403746785abdfc55c147f89628582f999dc74fa2db4b4f6eff7252d5
isg3T1020894,"IBM Security Bulletin: IBM Platform Cluster Manager (CVE-2014-0094, CVE-2014-0112, CVE-2014-0113, CVE-2014-0116) - United States",security-support,restricted,restricted,techqa-proxy-owner,techqa-p2-2026-07-18,hf://nvidia/TechQA-RAG-Eval/corpus/isg3T1020894.txt,nvidia/TechQA-RAG-Eval,Apache-2.0,508a664817ff4e69aa18c0d0cdc50d803b288a8333532a45f7fbdb97937fb6a4
isg3T1020909,"IBM What does the error message ""host remains closed due to job limit"" mean? - United States",operations-support,internal,operations,techqa-proxy-owner,techqa-p2-2026-07-18,hf://nvidia/TechQA-RAG-Eval/corpus/isg3T1020909.txt,nvidia/TechQA-RAG-Eval,Apache-2.0,026e0d4028bea00d526f96deff1ad309157cb51e7352497e7bf82c0c14b5354c
isg3T1020931,IBM Do crypto cards retain Master Keys with a processor POR? - United States,operations-support,internal,operations,techqa-proxy-owner,techqa-p2-2026-07-18,hf://nvidia/TechQA-RAG-Eval/corpus/isg3T1020931.txt,nvidia/TechQA-RAG-Eval,Apache-2.0,d8c060c0b68b88882641c2536e40a583735f97febaf1e30671cb2621023eac9f
isg3T1021047,IBM Question on CSA/ECSA Allocation - United States,operations-support,internal,operations,techqa-proxy-owner,techqa-p2-2026-07-18,hf://nvidia/TechQA-RAG-Eval/corpus/isg3T1021047.txt,nvidia/TechQA-RAG-Eval,Apache-2.0,5c661ad4abd5e6621b357debf6a3398002b7b84205b925e08725b1a28903944a
isg3T1021093,IBM Question on duplicate sysres message at IPL - United States,operations-support,internal,operations,techqa-proxy-owner,techqa-p2-2026-07-18,hf://nvidia/TechQA-RAG-Eval/corpus/isg3T1021093.txt,nvidia/TechQA-RAG-Eval,Apache-2.0,d1047a058c63ee4ec40c77b1a9ca410a3d409391f0e3c51c61903730ae84769c
isg3T1021208,"IBM Security Bulletin: Power System Firmware is affected by openssl vulnerabilities(CVE-2013-4353, CVE -2013-6449) - United States",security-support,restricted,restricted,techqa-proxy-owner,techqa-p2-2026-07-18,hf://nvidia/TechQA-RAG-Eval/corpus/isg3T1021208.txt,nvidia/TechQA-RAG-Eval,Apache-2.0,811b5284aec2bd248de32c9c7c8dc63c1f55db1e637dc42132813e31df89f7ad
isg3T1021221,IBM Main RTM services - United States,engineering-support,internal,engineering,techqa-proxy-owner,techqa-p2-2026-07-18,hf://nvidia/TechQA-RAG-Eval/corpus/isg3T1021221.txt,nvidia/TechQA-RAG-Eval,Apache-2.0,9e56df1909a2e8d49c7bc0e864591dd16654f76e937d1d204729e80e18ff1a2d
isg3T1021238,IBM Security Bulletin: IBM Cloud Manager with Openstack XSS in Swift vulnerability (CVE-2014-3497) - United States,security-support,restricted,restricted,techqa-proxy-owner,techqa-p2-2026-07-18,hf://nvidia/TechQA-RAG-Eval/corpus/isg3T1021238.txt,nvidia/TechQA-RAG-Eval,Apache-2.0,9b3f430ba112749d9eaf4e72f1f25259498dcc57a483e81accc17a06c9ff4073
isg3T1021275,"IBM General Parallel File System is not affected by the Bash vulnerabilities (CVE-2014-6271, CVE-2014-7169, CVE-2014-7186, CVE-2014-7187, CVE-2014-6277, and CVE-2014-6278) - United States",security-support,restricted,restricted,techqa-proxy-owner,techqa-p2-2026-07-18,hf://nvidia/TechQA-RAG-Eval/corpus/isg3T1021275.txt,nvidia/TechQA-RAG-Eval,Apache-2.0,b2a5e8cfcf35ab22140f5e142847eee0d06b9d26031173dd0abd372d98d6194e
isg3T1021276,"IBM General Parallel File System (GPFS) for GPFS Storage Server (GSS) is not affected by the Bash vulnerabilities (CVE-2014-6271, CVE-2014-7169, CVE-2014-7186, CVE-2014-7187, CVE-2014-6277, and CVE-2014-6278) - United States",security-support,restricted,restricted,techqa-proxy-owner,techqa-p2-2026-07-18,hf://nvidia/TechQA-RAG-Eval/corpus/isg3T1021276.txt,nvidia/TechQA-RAG-Eval,Apache-2.0,ad3989d6d4dea1c22bf396a062da94eae3bb13007233770d47e899ff3c4c5018
isg3T1021284,"IBM AIX/VIOS is not affected by the Bash vulnerabilities (CVE-2014-6271, CVE-2014-7169, CVE-2014-7186, CVE-2014-7187, CVE-2014-6277, and CVE-2014-6278) - United States",security-support,restricted,restricted,techqa-proxy-owner,techqa-p2-2026-07-18,hf://nvidia/TechQA-RAG-Eval/corpus/isg3T1021284.txt,nvidia/TechQA-RAG-Eval,Apache-2.0,6e1b38a850359fce4105d8d3c03f45f1177fa1c4003903dd35392c4712732cb1
isg3T1021411,IBM Security Bulletin: Vulnerability in SSLv3 affects IBM Platform Application Center (CVE-2014-3566) - United States,security-support,restricted,restricted,techqa-proxy-owner,techqa-p2-2026-07-18,hf://nvidia/TechQA-RAG-Eval/corpus/isg3T1021411.txt,nvidia/TechQA-RAG-Eval,Apache-2.0,439c8e0c240264ef70378622fec18cd47ac76a87b690be91ff69a9a0483b1896
isg3T1021416,IBM Security Bulletin: Vulnerability in SSLv3 affects IBM Platform Cluster Manager and IBM Platform HPC (CVE-2014-3566) - United States,security-support,restricted,restricted,techqa-proxy-owner,techqa-p2-2026-07-18,hf://nvidia/TechQA-RAG-Eval/corpus/isg3T1021416.txt,nvidia/TechQA-RAG-Eval,Apache-2.0,6671f4ff1582697359f0f1495f3d1367f436b01dc227ccc1d97718c851c44e1b
isg3T1021519,IBM Using domainless group feature to allow LDAP users to belong to local groups - United States,security-support,restricted,restricted,techqa-proxy-owner,techqa-p2-2026-07-18,hf://nvidia/TechQA-RAG-Eval/corpus/isg3T1021519.txt,nvidia/TechQA-RAG-Eval,Apache-2.0,2d808d2da2709fbda4a619915d67f32e7eb60d631b34399eb8abfa8010e034d4
isg3T1021535,IBM PPM cleanup policy - United States,engineering-support,internal,engineering,techqa-proxy-owner,techqa-p2-2026-07-18,hf://nvidia/TechQA-RAG-Eval/corpus/isg3T1021535.txt,nvidia/TechQA-RAG-Eval,Apache-2.0,22946005b1da768a4126fc84f5019dbc6e18482cae7cc6551bf5e1659b7fc33a
isg3T1021542,IBM Configure Platform Symphony to be immuned to Padding Oracle On Downgraded Legacy Encryption (POODLE) attack(CVE-2014-3566) - United States,security-support,restricted,restricted,techqa-proxy-owner,techqa-p2-2026-07-18,hf://nvidia/TechQA-RAG-Eval/corpus/isg3T1021542.txt,nvidia/TechQA-RAG-Eval,Apache-2.0,e14aa66ebe70a3dfab90771a81f068156f9dc96f154117ca53d2741e44e82c06
isg3T1021543,IBM What is the fix for POODLE vulnerability for PAC 9.1.3? - United States,security-support,restricted,restricted,techqa-proxy-owner,techqa-p2-2026-07-18,hf://nvidia/TechQA-RAG-Eval/corpus/isg3T1021543.txt,nvidia/TechQA-RAG-Eval,Apache-2.0,2aa7bac967b31f31fd350f3443083475f5fcb5b5080163cecaaa0fa4441d0f66
isg3T1021566,IBM Security Bulletin: Vulnerability in SSLv3 affects IBM Cloud Manager with OpenStack (CVE-2014-3566) - United States,security-support,restricted,restricted,techqa-proxy-owner,techqa-p2-2026-07-18,hf://nvidia/TechQA-RAG-Eval/corpus/isg3T1021566.txt,nvidia/TechQA-RAG-Eval,Apache-2.0,01a0c3d4d08a098f5f89fbd10d4ca540a592b1713e9708eb2ad2beae048a32ad
isg3T1021955,IBM Security Bulletin: PowerKVM D-Bus vulnerabilities: Multiple CVEs - United States,security-support,restricted,restricted,techqa-proxy-owner,techqa-p2-2026-07-18,hf://nvidia/TechQA-RAG-Eval/corpus/isg3T1021955.txt,nvidia/TechQA-RAG-Eval,Apache-2.0,43abdf2582e1eec3c2e10ccc3f579b1f8b89120f7332000ac3bae5b7425a6f0c
isg3T1022015,IBM Security Bulletin: GNU C library (glibc) vulnerability affects PowerKVM (CVE-2015-0235) - United States,security-support,restricted,restricted,techqa-proxy-owner,techqa-p2-2026-07-18,hf://nvidia/TechQA-RAG-Eval/corpus/isg3T1022015.txt,nvidia/TechQA-RAG-Eval,Apache-2.0,d9818ad25f65f13e1299bb01a241f859624a91064b0fd9eda42a404048fbb649
isg3T1022018,IBM Systems products not affected by the GNU C library (glibc) vulnerability (CVE-2015-0235) - United States,security-support,restricted,restricted,techqa-proxy-owner,techqa-p2-2026-07-18,hf://nvidia/TechQA-RAG-Eval/corpus/isg3T1022018.txt,nvidia/TechQA-RAG-Eval,Apache-2.0,dcab1fc847d05d83ef5004cb09161a8b3dc5f9c619cbddaaeb17d046b4260ac8
isg3T1022043,"IBM Security Bulletin: Vulnerabilities in OpenSSL affect IBM SDN-VE (CVE-2014-3570, CVE-",security-support,restricted,restricted,techqa-proxy-owner,techqa-p2-2026-07-18,hf://nvidia/TechQA-RAG-Eval/corpus/isg3T1022043.txt,nvidia/TechQA-RAG-Eval,Apache-2.0,b3d12ccbb0dee3edb99a26468a99c910a579a36e1c6656b0d3764753ddbd7f27
isg3T1022046,IBM Security Bulletin:  Multiple OpenSSL vulnerabilities affect PowerKVM (Multiple CVEs) - United States,security-support,restricted,restricted,techqa-proxy-owner,techqa-p2-2026-07-18,hf://nvidia/TechQA-RAG-Eval/corpus/isg3T1022046.txt,nvidia/TechQA-RAG-Eval,Apache-2.0,70fca0e6d5ac04a1c3b7376f95b2ff761fee7d3209a61b28dbad5cbe76f73712
isg3T1022050,IBM Security Bulletin: GNU C library (glibc) vulnerability affects IBM SDN-VE Unified Controller and IBM SDN-VE Service Appliance (CVE-2015-0235) - United States,security-support,restricted,restricted,techqa-proxy-owner,techqa-p2-2026-07-18,hf://nvidia/TechQA-RAG-Eval/corpus/isg3T1022050.txt,nvidia/TechQA-RAG-Eval,Apache-2.0,02661c7583e466dbbb7ab0de64f74b00592c3c9e4218cde611e61acefd781887
isg3T1022057,IBM Leap Second Information for AIX - United States,engineering-support,internal,engineering,techqa-proxy-owner,techqa-p2-2026-07-18,hf://nvidia/TechQA-RAG-Eval/corpus/isg3T1022057.txt,nvidia/TechQA-RAG-Eval,Apache-2.0,baa6053fc6ff98ac9f1ca9ad561a508ed7d1e0ca5b7f3091176f9c10e2b1799a
isg3T1022071,"IBM Data Collection Required For Solving PowerVC , HMC and VIOs Problems. - United States",operations-support,internal,operations,techqa-proxy-owner,techqa-p2-2026-07-18,hf://nvidia/TechQA-RAG-Eval/corpus/isg3T1022071.txt,nvidia/TechQA-RAG-Eval,Apache-2.0,6518caff7550623a3764086e3bc03c86cb6e0855429b3e2b07029b7fa589338d
isg3T1022074,"IBM Security Bulletin: Vulnerabilities in OpenSSL affect GPFS V3.5 for Windows (CVE-2014-3569, CVE-2014-3570, CVE-2014-3571, CVE-2014-3572, CVE-2014-8275, CVE-2015-0204, CVE-2015-0205, CVE-2015-0206) - United States",security-support,restricted,restricted,techqa-proxy-owner,techqa-p2-2026-07-18,hf://nvidia/TechQA-RAG-Eval/corpus/isg3T1022074.txt,nvidia/TechQA-RAG-Eval,Apache-2.0,9fe0433ee5b3d1e3e93933d372ec5db7b186bcb33957a868d8c37cbef26eba25
isg3T1022077,IBM Security Bulletin: IBM General Parallel File System V4.1 is affected by a security vulnerability (CVE-2015-1890) - United States,security-support,restricted,restricted,techqa-proxy-owner,techqa-p2-2026-07-18,hf://nvidia/TechQA-RAG-Eval/corpus/isg3T1022077.txt,nvidia/TechQA-RAG-Eval,Apache-2.0,4b72d8780df87ea3eaefc09c40fe1223269e8e2c1a0e7197e0260de145f8c0ea
isg3T1022137,IBM Security Bulletin: Vulnerability in RC4 stream cipher affects GPFS V3.5 for Windows (CVE-2015-2808) / Enabling weak cipher suites for IBM General Parallel File System is NOT recommended - United States,security-support,restricted,restricted,techqa-proxy-owner,techqa-p2-2026-07-18,hf://nvidia/TechQA-RAG-Eval/corpus/isg3T1022137.txt,nvidia/TechQA-RAG-Eval,Apache-2.0,538637e0916d2c09515f2bd3251c7c2bcf2973b166e3db53a29a688c7e4bec3e
isg3T1022203,IBM RTM Data Migration - United States,security-support,restricted,restricted,techqa-proxy-owner,techqa-p2-2026-07-18,hf://nvidia/TechQA-RAG-Eval/corpus/isg3T1022203.txt,nvidia/TechQA-RAG-Eval,Apache-2.0,a60f9fc20aee7d6d46796a4a8cf8fd6d9a98b0d6b3f0ac6f35ba47dbf05a6970
isg3T1022291,IBM Security Bulletin: PowerKVM is affected by glibc vulnerabilities (Multiple CVEs) - United States,security-support,restricted,restricted,techqa-proxy-owner,techqa-p2-2026-07-18,hf://nvidia/TechQA-RAG-Eval/corpus/isg3T1022291.txt,nvidia/TechQA-RAG-Eval,Apache-2.0,6076faa3c71cd44b94ec3ca4f4c29243e8b95fa6e6804442faebeaf6c9af59da
isg3T1022307,IBM How to enable https on Tomcat for Symphony WEBGUI with a third party certificate - United States,security-support,restricted,restricted,techqa-proxy-owner,techqa-p2-2026-07-18,hf://nvidia/TechQA-RAG-Eval/corpus/isg3T1022307.txt,nvidia/TechQA-RAG-Eval,Apache-2.0,0c91765f64774a8ebd98b9211ae7e389d9c7f377b1938ef6830e32982f1aa54e
isg3T1022320,"IBM GPFS may incorrectly encrypt files when the AES:ECB wrapping mode is used, possibly resulting in undetected data corruption of those files - United States",security-support,restricted,restricted,techqa-proxy-owner,techqa-p2-2026-07-18,hf://nvidia/TechQA-RAG-Eval/corpus/isg3T1022320.txt,nvidia/TechQA-RAG-Eval,Apache-2.0,843ca4832e7f321c867796fba0f95b85838598147a6bd4ab898863c7bbbba1ff
isg3T1022361,IBM Security Bulletin: Vulnerability in Diffie-Hellman ciphers affects  IBM GPFS  for Windows (CVE-2015-4000) - United States,security-support,restricted,restricted,techqa-proxy-owner,techqa-p2-2026-07-18,hf://nvidia/TechQA-RAG-Eval/corpus/isg3T1022361.txt,nvidia/TechQA-RAG-Eval,Apache-2.0,5706925042797580b335d766a8e3cfeb01a652a16e0630c323f6c2db5e72cb8e
isg3T1022416,"IBM The extra leap second has no impact to job scheduling and execution, data loading and reporting, and administration of IBM Platform Computing products - United States",operations-support,internal,operations,techqa-proxy-owner,techqa-p2-2026-07-18,hf://nvidia/TechQA-RAG-Eval/corpus/isg3T1022416.txt,nvidia/TechQA-RAG-Eval,Apache-2.0,e8ab00eeb2fef11df0a3d583335af640175bd43fc3cfda057801041595aea55e
isg3T1022427,IBM Span Platform LSF scheduled Platform MPI job ranks on all the CPU Cores within a single node - United States,engineering-support,internal,engineering,techqa-proxy-owner,techqa-p2-2026-07-18,hf://nvidia/TechQA-RAG-Eval/corpus/isg3T1022427.txt,nvidia/TechQA-RAG-Eval,Apache-2.0,5cace25f82cdd44f4c8701929874fa650409ef5f1177d7a347e3887451799760
isg3T1022451,IBM FAQ - Elastic Capacity on Demand - United States,operations-support,internal,operations,techqa-proxy-owner,techqa-p2-2026-07-18,hf://nvidia/TechQA-RAG-Eval/corpus/isg3T1022451.txt,nvidia/TechQA-RAG-Eval,Apache-2.0,c87d21f589ad562b9cdcd8068e88a6fcd9eeda1d69fc70949929e21c46e0fcab
isg3T1022475,IBM How to submit Job from Windows to Linux when account case does not match - United States,engineering-support,internal,engineering,techqa-proxy-owner,techqa-p2-2026-07-18,hf://nvidia/TechQA-RAG-Eval/corpus/isg3T1022475.txt,nvidia/TechQA-RAG-Eval,Apache-2.0,817c219a9f43796a1de35ce7c745c398e325f520fddb2fd596da0cacc8bff0c0
isg3T1022503,IBM How to enable group admin feature in Process Manager - United States,operations-support,internal,operations,techqa-proxy-owner,techqa-p2-2026-07-18,hf://nvidia/TechQA-RAG-Eval/corpus/isg3T1022503.txt,nvidia/TechQA-RAG-Eval,Apache-2.0,55e5f08c7e415915e186683cfa2e6ac81af461b1703766b15251c0a5a3698c74
isg3T1022581,IBM How can I stop cl_query messages in VIOS syslog? - United States,operations-support,internal,operations,techqa-proxy-owner,techqa-p2-2026-07-18,hf://nvidia/TechQA-RAG-Eval/corpus/isg3T1022581.txt,nvidia/TechQA-RAG-Eval,Apache-2.0,8492ae5baa6a08a333c399458716159c39f99f3e9e8fe63acba464df73dc1e39
isg3T1022623,IBM LSF log files rotation - United States,operations-support,internal,operations,techqa-proxy-owner,techqa-p2-2026-07-18,hf://nvidia/TechQA-RAG-Eval/corpus/isg3T1022623.txt,nvidia/TechQA-RAG-Eval,Apache-2.0,d3d654fbb5413f83cea62ff1ac4ed8af659b4e3fc220d52d5a148610c6081fec
isg3T1022635,IBM Common Causes of SEA Limbo State - United States,engineering-support,internal,engineering,techqa-proxy-owner,techqa-p2-2026-07-18,hf://nvidia/TechQA-RAG-Eval/corpus/isg3T1022635.txt,nvidia/TechQA-RAG-Eval,Apache-2.0,ff9912ad8b0fab53041c713921a50a10438cdcf0d5fe4c2ff460654d135100ae
isg3T1022708,IBM Java for AIX MustGather: Data collection procedure for automatically generated process core (binary) dumps - United States,engineering-support,internal,engineering,techqa-proxy-owner,techqa-p2-2026-07-18,hf://nvidia/TechQA-RAG-Eval/corpus/isg3T1022708.txt,nvidia/TechQA-RAG-Eval,Apache-2.0,48b8d873549e63dff3f2508cd7ddb5c5aba048f6b27dac6868fa86c05c102e3a
isg3T1022752,IBM Security Bulletin: Logjam,security-support,restricted,restricted,techqa-proxy-owner,techqa-p2-2026-07-18,hf://nvidia/TechQA-RAG-Eval/corpus/isg3T1022752.txt,nvidia/TechQA-RAG-Eval,Apache-2.0,256490831398eb6e61b976f703800c25dfd3d69352f09619d927a22216129b9a
isg3T1023186,IBM How to Optimize Compute Host Startup Time - United States,engineering-support,internal,engineering,techqa-proxy-owner,techqa-p2-2026-07-18,hf://nvidia/TechQA-RAG-Eval/corpus/isg3T1023186.txt,nvidia/TechQA-RAG-Eval,Apache-2.0,a34225ae22517a34dddbcdbaa714823277a0ae46063762c723c8bf6c72bfcc43
isg3T1023222,IBM Array job submission keep retrying and never succeeds - United States,engineering-support,internal,engineering,techqa-proxy-owner,techqa-p2-2026-07-18,hf://nvidia/TechQA-RAG-Eval/corpus/isg3T1023222.txt,nvidia/TechQA-RAG-Eval,Apache-2.0,d4a4fa0397265767d3d00d3d8843ed48b1fe160fb9d5f8b4dcbab06742f8ac8a
isg3T1023250,IBM Security Bulletin: Vulnerability in MD5 Signature and Hash Algorithm affects PowerKVM (CVE-2015-7575) - United States,security-support,restricted,restricted,techqa-proxy-owner,techqa-p2-2026-07-18,hf://nvidia/TechQA-RAG-Eval/corpus/isg3T1023250.txt,nvidia/TechQA-RAG-Eval,Apache-2.0,72a53679144b6f1f7d737167ef2a70c80430023111d33dc854f123577c72e1d0
isg3T1023281,IBM Security Bulletin: GSKit and Hash Selection Vulnerability (CVE-2016-0201 ) - United States,security-support,restricted,restricted,techqa-proxy-owner,techqa-p2-2026-07-18,hf://nvidia/TechQA-RAG-Eval/corpus/isg3T1023281.txt,nvidia/TechQA-RAG-Eval,Apache-2.0,0c90f9b865fb066bad3c6fa94c0eed35ab2455098de7fdde20c28a50276a2ef5
isg3T1023292,IBM Security Bulletin: Vulnerability in MD5 Signature and Hash Algorithm affects IBM Pure Power Integrated Manager (PPIM) (CVE-2015-7575) - United States,security-support,restricted,restricted,techqa-proxy-owner,techqa-p2-2026-07-18,hf://nvidia/TechQA-RAG-Eval/corpus/isg3T1023292.txt,nvidia/TechQA-RAG-Eval,Apache-2.0,f92ba1f9eee3735ea58d3b0ae388e1b13896a2b18b9b61691fb01099ff53f69d
isg3T1023296,IBM Security Bulletin: Vulnerability in GSKit affects IBM Tivoli Directory Server and IBM Security Directory Server for AIX/VIOS (CVE-2016-0201) - United States,security-support,restricted,restricted,techqa-proxy-owner,techqa-p2-2026-07-18,hf://nvidia/TechQA-RAG-Eval/corpus/isg3T1023296.txt,nvidia/TechQA-RAG-Eval,Apache-2.0,4fc9753da69d658c0643c736af34d65e2008903fc9bf6ef893376616c1ebe7be
isg3T1023311,"IBM HSM causes a high CPU spike every hour, on the hour. - United States",operations-support,internal,operations,techqa-proxy-owner,techqa-p2-2026-07-18,hf://nvidia/TechQA-RAG-Eval/corpus/isg3T1023311.txt,nvidia/TechQA-RAG-Eval,Apache-2.0,1a77613fba47edb84ebd671404e2a279d9e144812d2a41a0dbf0a5f21539e228
isg3T1023385,IBM Security Bulletin: Multiple vulnerabilities in the GNU C Library (glibc) affect PowerKVM - United States,security-support,restricted,restricted,techqa-proxy-owner,techqa-p2-2026-07-18,hf://nvidia/TechQA-RAG-Eval/corpus/isg3T1023385.txt,nvidia/TechQA-RAG-Eval,Apache-2.0,4c67997e4a1fcc92b996a18c4b1dac3ce5c51a7a2dd68ff191c062c6c5849523
isg3T1023401,"IBM Security Bulletin: OpenStack vulnerabilities affect IBM Cloud Manager with Openstack (CVE-2015-7713, CVE-2015-5286) - United States",security-support,restricted,restricted,techqa-proxy-owner,techqa-p2-2026-07-18,hf://nvidia/TechQA-RAG-Eval/corpus/isg3T1023401.txt,nvidia/TechQA-RAG-Eval,Apache-2.0,8a7604cf72bffb9f12ea0976c08213d9e5ba30ec9524e1984421540190c1e226
isg3T1023407,IBM Security Bulletin: IBM Platform Analytics is affected by a vulnerability(CVE-2015-7575) - United States,security-support,restricted,restricted,techqa-proxy-owner,techqa-p2-2026-07-18,hf://nvidia/TechQA-RAG-Eval/corpus/isg3T1023407.txt,nvidia/TechQA-RAG-Eval,Apache-2.0,23c435b1e417ee88f223ccea00488d089f5262d154c2fc8e3196d9ad0bdbe3a5
isg3T1023416,IBM Use esub to add RUNLIMIT value to job automatically - United States,operations-support,internal,operations,techqa-proxy-owner,techqa-p2-2026-07-18,hf://nvidia/TechQA-RAG-Eval/corpus/isg3T1023416.txt,nvidia/TechQA-RAG-Eval,Apache-2.0,d7b84e166fc0e91af95c622851552443f169750c98fb64b8739658d36b6aab68
isg3T1023419,IBM Creating a RBAC role to run a command in AIX - United States,security-support,restricted,restricted,techqa-proxy-owner,techqa-p2-2026-07-18,hf://nvidia/TechQA-RAG-Eval/corpus/isg3T1023419.txt,nvidia/TechQA-RAG-Eval,Apache-2.0,0bacf475dff3d514fde991f45a995bf61d525ff4747e006558fc5cbf95ec9fdc
isg3T1023437,IBM When Power HMC Save Upgrade Data Fails - Additional Clean-up Operations - United States,engineering-support,internal,engineering,techqa-proxy-owner,techqa-p2-2026-07-18,hf://nvidia/TechQA-RAG-Eval/corpus/isg3T1023437.txt,nvidia/TechQA-RAG-Eval,Apache-2.0,a518bfe811bda1f48ad9cef3b42253d3651c9bbeef77f302415697ab5a55a3a1
isg3T1023516,IBM AIX WPARs - How to - United States,engineering-support,internal,engineering,techqa-proxy-owner,techqa-p2-2026-07-18,hf://nvidia/TechQA-RAG-Eval/corpus/isg3T1023516.txt,nvidia/TechQA-RAG-Eval,Apache-2.0,5f5c5154e449048ab68900e803230f9eb284185380bf4d931b272b7ee22b3571
isg3T1023631,IBM Security Bulletin: Vulnerability in OpenSSL affects IBM GPFS V3.5 (CVE-2016-2842) - United States,security-support,restricted,restricted,techqa-proxy-owner,techqa-p2-2026-07-18,hf://nvidia/TechQA-RAG-Eval/corpus/isg3T1023631.txt,nvidia/TechQA-RAG-Eval,Apache-2.0,2d1e9b3f188c5e3e103e1985e6a2a143dfdee342a67ff485b6260c3fbc0cf9da
isg3T1023798,IBM Security Bulletin: Vulnerability in MD5 Signature and Hash Algorithm affects IBM Flex System Manager (FSM) (CVE-2015-7575) - United States,security-support,restricted,restricted,techqa-proxy-owner,techqa-p2-2026-07-18,hf://nvidia/TechQA-RAG-Eval/corpus/isg3T1023798.txt,nvidia/TechQA-RAG-Eval,Apache-2.0,0dc71d24e1f5b3d03ee0436138d9d07152213496856570465bdd9b6d8c986790
isg3T1023836,IBM Security Bulletin: OpenSSL vulnerabilities affect IBM SmartCloud Entry - United States,security-support,restricted,restricted,techqa-proxy-owner,techqa-p2-2026-07-18,hf://nvidia/TechQA-RAG-Eval/corpus/isg3T1023836.txt,nvidia/TechQA-RAG-Eval,Apache-2.0,5bd8b50e638a78f54152a8d116af3c3700646d84b7d206b1ed26f8843922540d
isg3T1023844,IBM Security Bulletin: Nss-util vulnerabilities affect IBM SmartCloud Entry( CVE-2016-1950 ) - United States,security-support,restricted,restricted,techqa-proxy-owner,techqa-p2-2026-07-18,hf://nvidia/TechQA-RAG-Eval/corpus/isg3T1023844.txt,nvidia/TechQA-RAG-Eval,Apache-2.0,2d9c3c31a98e3239c135f90a0aa4f7112af32a701a3d7223ef1ee6017f9fa076
isg3T1023888,IBM Is it possible to use bconf to update resources? - United States,engineering-support,internal,engineering,techqa-proxy-owner,techqa-p2-2026-07-18,hf://nvidia/TechQA-RAG-Eval/corpus/isg3T1023888.txt,nvidia/TechQA-RAG-Eval,Apache-2.0,cf95b378ac54bcf969ab72d7e56b426a4a5a1827d6613987729181eb9423d8f5
isg3T1023944,IBM Error Codes Seen on the Power Hardware Management Console (HMC) - United States,engineering-support,internal,engineering,techqa-proxy-owner,techqa-p2-2026-07-18,hf://nvidia/TechQA-RAG-Eval/corpus/isg3T1023944.txt,nvidia/TechQA-RAG-Eval,Apache-2.0,b811dbd39646ceb85df6f08f65b809db3df66470defa0b0222622175b6603da9
isg3T1023955,IBM MustGather Testcase for VIOS Crash or VIOS Hang Condition - United States,operations-support,internal,operations,techqa-proxy-owner,techqa-p2-2026-07-18,hf://nvidia/TechQA-RAG-Eval/corpus/isg3T1023955.txt,nvidia/TechQA-RAG-Eval,Apache-2.0,cbf42c766ddd86d7ca42ad4302690a9df1a3aa3ec44d945397580b17baaa701d
isg3T1023986,IBM Security Bulletin: IBM Flex System Manager (FSM) is affected by multiple glibc vulnerabilities - United States,security-support,restricted,restricted,techqa-proxy-owner,techqa-p2-2026-07-18,hf://nvidia/TechQA-RAG-Eval/corpus/isg3T1023986.txt,nvidia/TechQA-RAG-Eval,Apache-2.0,346bfdaf9359fa1db8c7677612377e4fbab8a8973d6c2664de8b448fb258f475
isg3T1023987,IBM Security Bulletin: IBM Flex System Manager (FSM) is affected by multiple openssl vulnerabilities - United States,security-support,restricted,restricted,techqa-proxy-owner,techqa-p2-2026-07-18,hf://nvidia/TechQA-RAG-Eval/corpus/isg3T1023987.txt,nvidia/TechQA-RAG-Eval,Apache-2.0,3f11a4229a91ad2f677ed66a78dfe6fc33c9694fd5ad05e77481fa619aa915da
isg3T1024023,IBM Question about sessions and slot usage - United States,operations-support,internal,operations,techqa-proxy-owner,techqa-p2-2026-07-18,hf://nvidia/TechQA-RAG-Eval/corpus/isg3T1024023.txt,nvidia/TechQA-RAG-Eval,Apache-2.0,320a1a0e0f66c31660f5d59e779581bab8376872c35088831edc21457f2950af
isg3T1024049,IBM Configure auditing to use PowerSC Trusted Logging - United States,security-support,restricted,restricted,techqa-proxy-owner,techqa-p2-2026-07-18,hf://nvidia/TechQA-RAG-Eval/corpus/isg3T1024049.txt,nvidia/TechQA-RAG-Eval,Apache-2.0,66eec7bb5934129a770dd963553cb159a91a2a4f4e9cd8023f12f93a99d1ff4f
isg3T1024113,"IBM Security Bulletin: Nss,Nss-util and Nspr vulnerabilities affect IBM SmartCloud Entry (CVE-2016-1978, CVE-2016-1979 ) - United States",security-support,restricted,restricted,techqa-proxy-owner,techqa-p2-2026-07-18,hf://nvidia/TechQA-RAG-Eval/corpus/isg3T1024113.txt,nvidia/TechQA-RAG-Eval,Apache-2.0,55c840e741de7fb7cb16c8e874347569869ab5fd5f4452369269cc2115af536c
isg3T1024202,IBM HTTPS access to PAC portal failed through IBM HTTP server in HA configuration - United States,security-support,restricted,restricted,techqa-proxy-owner,techqa-p2-2026-07-18,hf://nvidia/TechQA-RAG-Eval/corpus/isg3T1024202.txt,nvidia/TechQA-RAG-Eval,Apache-2.0,55eb254ef7f52817fab9073215439a8d1b1665f7bab5e9bbb1949c11424f6e8c
isg3T1024377,"IBM Running bosboot fails with error code 0301-152 ""not enough file space"" - United States",operations-support,internal,operations,techqa-proxy-owner,techqa-p2-2026-07-18,hf://nvidia/TechQA-RAG-Eval/corpus/isg3T1024377.txt,nvidia/TechQA-RAG-Eval,Apache-2.0,7312ba2377b9a515179583df3885ee587f09a2441ea70202aefd9784adb66065
isg3T1024401,IBM Security Bulletin: Vulnerabilities in OpenSSL affect PowerKVM - United States,security-support,restricted,restricted,techqa-proxy-owner,techqa-p2-2026-07-18,hf://nvidia/TechQA-RAG-Eval/corpus/isg3T1024401.txt,nvidia/TechQA-RAG-Eval,Apache-2.0,bba8a05f3725221efb81355f9fabdb3ae0d50c6a8ead7eaad1ac25a9658f47d9
isg3T1024425,IBM Leap second and VIO Server - United States,engineering-support,internal,engineering,techqa-proxy-owner,techqa-p2-2026-07-18,hf://nvidia/TechQA-RAG-Eval/corpus/isg3T1024425.txt,nvidia/TechQA-RAG-Eval,Apache-2.0,d2159cd78f0dcdffd7be059256c60aba2b39b6dedb30a32f51e7b24b2d0d1391
isg3T1024480,IBM Would 2016 leap second impact Symphony? - United States,operations-support,internal,operations,techqa-proxy-owner,techqa-p2-2026-07-18,hf://nvidia/TechQA-RAG-Eval/corpus/isg3T1024480.txt,nvidia/TechQA-RAG-Eval,Apache-2.0,28dc228b9ee82a48cb0e45388ca038572f44817e9cd2cb11408fae1cf2e6c8ad
isg3T1024490,IBM Security Bulletin: OpenStack Nova vulnerabilities affect IBM Cloud Manager with OpenStack  (CVE-2016-2140) - United States,security-support,restricted,restricted,techqa-proxy-owner,techqa-p2-2026-07-18,hf://nvidia/TechQA-RAG-Eval/corpus/isg3T1024490.txt,nvidia/TechQA-RAG-Eval,Apache-2.0,7fd79006ebf2b439505465dd7cbd462a2787dbe75fdf0af905a8f185d2dda471
isg3T1024495,IBM Cluster Failover or Node Panic Due to Temporary SAN/Path Issues - United States,operations-support,internal,operations,techqa-proxy-owner,techqa-p2-2026-07-18,hf://nvidia/TechQA-RAG-Eval/corpus/isg3T1024495.txt,nvidia/TechQA-RAG-Eval,Apache-2.0,fa162b7714dd08dcb1bd177490254dcd0dc26c3aba940b80fa17b87a7cd1e059
isg3T1024513,IBM Java for AIX HowTo: JIT Problem Determination - United States,engineering-support,internal,engineering,techqa-proxy-owner,techqa-p2-2026-07-18,hf://nvidia/TechQA-RAG-Eval/corpus/isg3T1024513.txt,nvidia/TechQA-RAG-Eval,Apache-2.0,2796fb9a3d5faa34ab7a71f5eee56692384a25a7e19a7edd9c8ff5c5f1387fdd
isg3T1024628,IBM Network best practices for SSP environment - United States,engineering-support,internal,engineering,techqa-proxy-owner,techqa-p2-2026-07-18,hf://nvidia/TechQA-RAG-Eval/corpus/isg3T1024628.txt,nvidia/TechQA-RAG-Eval,Apache-2.0,d027819c4d0b15729b2a24abb6a4034f1b67e6370d6e23b522cf43f8ad62d99c
isg3T1024688,IBM Enable Encryption in Symphony WEBGUI - United States,security-support,restricted,restricted,techqa-proxy-owner,techqa-p2-2026-07-18,hf://nvidia/TechQA-RAG-Eval/corpus/isg3T1024688.txt,nvidia/TechQA-RAG-Eval,Apache-2.0,4da1d6d73ce4fca44daa056228552dbfa00295fab50e9f5eb60e8cec5c029e9a
isg3T1024723,IBM Security Bulletin: A vulnerability in OpenSSL affects IBM Flex System Manager (FSM) Storage Manager Install Anywhere (SMIA) configuration tool (CVE-2016-8610) - United States,security-support,restricted,restricted,techqa-proxy-owner,techqa-p2-2026-07-18,hf://nvidia/TechQA-RAG-Eval/corpus/isg3T1024723.txt,nvidia/TechQA-RAG-Eval,Apache-2.0,231349c9ed8a596e43a98537f6105431e3b5236bb7cd40d741449556f7325e59
isg3T1024769,IBM Security Bulletin: Vulnerabilities in Mozilla Network Security Services (NSS) affect PowerKVM - United States,security-support,restricted,restricted,techqa-proxy-owner,techqa-p2-2026-07-18,hf://nvidia/TechQA-RAG-Eval/corpus/isg3T1024769.txt,nvidia/TechQA-RAG-Eval,Apache-2.0,5d76f9d71bca99929a9a9ed4c6b6b67e303e309f92c2dcf9ee7b0bdfe97c5618
isg3T1024799,IBM Stream Threshold Network Tunable Parameter - United States,operations-support,internal,operations,techqa-proxy-owner,techqa-p2-2026-07-18,hf://nvidia/TechQA-RAG-Eval/corpus/isg3T1024799.txt,nvidia/TechQA-RAG-Eval,Apache-2.0,f813f0e927c0ba957d45d5d04b62c4f05aab8b532512e3711878f00ad6e7ad28
isg3T1024833,IBM LSF Job Ulimit Inconsistent with System Ulimit - United States,security-support,restricted,restricted,techqa-proxy-owner,techqa-p2-2026-07-18,hf://nvidia/TechQA-RAG-Eval/corpus/isg3T1024833.txt,nvidia/TechQA-RAG-Eval,Apache-2.0,3742ded92e6be13e3da7fd3677165ad96e9f9e1f92e1fd2f18ed5a80dfab87b3
isg3T1024859,IBM Security Bulletin: Vulnerabilities in OpenSSL affect IBM Systems Director Platform Agent - United States,security-support,restricted,restricted,techqa-proxy-owner,techqa-p2-2026-07-18,hf://nvidia/TechQA-RAG-Eval/corpus/isg3T1024859.txt,nvidia/TechQA-RAG-Eval,Apache-2.0,f9fad240cb4844d8547d4ea908cdd927d304ec7773835e97adc0503061f2850f
isg3T1024860,IBM Move lsb.events.n from local directory to shared directory. - United States,operations-support,internal,operations,techqa-proxy-owner,techqa-p2-2026-07-18,hf://nvidia/TechQA-RAG-Eval/corpus/isg3T1024860.txt,nvidia/TechQA-RAG-Eval,Apache-2.0,6f77ba31d5b9df4e0c7eba041999a9bd7003e84dbee2df2151e8d9de96d325c4
isg3T1024887,IBM Security Bulletin: Vulnerabilities in GnuTLS and OpenSSL affect IBM Flex System Manager (FSM) (CVE-2016-8610) - United States,security-support,restricted,restricted,techqa-proxy-owner,techqa-p2-2026-07-18,hf://nvidia/TechQA-RAG-Eval/corpus/isg3T1024887.txt,nvidia/TechQA-RAG-Eval,Apache-2.0,2874e885f662fd902595d9a9fdf2309a2570bcc5bb081a9751f90aa6fed55c9f
isg3T1024915,IBM Security Bulletin: Vulnerabilities in OpenSSL affect PowerKVM - United States,security-support,restricted,restricted,techqa-proxy-owner,techqa-p2-2026-07-18,hf://nvidia/TechQA-RAG-Eval/corpus/isg3T1024915.txt,nvidia/TechQA-RAG-Eval,Apache-2.0,76c3fe7a7a80278409844164d32c3cd6506d6175e72a508fc6bbe9907caf2680
isg3T1024954,IBM Security Bulletin: OpenStack Cinder/Glance/Nova vulnerabilities affect IBM Cloud Manager with OpenStack  (CVE-2015-5162) - United States,security-support,restricted,restricted,techqa-proxy-owner,techqa-p2-2026-07-18,hf://nvidia/TechQA-RAG-Eval/corpus/isg3T1024954.txt,nvidia/TechQA-RAG-Eval,Apache-2.0,5b3c57f58a21625eb1c097d31328f84e35e1bcbbf80292a93cdaed04f27f1998
isg3T1024982,IBM Backing up Partition Data of Systems Managed by HMC - United States,engineering-support,internal,engineering,techqa-proxy-owner,techqa-p2-2026-07-18,hf://nvidia/TechQA-RAG-Eval/corpus/isg3T1024982.txt,nvidia/TechQA-RAG-Eval,Apache-2.0,bcf89b185f2f424d85f2c55da1fb3da2e6b9c1ecd6f0e7a045643885dd9bbecf
isg3T1024991,IBM Java for AIX MustGather: Data collection procedure for slow or hung Java process in UnixFileSystem.getBooleanAttributes() method - United States,engineering-support,internal,engineering,techqa-proxy-owner,techqa-p2-2026-07-18,hf://nvidia/TechQA-RAG-Eval/corpus/isg3T1024991.txt,nvidia/TechQA-RAG-Eval,Apache-2.0,4327f063204b8ffa5f980d2654a4d656595c87155b8396285147f4473f2818b1
isg3T1024996,IBM How does LSF allocate GPU's? - United States,operations-support,internal,operations,techqa-proxy-owner,techqa-p2-2026-07-18,hf://nvidia/TechQA-RAG-Eval/corpus/isg3T1024996.txt,nvidia/TechQA-RAG-Eval,Apache-2.0,6d069df9a2f1e43ac887666d80119f7b7de86660270d5a044d5da1d40e5497f5
isg3T1025013,IBM PCM/HPC v3.2 and v4.1.x support for SSLv3 - United States,security-support,restricted,restricted,techqa-proxy-owner,techqa-p2-2026-07-18,hf://nvidia/TechQA-RAG-Eval/corpus/isg3T1025013.txt,nvidia/TechQA-RAG-Eval,Apache-2.0,540e133684371e7e4375d7d831462a97f102ecdee10bd60d5731692ca91520ac
isg3T1025052,"IBM Security Bulletin: Apache Struts v2 Jakarta Multipart parser code execution affects IBM Platform Cluster Manager Standard Edition, IBM Platform Cluster Manager Advanced Edition, Platform HPC, and Spectrum Cluster Foundation (CVE-2017-5638) - United States",security-support,restricted,restricted,techqa-proxy-owner,techqa-p2-2026-07-18,hf://nvidia/TechQA-RAG-Eval/corpus/isg3T1025052.txt,nvidia/TechQA-RAG-Eval,Apache-2.0,7ad1bb64a52b3315f27956cceb05ee36c421ed59e19d174e9fd122c74adcf56a
isg3T1025087,"IBM Security Bulletin: IBM Flex System Manager (FSM) is affected by multiple Struts vulnerabilities (CVE-2016-1181, CVE-2016-1182) - United States",security-support,restricted,restricted,techqa-proxy-owner,techqa-p2-2026-07-18,hf://nvidia/TechQA-RAG-Eval/corpus/isg3T1025087.txt,nvidia/TechQA-RAG-Eval,Apache-2.0,3d1ce993ba5377d32fe9e11976f88c24acddc4287bb0d9f4e9d323e26dad5267
isg3T1025094,IBM Java for AIX HowTo: Troubleshoot 'java -version' hang or timeout issue - United States,engineering-support,internal,engineering,techqa-proxy-owner,techqa-p2-2026-07-18,hf://nvidia/TechQA-RAG-Eval/corpus/isg3T1025094.txt,nvidia/TechQA-RAG-Eval,Apache-2.0,cc6759008658d1cc9c9682466fdd106e9ca4f41fe2d155730b588064ddc6b2aa
isg3T1025119,"IBM Security Bulletin: Multiple vulnerabilities in expat, nss,  bind ,  policycoreutils, sudo shipped with  SmartCloud Entry Appliance - United States",security-support,restricted,restricted,techqa-proxy-owner,techqa-p2-2026-07-18,hf://nvidia/TechQA-RAG-Eval/corpus/isg3T1025119.txt,nvidia/TechQA-RAG-Eval,Apache-2.0,7c04135adbbe6b25057a0936e0f6b153e3d2ede0c346516bb92281e94df3c01b
isg3T1025160,IBM Security Bulletin: Vulnerabilities in OpenSSL affect IBM Flex System Manager (FSM) - United States,security-support,restricted,restricted,techqa-proxy-owner,techqa-p2-2026-07-18,hf://nvidia/TechQA-RAG-Eval/corpus/isg3T1025160.txt,nvidia/TechQA-RAG-Eval,Apache-2.0,81d2ac88f5e0daee7d8e63e82b8192081e0d5df869862f63ebcda081bad6ea37
isg3T1025209,IBM Security Bulletin: A security vulnerability has been identified in Red Hat® Enterprise Linux (RHEL) Server shipped with PurePower Integrated Manager (PPIM) (CVE-2017-6462 CVE-2017-6463 CVE-2017-6464) - United States,security-support,restricted,restricted,techqa-proxy-owner,techqa-p2-2026-07-18,hf://nvidia/TechQA-RAG-Eval/corpus/isg3T1025209.txt,nvidia/TechQA-RAG-Eval,Apache-2.0,3b1b2bc4b07a429e7da1239e9c43712e329a8b5248b2738e56fa2eca70f42d41
isg3T1025247,IBM Security Bulletin: A vulnerability in NSS affects PowerKVM - United States,security-support,restricted,restricted,techqa-proxy-owner,techqa-p2-2026-07-18,hf://nvidia/TechQA-RAG-Eval/corpus/isg3T1025247.txt,nvidia/TechQA-RAG-Eval,Apache-2.0,d9daaa806f1ae0d7711f7309d5aedc8dcf7ea20a3004abc7eb5c52ef06f13184
isg3T1025339,IBM Security Bulletin: OpenStack Heat vulnerability affect IBM Cloud Manager with OpenStack  (CVE-2016-9185) - United States,security-support,restricted,restricted,techqa-proxy-owner,techqa-p2-2026-07-18,hf://nvidia/TechQA-RAG-Eval/corpus/isg3T1025339.txt,nvidia/TechQA-RAG-Eval,Apache-2.0,803b61223cb43e6fb1c2bf7dfebb853c37b90815d7ba979989a581206d1d9e51
isg3T1025364,IBM FAQs - General - United States,engineering-support,internal,engineering,techqa-proxy-owner,techqa-p2-2026-07-18,hf://nvidia/TechQA-RAG-Eval/corpus/isg3T1025364.txt,nvidia/TechQA-RAG-Eval,Apache-2.0,2085532a51d38df8a6f22e86e46b59c55fbabdc9c35163f81550e0b46e2b1734
isg3T1025371,IBM FAQs - Support and service - United States,engineering-support,internal,engineering,techqa-proxy-owner,techqa-p2-2026-07-18,hf://nvidia/TechQA-RAG-Eval/corpus/isg3T1025371.txt,nvidia/TechQA-RAG-Eval,Apache-2.0,247cd410146027d979219c6289fa3665d40491ec323e89a55feca97bf0e7d249
isg3T1025398,IBM Security Bulletin: A vulnerability in NSS affects PowerKVM - United States,security-support,restricted,restricted,techqa-proxy-owner,techqa-p2-2026-07-18,hf://nvidia/TechQA-RAG-Eval/corpus/isg3T1025398.txt,nvidia/TechQA-RAG-Eval,Apache-2.0,2b151e4a66d6560cdc664624357cc68dc080639573d087ee511d565fdc8bf9b1
isg3T1025494,IBM What does slot_memory mean in fairshare adjustment example? - United States,operations-support,internal,operations,techqa-proxy-owner,techqa-p2-2026-07-18,hf://nvidia/TechQA-RAG-Eval/corpus/isg3T1025494.txt,nvidia/TechQA-RAG-Eval,Apache-2.0,96e51ef3959c09d6008d22e7aba3920bc4004c5af6d15e1836f2144c8aa6c4c8
isg3T1025545,IBM Question about Symphony EGO allocation ID - United States,engineering-support,internal,engineering,techqa-proxy-owner,techqa-p2-2026-07-18,hf://nvidia/TechQA-RAG-Eval/corpus/isg3T1025545.txt,nvidia/TechQA-RAG-Eval,Apache-2.0,c7961b25d309d1ad03df32594afa37ee63271d61d2985895f2b4ec64511a2daf
isg3T1025553,IBM Backing up the HMC using SFTP and a Key File - United States,operations-support,internal,operations,techqa-proxy-owner,techqa-p2-2026-07-18,hf://nvidia/TechQA-RAG-Eval/corpus/isg3T1025553.txt,nvidia/TechQA-RAG-Eval,Apache-2.0,8f75d97b5d630a1e07b609732ed12fd724b53d63d1a71e0d25ba986516b431ac
isg3T1025653,IBM GUI session timeout configuration - United States,engineering-support,internal,engineering,techqa-proxy-owner,techqa-p2-2026-07-18,hf://nvidia/TechQA-RAG-Eval/corpus/isg3T1025653.txt,nvidia/TechQA-RAG-Eval,Apache-2.0,9b9a97d6a2d62a2b6e3e10dec8e215d226d46a16f30e9e82c34dc4ddc94c5308
isg3T1025713,IBM What is the difference between largesend and jumbo frame? - United States,operations-support,internal,operations,techqa-proxy-owner,techqa-p2-2026-07-18,hf://nvidia/TechQA-RAG-Eval/corpus/isg3T1025713.txt,nvidia/TechQA-RAG-Eval,Apache-2.0,881bbbd67e9b294d3a52838da3a84823fcacd50be903531e715cb20664910c6c
isg3T1025772,IBM Security Bulletin: Vulnerabilities in TigerVNC affect PowerKVM - United States,security-support,restricted,restricted,techqa-proxy-owner,techqa-p2-2026-07-18,hf://nvidia/TechQA-RAG-Eval/corpus/isg3T1025772.txt,nvidia/TechQA-RAG-Eval,Apache-2.0,b563091a4186d361e257e07fc8c565fde93be13b1e201453715a3f737cf8955c
isg3T1025775,IBM Shared Ethernet Adapter (SEA) Enhancements in PowerVM/VIOS V2.2.5 and Network Switch Maintenance/Reboot - United States,engineering-support,internal,engineering,techqa-proxy-owner,techqa-p2-2026-07-18,hf://nvidia/TechQA-RAG-Eval/corpus/isg3T1025775.txt,nvidia/TechQA-RAG-Eval,Apache-2.0,d82878d2cc260893a2e5ebb286e89b0e2c35b7ba3dfefbac9d38cdf65bcf69fd
isg3T1025776,"IBM Security Bulletin: Open Source Apache Struts Vulnerabilities affect IBM Platform Cluster Manager Standard Edition, IBM Platform Cluster Manager Advanced Edition, Platform HPC, and Spectrum Cluster Foundation - United States",security-support,restricted,restricted,techqa-proxy-owner,techqa-p2-2026-07-18,hf://nvidia/TechQA-RAG-Eval/corpus/isg3T1025776.txt,nvidia/TechQA-RAG-Eval,Apache-2.0,235125ff713f8e342caa744a72486265bd70e3bb32ca531b9fc6b3ac829c17f2
isg3T1025781,IBM Security Bulletin: Vulnerabilities in glibc affect PowerKVM - United States,security-support,restricted,restricted,techqa-proxy-owner,techqa-p2-2026-07-18,hf://nvidia/TechQA-RAG-Eval/corpus/isg3T1025781.txt,nvidia/TechQA-RAG-Eval,Apache-2.0,42387b04138a3f1d47825d8c8715ab6e1d7860be518fbdd6fecc9e78dc3573b5
isg3T1025805,IBM Security Bulletin: Multiple vulnerabilities in ntp affect IBM Flex System Manager (FSM) - United States,security-support,restricted,restricted,techqa-proxy-owner,techqa-p2-2026-07-18,hf://nvidia/TechQA-RAG-Eval/corpus/isg3T1025805.txt,nvidia/TechQA-RAG-Eval,Apache-2.0,4cf3f8a4a3c7162e4ad9e1556a9bdc388d2d98a5948d7de352823ae10434cd9f
isg3T1025841,IBM Java for Linux MustGather: Data collection procedure for automatically generated process core (binary) dumps - United States,security-support,restricted,restricted,techqa-proxy-owner,techqa-p2-2026-07-18,hf://nvidia/TechQA-RAG-Eval/corpus/isg3T1025841.txt,nvidia/TechQA-RAG-Eval,Apache-2.0,ffda12c88daae7ba54db4efc101640d6b3a5ccabb4f7df4a300e7f4bc0228c3b
isg3T1025857,IBM Security Bulletin: IBM Systems Director (ISD) Storage Control is affected by vulnerabilities in IBM Java Runtime. - United States,security-support,restricted,restricted,techqa-proxy-owner,techqa-p2-2026-07-18,hf://nvidia/TechQA-RAG-Eval/corpus/isg3T1025857.txt,nvidia/TechQA-RAG-Eval,Apache-2.0,537130a97ec7c701a053300fc43160988579190387aefc86dbf55d5b7a2d292e
isg3T1025949,IBM CommServer VTAM MNPS help - United States,operations-support,internal,operations,techqa-proxy-owner,techqa-p2-2026-07-18,hf://nvidia/TechQA-RAG-Eval/corpus/isg3T1025949.txt,nvidia/TechQA-RAG-Eval,Apache-2.0,7d7806f528ba036906268a20fd9369b6c03d66c7fb8abfedcaf8e3bc93d52104
isg3T1025956,IBM Security Bulletin: Vulnerabilities in dnsmasq affect PowerKVM - United States,security-support,restricted,restricted,techqa-proxy-owner,techqa-p2-2026-07-18,hf://nvidia/TechQA-RAG-Eval/corpus/isg3T1025956.txt,nvidia/TechQA-RAG-Eval,Apache-2.0,4d48dd6d200fd340abc95a480976f9988083a097396870e4533fa14dd1b91ac3
isg3T1025963,IBM Security Bulletin: A vulnerability in nss affects PowerKVM - United States,security-support,restricted,restricted,techqa-proxy-owner,techqa-p2-2026-07-18,hf://nvidia/TechQA-RAG-Eval/corpus/isg3T1025963.txt,nvidia/TechQA-RAG-Eval,Apache-2.0,9b4dab872e232136374800717fabbb2e4d6f12e9e24526e2eb22dd58774a174f
isg3T1026030,IBM How to enable the ldaploader for Platform Analytics - United States,security-support,restricted,restricted,techqa-proxy-owner,techqa-p2-2026-07-18,hf://nvidia/TechQA-RAG-Eval/corpus/isg3T1026030.txt,nvidia/TechQA-RAG-Eval,Apache-2.0,357e3969e6baa2d8ba5cfe28370b15b905a6bd954faf4897c825309e14566615
isg3T1026032,IBM Security Bulletin: Vulnerabilities in OpenvSwitch affect PowerKVM - United States,security-support,restricted,restricted,techqa-proxy-owner,techqa-p2-2026-07-18,hf://nvidia/TechQA-RAG-Eval/corpus/isg3T1026032.txt,nvidia/TechQA-RAG-Eval,Apache-2.0,7b1c7e879f73228a4f8ac3bfb901e40099e31982095ca9740c18515b2b99e590
isg3T1026058,"IBM How-to setup Distributed Systems Management, (DSM) with NIM - United States",security-support,restricted,restricted,techqa-proxy-owner,techqa-p2-2026-07-18,hf://nvidia/TechQA-RAG-Eval/corpus/isg3T1026058.txt,nvidia/TechQA-RAG-Eval,Apache-2.0,357b951733c57ab274307ee295bd4494a4dc0d76b1ad489b41d858787cc754bb
isg3T1026071,IBM What's the minimum size of the partition table in RTM - United States,engineering-support,internal,engineering,techqa-proxy-owner,techqa-p2-2026-07-18,hf://nvidia/TechQA-RAG-Eval/corpus/isg3T1026071.txt,nvidia/TechQA-RAG-Eval,Apache-2.0,822c7ea755fc528771193d322f1da3c64d78a153040c78945fd9bcfc24a460e7
isg3T1026143,IBM Etherchannel failover will not fail back to primary in certain Environments - United States,operations-support,internal,operations,techqa-proxy-owner,techqa-p2-2026-07-18,hf://nvidia/TechQA-RAG-Eval/corpus/isg3T1026143.txt,nvidia/TechQA-RAG-Eval,Apache-2.0,df99919833ec1c1112d3e83e18c6e76566fb4541b491fd59c55d9e8762f42168
isg3T1026159,IBM Chrome reports obsolete connection settings for WEBGUI - United States,security-support,restricted,restricted,techqa-proxy-owner,techqa-p2-2026-07-18,hf://nvidia/TechQA-RAG-Eval/corpus/isg3T1026159.txt,nvidia/TechQA-RAG-Eval,Apache-2.0,42f572f6c5884f522549177fe5cb2a8005766ab4d0983ae83cd0e3f010e6f89d
isg3T1026205,IBM X11 Forwarding in SSH: connection rejected because of wrong authentication - United States,security-support,restricted,restricted,techqa-proxy-owner,techqa-p2-2026-07-18,hf://nvidia/TechQA-RAG-Eval/corpus/isg3T1026205.txt,nvidia/TechQA-RAG-Eval,Apache-2.0,39ead27d6c89b2c59d2e6661a1f966a168e35e890fdacb4ac9badfdda77cd792
isg3T1026328,IBM What permissions are needed when installing LSF on Windows - United States,security-support,restricted,restricted,techqa-proxy-owner,techqa-p2-2026-07-18,hf://nvidia/TechQA-RAG-Eval/corpus/isg3T1026328.txt,nvidia/TechQA-RAG-Eval,Apache-2.0,629361ecf38eb53ae5aa00e4735443cd52687fba1175613828ae1184339125e2
isg3T1026332,IBM How RUNWINDOW (in lsf.cluster) works in LSF - United States,engineering-support,internal,engineering,techqa-proxy-owner,techqa-p2-2026-07-18,hf://nvidia/TechQA-RAG-Eval/corpus/isg3T1026332.txt,nvidia/TechQA-RAG-Eval,Apache-2.0,6b179f9b42385229a9f4d256b34fbf4016ca5fecf43dc869a3ab2015789a4551
isg3T1026333,IBM Why does the parameter JOB_IDLE configured in lsb.queues sometimes not take effect ? - United States,engineering-support,internal,engineering,techqa-proxy-owner,techqa-p2-2026-07-18,hf://nvidia/TechQA-RAG-Eval/corpus/isg3T1026333.txt,nvidia/TechQA-RAG-Eval,Apache-2.0,6e01b1cc8d34fb8f7890ad802224a49b4179390bcdc8e94beabdb8bc0fa2d648
isg3T1026340,IBM How can I limit the number of slots a user can use in a queue? - United States,engineering-support,internal,engineering,techqa-proxy-owner,techqa-p2-2026-07-18,hf://nvidia/TechQA-RAG-Eval/corpus/isg3T1026340.txt,nvidia/TechQA-RAG-Eval,Apache-2.0,01002613b54a0402820e9ff81b1ff416e13f484e05c5b6b0006992ce24b1d280
isg3T1026401,IBM Logon GUI failed by using SSLv3.0 - United States,security-support,restricted,restricted,techqa-proxy-owner,techqa-p2-2026-07-18,hf://nvidia/TechQA-RAG-Eval/corpus/isg3T1026401.txt,nvidia/TechQA-RAG-Eval,Apache-2.0,a73adc671251c49aaeef6b5731e33aabcb600180819f78010f8c493ccaee974c
isg3T1026403,IBM What is the meaning of gpu_mode value - United States,operations-support,internal,operations,techqa-proxy-owner,techqa-p2-2026-07-18,hf://nvidia/TechQA-RAG-Eval/corpus/isg3T1026403.txt,nvidia/TechQA-RAG-Eval,Apache-2.0,4f1eb521c1b916bb65f1a1c5e0f0fe7d2645bcfed2fc39efb94bb0ca5296fc7f
isg3T1026451,IBM Insufficient NPROC value caused Symphony PLC Native OutOfMemory - United States,operations-support,internal,operations,techqa-proxy-owner,techqa-p2-2026-07-18,hf://nvidia/TechQA-RAG-Eval/corpus/isg3T1026451.txt,nvidia/TechQA-RAG-Eval,Apache-2.0,6940e09f0aa0ebd866e640edeb211ac03d35f1f860976908f42640f6d63cba98
isg3T1026487,IBM Security Bulletin: Security vulnerability in Open vSwitch affects IBM Cloud Manager with OpenStack (CVE-2016-2074) - United States,security-support,restricted,restricted,techqa-proxy-owner,techqa-p2-2026-07-18,hf://nvidia/TechQA-RAG-Eval/corpus/isg3T1026487.txt,nvidia/TechQA-RAG-Eval,Apache-2.0,a454a6179a9946dde829abbeb743976d7bf1a6a25f6704d80aad57c8344f74f2
isg3T1026591,IBM Why PAC GUI cannot login after switch backend database from Oracle to MariaDB? - United States,security-support,restricted,restricted,techqa-proxy-owner,techqa-p2-2026-07-18,hf://nvidia/TechQA-RAG-Eval/corpus/isg3T1026591.txt,nvidia/TechQA-RAG-Eval,Apache-2.0,269234fd94ba93e4b2e79c8a936474616113a7834abadf6f1620da2428ae4788
isg3T1026616,IBM How do I configure rack on the PAC server? - United States,engineering-support,internal,engineering,techqa-proxy-owner,techqa-p2-2026-07-18,hf://nvidia/TechQA-RAG-Eval/corpus/isg3T1026616.txt,nvidia/TechQA-RAG-Eval,Apache-2.0,fa4dbde9822f7b3b0ead9aa17c3f98fc08f15486e4c046407c75861553d0f580
isg3T1026634,IBM SSL Certificate Warning - How do I check and renew the HPC local expired certificate in HPC 4.2.0? - United States,security-support,restricted,restricted,techqa-proxy-owner,techqa-p2-2026-07-18,hf://nvidia/TechQA-RAG-Eval/corpus/isg3T1026634.txt,nvidia/TechQA-RAG-Eval,Apache-2.0,fb45a95cb0be6e5316cb1fc3e5a18ada39b93887f57a1ff091e6dbfb2c64a008
isg3T1026679,"IBM JOB fails with exit code 255 due to job res exits with log ""ls_getmyhostname2() failed. Error 0."" - United States",engineering-support,internal,engineering,techqa-proxy-owner,techqa-p2-2026-07-18,hf://nvidia/TechQA-RAG-Eval/corpus/isg3T1026679.txt,nvidia/TechQA-RAG-Eval,Apache-2.0,fb69fe9e9c702e93973fb5d3dfa903cf4b40c32bea0771be323e2729d558bbbd
isg3T1026766,IBM bhosts -s and lsload -s do not synchronize with elim - United States,operations-support,internal,operations,techqa-proxy-owner,techqa-p2-2026-07-18,hf://nvidia/TechQA-RAG-Eval/corpus/isg3T1026766.txt,nvidia/TechQA-RAG-Eval,Apache-2.0,f96a2f4137d1a1144f236673b76ee0f93b40c899782d1fae0f4dc22b550da28c
isg3T1026773,"IBM fileshare issue with error ""An unexpected network error occurred"" - United States",operations-support,internal,operations,techqa-proxy-owner,techqa-p2-2026-07-18,hf://nvidia/TechQA-RAG-Eval/corpus/isg3T1026773.txt,nvidia/TechQA-RAG-Eval,Apache-2.0,c3a838e9317b5967b36869fa470a466bf2bb34233a464f36f7a7358c69ce630d
isg3T1026805,IBM i Access - Client Solutions - United States,security-support,restricted,restricted,techqa-proxy-owner,techqa-p2-2026-07-18,hf://nvidia/TechQA-RAG-Eval/corpus/isg3T1026805.txt,nvidia/TechQA-RAG-Eval,Apache-2.0,9c9a463db5f5544cb642e8e27caf2b5611c17d23f3f8038e9e5ddf012982d604
swg1HE12488,"IBM HE12488: SOME DOCUMENTS INTERMITTENTLY FAILED INDEXING WITH ""COULD NOT BE PROCESSED AS A REGULAR EMAIL"" ERROR. - United States",operations-support,internal,operations,techqa-proxy-owner,techqa-p2-2026-07-18,hf://nvidia/TechQA-RAG-Eval/corpus/swg1HE12488.txt,nvidia/TechQA-RAG-Eval,Apache-2.0,3ce36c996d2c69745450c54e03112a5cdde5e132e9c4d47fb8484720daa577c7
swg1HE12490,IBM HE12490: Domino Template Enablement tool fails to enable domino template due to unsuccessful paramaters update in notes.ini - United States,engineering-support,internal,engineering,techqa-proxy-owner,techqa-p2-2026-07-18,hf://nvidia/TechQA-RAG-Eval/corpus/swg1HE12490.txt,nvidia/TechQA-RAG-Eval,Apache-2.0,529d9234b6f33adcc50bc02a077dbf04a89097356c982cce0b3653cdbb1784fd
swg1HE12537,IBM HE12537: CONTENT COLLECTOR INSTALLATION FAILS WITH ACCESS IS DENIED ERROR ON WASSERVICE.EXE FILE - United States,engineering-support,internal,engineering,techqa-proxy-owner,techqa-p2-2026-07-18,hf://nvidia/TechQA-RAG-Eval/corpus/swg1HE12537.txt,nvidia/TechQA-RAG-Eval,Apache-2.0,93984264ff50cb0af0810dadbd5a4bc1f2952d1a7b6deb4cd8cfadd8a1696661
swg1IC67220,IBM IC67220: OUTSTANDING PROCESSING OCCURS IN AN AGGREGATION BLOCK AFTER A   MESSAGE IS RECEIVED BY THE STOP TERMINAL OF THE FANIN PRIMITIVE - United States,operations-support,internal,operations,techqa-proxy-owner,techqa-p2-2026-07-18,hf://nvidia/TechQA-RAG-Eval/corpus/swg1IC67220.txt,nvidia/TechQA-RAG-Eval,Apache-2.0,293062400dfa35ab4ec0221ef9365d3bec559e3ff7766ef5a1ff93b845ee84c3
swg1IC85712,"IBM IC85712: DB2TRCSTARTUPSIZE HAS NO EFFECT - PERF ISSUE WITH CLIENTS, IF NO'DB2TRC ALLOC' ISSUED ON AIX - United States",engineering-support,internal,engineering,techqa-proxy-owner,techqa-p2-2026-07-18,hf://nvidia/TechQA-RAG-Eval/corpus/swg1IC85712.txt,nvidia/TechQA-RAG-Eval,Apache-2.0,6b3295e4056a2a37a1f72b1c909202a20f0d3cd3c633dfe7e6813b1c2165ae66
swg1IT03868,IBM IT03868: CVE-2014-3511 - VULNERABILITY IN SSL TLS NEGOTIATION PROCESSING - United States,security-support,restricted,restricted,techqa-proxy-owner,techqa-p2-2026-07-18,hf://nvidia/TechQA-RAG-Eval/corpus/swg1IT03868.txt,nvidia/TechQA-RAG-Eval,Apache-2.0,53143de9362982b58f76d498634095d054999a0b4300b4e0aa523434320982db
swg1IT06941,IBM IT06941: SECURITY ISSUES IN SOME GNU C LIBRARY (GLIBC) FUNCTIONS - United States,security-support,restricted,restricted,techqa-proxy-owner,techqa-p2-2026-07-18,hf://nvidia/TechQA-RAG-Eval/corpus/swg1IT06941.txt,nvidia/TechQA-RAG-Eval,Apache-2.0,13b32fde76ff51191295bb2af00bfd6db647fd12c600066f11f2c730eb77fd61
swg1IT10863,IBM IT10863: WEBSPHERE MQ CLASSES FOR JAVA/JMS APPLICATIONS CAN NOT USE CCDT FILES GENERATED ON A NEWER LEVEL QUEUE MANAGER - United States,engineering-support,internal,engineering,techqa-proxy-owner,techqa-p2-2026-07-18,hf://nvidia/TechQA-RAG-Eval/corpus/swg1IT10863.txt,nvidia/TechQA-RAG-Eval,Apache-2.0,53215cae876d49ccffecb4f0eef583dd2b9316d7c5bcd4fbee6f7cc7b2591e65
swg1IT18432,"IBM IT18432: STREAMS JOBS DO NOT INHERIT THE ENVIRONMENT VARIABLES SET IN .BASHRC, WHEN RUN AS A SYSTEM SERVICE. - United States",operations-support,internal,operations,techqa-proxy-owner,techqa-p2-2026-07-18,hf://nvidia/TechQA-RAG-Eval/corpus/swg1IT18432.txt,nvidia/TechQA-RAG-Eval,Apache-2.0,1888b9b6891236afb7516edbd45b19d5b8376cedd9e3ae8f5b53054ba2c72769
swg1IV13297,"IBM IV13297: ALERTKEY VALUE FOR SELFMONITORING (SERVICE) EVENTS DOES NOT INCLUDE SERVICE DETAILS, SO GENERICCLEAR CLEARS ALL SUCH EVENTS. - United States",operations-support,internal,operations,techqa-proxy-owner,techqa-p2-2026-07-18,hf://nvidia/TechQA-RAG-Eval/corpus/swg1IV13297.txt,nvidia/TechQA-RAG-Eval,Apache-2.0,b2e6c9dca4cae234946f9abf6f7e2dab2cc427b5de4e95512550137e11df1266
swg1IZ49302,"IBM IZ49302: THE WEBSPHERE MQ JAVA MESSAGE SERVICE CLIENT MUST TREAT """" FOR A USERID THE SAME AS NULL WHEN CREATING CONNECTIONS - United States",security-support,restricted,restricted,techqa-proxy-owner,techqa-p2-2026-07-18,hf://nvidia/TechQA-RAG-Eval/corpus/swg1IZ49302.txt,nvidia/TechQA-RAG-Eval,Apache-2.0,e3d20651d109993fe791ce6348830fd328cf1aba506fb1a2ebc2816ccb1c1d11
swg1IZ67227,IBM IZ67227: UNSOLICITED SQL UPDATE STATEMENT PRODUCED BY FUNCTION CALL WHEN LOOPING THROUGH GETBY* RESULT SET - United States,operations-support,internal,operations,techqa-proxy-owner,techqa-p2-2026-07-18,hf://nvidia/TechQA-RAG-Eval/corpus/swg1IZ67227.txt,nvidia/TechQA-RAG-Eval,Apache-2.0,6bf5bd2deb02fe720a44be919dd6b79bb7802b32be6c11f903d386d08d561b21
swg1IZ81446,"IBM IZ81446: IMPACT 511 CLUSTER UNABLE TO REPLICATE DATATYPES WITH USERPARMETERS VALUES IN EXCESS OF ~16,000 CHARACTERS. - United States",engineering-support,internal,engineering,techqa-proxy-owner,techqa-p2-2026-07-18,hf://nvidia/TechQA-RAG-Eval/corpus/swg1IZ81446.txt,nvidia/TechQA-RAG-Eval,Apache-2.0,12bb5b64efc61f1384c747fa7bc990f8065650acb5344597e8d502e6467e2234
swg1IZ88097,IBM IZ88097: JEXTRACT FAILS ON AIX 6.1 TL4 - United States,engineering-support,internal,engineering,techqa-proxy-owner,techqa-p2-2026-07-18,hf://nvidia/TechQA-RAG-Eval/corpus/swg1IZ88097.txt,nvidia/TechQA-RAG-Eval,Apache-2.0,559d0a5e5d4dba48dfbf902a242513d3282edce577a42d135a475ad9467557c4
swg1JR57149,IBM JR57149: SECURITY APAR - CVE-2016-9693 - CAUSES MALICIOUS FILE DOWNLOAD AND RESTRICTS BYPASSING FILE TYPES IN IBM BPM - United States,security-support,restricted,restricted,techqa-proxy-owner,techqa-p2-2026-07-18,hf://nvidia/TechQA-RAG-Eval/corpus/swg1JR57149.txt,nvidia/TechQA-RAG-Eval,Apache-2.0,378a584fd93c2e53d7a671642d41b38e0af806e54195f5d6589ed8cd430e1300
swg1PI04872,IBM PI04872: WCM USES ITS OWN DEFAULT TRANSACTION TIMEOUT INSTEAD OF CONFIGURABLE SERVER-BASED TIMEOUT - United States,engineering-support,internal,engineering,techqa-proxy-owner,techqa-p2-2026-07-18,hf://nvidia/TechQA-RAG-Eval/corpus/swg1PI04872.txt,nvidia/TechQA-RAG-Eval,Apache-2.0,05a13a822fbae339b0820570a179fd5518b563776134c13dfa79ced37bcbe906
swg1PI06366,IBM PI06366: IBM HTTP Server thread creation failures when scaling up from default configuration on RHEL6 - United States,engineering-support,internal,engineering,techqa-proxy-owner,techqa-p2-2026-07-18,hf://nvidia/TechQA-RAG-Eval/corpus/swg1PI06366.txt,nvidia/TechQA-RAG-Eval,Apache-2.0,a8af23400b0f0b6f6ce59e7758a16a197c4731f5f1cefa957b492a77f5447d16
swg1PI19804,IBM PI19804: SQLCODE401 FROM DSNXOBFC FOR A SQL PROCEDURE WHEN USING INLIST IN IF STATEMENT - United States,operations-support,internal,operations,techqa-proxy-owner,techqa-p2-2026-07-18,hf://nvidia/TechQA-RAG-Eval/corpus/swg1PI19804.txt,nvidia/TechQA-RAG-Eval,Apache-2.0,dfa2a466c62108911677a3a786c90f247f2a37972a5c9fca2c04cc48e69aa4c2
swg1PI23005,IBM PI23005: Allow logging of time taken during SSL handshake - United States,security-support,restricted,restricted,techqa-proxy-owner,techqa-p2-2026-07-18,hf://nvidia/TechQA-RAG-Eval/corpus/swg1PI23005.txt,nvidia/TechQA-RAG-Eval,Apache-2.0,a7daaa18804dc09503aa9f0faf8fda09410655a98e79a0fa842012fb4c1fbe89
swg1PI34677,IBM PI34677: MBEANSTARTER LOADEXTENSIONS FAILED TO LOAD EXTENSION - United States,operations-support,internal,operations,techqa-proxy-owner,techqa-2025-05-05,hf://nvidia/TechQA-RAG-Eval/corpus/swg1PI34677.txt,nvidia/TechQA-RAG-Eval,Apache-2.0,7f1406497af495083171334a63e7ba89d66da861425f8e174edcdfb3573ce5fb
swg1PI37248,IBM PI37248: A PROPERTY FILE BASED CONFIGURATION (PFBC) FILE MIGHT FAIL TO AP PLY. - United States,security-support,restricted,restricted,techqa-proxy-owner,techqa-2025-05-05,hf://nvidia/TechQA-RAG-Eval/corpus/swg1PI37248.txt,nvidia/TechQA-RAG-Eval,Apache-2.0,c447599a879249fcf4cdbf83583c54ccc2bf708ae22fe87b9aee2d67936509b9
swg1PI38562,IBM PI38562: CGI RESOURCES ARE BRIEFLY UNAVAILABLE JUST AFTER A RESTART - United States,operations-support,internal,operations,techqa-proxy-owner,techqa-p2-2026-07-18,hf://nvidia/TechQA-RAG-Eval/corpus/swg1PI38562.txt,nvidia/TechQA-RAG-Eval,Apache-2.0,5b72f71699a5c922422e93c66ba0676968139cd8fb1af7bf05f48bfb86fec7f0
swg1PI41134,IBM PI41134: 'Warning! You do not have the correct administrator privileges to license this product' WHILE RUNNING THE LAW ON MAC OS X - United States,engineering-support,internal,engineering,techqa-proxy-owner,techqa-p2-2026-07-18,hf://nvidia/TechQA-RAG-Eval/corpus/swg1PI41134.txt,nvidia/TechQA-RAG-Eval,Apache-2.0,e86916d0461c04b08b39594e356fa81d819211c7bd1edb2c715eb41fb31ffcfd
swg1PI46559,IBM PI46559: THE SETUPADM SCRIPT ON LINUX FAILS TO USE AN EXISTING GROUP WITHOUT THE -CREATE PARAMETER - United States,engineering-support,internal,engineering,techqa-proxy-owner,techqa-p2-2026-07-18,hf://nvidia/TechQA-RAG-Eval/corpus/swg1PI46559.txt,nvidia/TechQA-RAG-Eval,Apache-2.0,d17950d2f0cbc9ce9c0c99706caa2f797e18e30868e4d9cc7e5fdaf2763b7613
swg1PI47826,IBM PI47826: VMM DOES NOT CLEAR THE CACHE IF CLEARENTITY MODE IS USED. - United States,operations-support,internal,operations,techqa-proxy-owner,techqa-2025-05-05,hf://nvidia/TechQA-RAG-Eval/corpus/swg1PI47826.txt,nvidia/TechQA-RAG-Eval,Apache-2.0,ceecf80ef4f8b2c94995d229bd72afc2178fbbf496f86053b1f352f755747a59
swg1PI53566,IBM PI53566: ON DEMAND ROUTER MEMORY LEAK WHEN UPGRADING APPLICATIONS UNDER LOAD - United States,engineering-support,internal,engineering,techqa-proxy-owner,techqa-p2-2026-07-18,hf://nvidia/TechQA-RAG-Eval/corpus/swg1PI53566.txt,nvidia/TechQA-RAG-Eval,Apache-2.0,a0b642d58891c1a96201deab8a405999029aea26cad2d759346c0f68e53adbef
swg1PI54477,IBM PI54477: ADD ABILITY TO DISABLE LOGGING OF SECJ0371W EXPIRED LTPA TOKEN MESSAGES - United States,security-support,restricted,restricted,techqa-proxy-owner,techqa-2025-05-05,hf://nvidia/TechQA-RAG-Eval/corpus/swg1PI54477.txt,nvidia/TechQA-RAG-Eval,Apache-2.0,a97d94df54d97a016a257c33bb909ce6b001f9e48a2d4630fbbc508cff601a9d
swg1PI57657,IBM PI57657: INSTCONFPARTIALSUCCESS when the IBM HTTP Server installer cannot determine a local hostname. - United States,engineering-support,internal,engineering,techqa-proxy-owner,techqa-p2-2026-07-18,hf://nvidia/TechQA-RAG-Eval/corpus/swg1PI57657.txt,nvidia/TechQA-RAG-Eval,Apache-2.0,cbb0b98932c044e145cc043856c78ae873fb022112f22a57468e3122a5794978
swg1PI77304,IBM PI77304: VERSIONINFO SHOWS JAVA 6 AFTER INSTALL OF IBM HTTP SERVER 8.5.5.11 WITH JAVA 8.0 - United States,engineering-support,internal,engineering,techqa-proxy-owner,techqa-p2-2026-07-18,hf://nvidia/TechQA-RAG-Eval/corpus/swg1PI77304.txt,nvidia/TechQA-RAG-Eval,Apache-2.0,dc30ab76d102f80d046828a7cb9d526af127d19c02905445f4f410acfd18da52
swg1PK78213,IBM PK78213: NO REDIRECT TO SESSION TIMEOUT URL IF CUSTOM LOGOUT URL IS SET - United States,security-support,restricted,restricted,techqa-proxy-owner,techqa-p2-2026-07-18,hf://nvidia/TechQA-RAG-Eval/corpus/swg1PK78213.txt,nvidia/TechQA-RAG-Eval,Apache-2.0,37299351db3bbad931027344f5b383c5ba763f1ae68ec147aa25f893575dd009
swg1PM66670,"IBM PM66670: WHEN LOGIN ATTRIBUTE VALUE HAS ""="" SIGN IN IT, INVALIDUNIQUENAME EXCEPTION IS THROWN. - United States",security-support,restricted,restricted,techqa-proxy-owner,techqa-2025-05-05,hf://nvidia/TechQA-RAG-Eval/corpus/swg1PM66670.txt,nvidia/TechQA-RAG-Eval,Apache-2.0,804df224271fe9d00093a6a4ef7721ba74dc20c428e8694ce1353f964885023a
swg21045922,IBM IP-Based Virtual Hosting must be used if configuring multiple SSL Virtual Hosts - United States,security-support,restricted,restricted,techqa-proxy-owner,techqa-p2-2026-07-18,hf://nvidia/TechQA-RAG-Eval/corpus/swg21045922.txt,nvidia/TechQA-RAG-Eval,Apache-2.0,065ba6f1bd1373f31771a9a1ed1f32e0a1a6138f851e33f86df968a1dca8fa73
swg21052165,"IBM MustGather: Enterprise JavaBeans, Workload Management  (WLM) problems with WebSphere Application Server - United States",engineering-support,internal,engineering,techqa-proxy-owner,techqa-p2-2026-07-18,hf://nvidia/TechQA-RAG-Eval/corpus/swg21052165.txt,nvidia/TechQA-RAG-Eval,Apache-2.0,3c0bcd0dd21d22ad473c867c13cd17de9aacb8ef22041010e3cca4235c0bc326
swg21052642,IBM Crash on AIX produces no core or a truncated core - United States,security-support,restricted,restricted,techqa-proxy-owner,techqa-p2-2026-07-18,hf://nvidia/TechQA-RAG-Eval/corpus/swg21052642.txt,nvidia/TechQA-RAG-Eval,Apache-2.0,6d727807d5021dfbcd17620908b3055db9159d11b0bdc95a4324d64c58eee45e
swg21053924,IBM MustGather: Crash on Windows - United States,engineering-support,internal,engineering,techqa-proxy-owner,techqa-p2-2026-07-18,hf://nvidia/TechQA-RAG-Eval/corpus/swg21053924.txt,nvidia/TechQA-RAG-Eval,Apache-2.0,7f7b2a722f6647382f9a1efad26b7e42f73d7773ea62d071316c2bdfc83f2dd7
swg21055387,IBM MustGather: Crash on AIX (WebSphere Application Server) - United States,engineering-support,internal,engineering,techqa-proxy-owner,techqa-p2-2026-07-18,hf://nvidia/TechQA-RAG-Eval/corpus/swg21055387.txt,nvidia/TechQA-RAG-Eval,Apache-2.0,eb683bfe329205a6d68e3b160ce16cd7201b9a4941d6233373c06fd135a78984
swg21063645,IBM Demystifying the WebSphere StaleConnectionException - United States,engineering-support,internal,engineering,techqa-proxy-owner,techqa-2025-05-05,hf://nvidia/TechQA-RAG-Eval/corpus/swg21063645.txt,nvidia/TechQA-RAG-Eval,Apache-2.0,680fb00b311de6c8a6d886f863aed872d0cb6273287ef494565efcd7bd003d44
swg21066791,IBM Java.io.NotSerializableException thrown when persistent sessions or PMI is enabled - United States,engineering-support,internal,engineering,techqa-proxy-owner,techqa-p2-2026-07-18,hf://nvidia/TechQA-RAG-Eval/corpus/swg21066791.txt,nvidia/TechQA-RAG-Eval,Apache-2.0,4a61be25849480ad7f40131c4d5e7ee5df695a7829f1fdbbce4c5f213ff69af5
swg21067352,IBM Too Many Open Files error message - United States,engineering-support,internal,engineering,techqa-proxy-owner,techqa-2025-05-05,hf://nvidia/TechQA-RAG-Eval/corpus/swg21067352.txt,nvidia/TechQA-RAG-Eval,Apache-2.0,e6b802fc2a59c61aaad4416353c0d0f806c2e87382c1f1c13c29a0c0fc5f2ac0
swg21078845,"IBM Security Cache, LTPA Token, and Session Time Outs - United States",security-support,restricted,restricted,techqa-proxy-owner,techqa-2025-05-05,hf://nvidia/TechQA-RAG-Eval/corpus/swg21078845.txt,nvidia/TechQA-RAG-Eval,Apache-2.0,c516f4075a1c73d9a1e5b832944a5e77dfb83a8e97d3fad9d70c4f546cd0b92b
swg21104706,IBM MustGather: Crash on Linux (WebSphere Application Server) - United States,engineering-support,internal,engineering,techqa-proxy-owner,techqa-p2-2026-07-18,hf://nvidia/TechQA-RAG-Eval/corpus/swg21104706.txt,nvidia/TechQA-RAG-Eval,Apache-2.0,dc1af4ba5af0276a6687d59be79ba865fb49a0536420add72902a485e7f0a4b7
swg21114864,IBM Rewriting HTTP (port 80) requests to HTTPS (port 443) - United States,security-support,restricted,restricted,techqa-proxy-owner,techqa-p2-2026-07-18,hf://nvidia/TechQA-RAG-Eval/corpus/swg21114864.txt,nvidia/TechQA-RAG-Eval,Apache-2.0,7fad8c813ced9db136a2e70aa9ed4c3b9f3af49fbfda10ed313c96527e31949a
swg21114927,IBM Enabling verbose garbage collection (verboseGC) in WebSphere Application Server - United States,engineering-support,internal,engineering,techqa-proxy-owner,techqa-p2-2026-07-18,hf://nvidia/TechQA-RAG-Eval/corpus/swg21114927.txt,nvidia/TechQA-RAG-Eval,Apache-2.0,efad0c3a7fcf242bddbe972bd8d0aec1854edaf4b35fe1317305fd4593e40691
swg21115658,IBM Crash on Linux produces no core or truncated core - United States,security-support,restricted,restricted,techqa-proxy-owner,techqa-p2-2026-07-18,hf://nvidia/TechQA-RAG-Eval/corpus/swg21115658.txt,nvidia/TechQA-RAG-Eval,Apache-2.0,fca3196c2e75d3d54c0a2eeee3f0d002873e544d5871345d828a2d5d701c9660
swg21119269,IBM About Feature Levels and ClearCase - United States,operations-support,internal,operations,techqa-proxy-owner,techqa-p2-2026-07-18,hf://nvidia/TechQA-RAG-Eval/corpus/swg21119269.txt,nvidia/TechQA-RAG-Eval,Apache-2.0,8fe2f837f63ff30e2910bd01f6e5964f4d143af5a032541fa6a93870bdea5e74
swg21138332,IBM Java SDK Upgrade Policy for the IBM WebSphere Application Server - United States,engineering-support,internal,engineering,techqa-proxy-owner,techqa-2025-05-05,hf://nvidia/TechQA-RAG-Eval/corpus/swg21138332.txt,nvidia/TechQA-RAG-Eval,Apache-2.0,ecad2a4b2bf1565824719657565af1a68e53931d6b2f7115453ce73116f0b965
swg21141302,IBM MustGather: IBM HTTP Server SSL handshake and configuration problems - United States,security-support,restricted,restricted,techqa-proxy-owner,techqa-p2-2026-07-18,hf://nvidia/TechQA-RAG-Eval/corpus/swg21141302.txt,nvidia/TechQA-RAG-Eval,Apache-2.0,872e4116b5387f52ff9d5070f0710714b06e96ba217f19a434c2e586402302f3
swg21141303,IBM MustGather: CMS key database (.kdb) and certificate problems - United States,security-support,restricted,restricted,techqa-proxy-owner,techqa-p2-2026-07-18,hf://nvidia/TechQA-RAG-Eval/corpus/swg21141303.txt,nvidia/TechQA-RAG-Eval,Apache-2.0,b84333030b1084adf5ad9b4f69487369df0780c84e0dbfd5801c9eec77819d9b
swg21150579,IBM Raise the feature level of a single VOB without increasing the feature level for other VOBs on the server - United States,operations-support,internal,operations,techqa-proxy-owner,techqa-p2-2026-07-18,hf://nvidia/TechQA-RAG-Eval/corpus/swg21150579.txt,nvidia/TechQA-RAG-Eval,Apache-2.0,40abf12288c46aa23e63d31c0833816f9160d1b95ba97a18dfa05d7363e12130
swg21157005,IBM MustGather: Object Request Broker (ORB) problems with WebSphere Application Server - United States,security-support,restricted,restricted,techqa-proxy-owner,techqa-2025-05-05,hf://nvidia/TechQA-RAG-Eval/corpus/swg21157005.txt,nvidia/TechQA-RAG-Eval,Apache-2.0,23a4c5602d512cf0cae7b86cd547c7025787d1a564fc092fbe5ade4b2557f057
swg21162896,IBM Diagnosing a java.lang.StackOverflowError - United States,engineering-support,internal,engineering,techqa-proxy-owner,techqa-2025-05-05,hf://nvidia/TechQA-RAG-Eval/corpus/swg21162896.txt,nvidia/TechQA-RAG-Eval,Apache-2.0,960b5d4fa8f7e9dbaf82c52ae657a289890bb24f9ec4577d578212a58bf12619
swg21163875,IBM HTTP Session time-out settings and overwrite precedence rules - United States,engineering-support,internal,engineering,techqa-proxy-owner,techqa-2025-05-05,hf://nvidia/TechQA-RAG-Eval/corpus/swg21163875.txt,nvidia/TechQA-RAG-Eval,Apache-2.0,6809640686ab2e0015ddd21a1a453979c7038fef01959547786052a5cb13dde8
swg21179559,IBM Guide to properly setting up SSL within the IBM HTTP Server - United States,security-support,restricted,restricted,techqa-proxy-owner,techqa-2025-05-05,hf://nvidia/TechQA-RAG-Eval/corpus/swg21179559.txt,nvidia/TechQA-RAG-Eval,Apache-2.0,46b30f59807fbb616787ad309e29f80c6a6b46eb526a77b962f2678f7e55768b
swg21192546,IBM Failover to secondary node under MSCS and the queue manager will not start - United States,operations-support,internal,operations,techqa-proxy-owner,techqa-2025-05-05,hf://nvidia/TechQA-RAG-Eval/corpus/swg21192546.txt,nvidia/TechQA-RAG-Eval,Apache-2.0,3b0b3714bdfcf20d1f189e817b4a2525885985d16af193f3acd3b7890ef3757c
swg21192604,IBM MustGather: Sessions and session management problems in WebSphere Application Server - United States,security-support,restricted,restricted,techqa-proxy-owner,techqa-2025-05-05,hf://nvidia/TechQA-RAG-Eval/corpus/swg21192604.txt,nvidia/TechQA-RAG-Eval,Apache-2.0,dd47672a16c4a645aed2dfff3c7cccce9bd4cdc25816eed5c216cd79491c9844
swg21196187,IBM MustGather: Classloader problems for WebSphere Application Server - United States,security-support,restricted,restricted,techqa-proxy-owner,techqa-p2-2026-07-18,hf://nvidia/TechQA-RAG-Eval/corpus/swg21196187.txt,nvidia/TechQA-RAG-Eval,Apache-2.0,f402955783558cc7b486c63683c312262be780e2b7b5bbc72f402e7a9c8682f1
swg21197705,IBM Using Oracle JDBC driver specific properties through a datasource - United States,engineering-support,internal,engineering,techqa-proxy-owner,techqa-2025-05-05,hf://nvidia/TechQA-RAG-Eval/corpus/swg21197705.txt,nvidia/TechQA-RAG-Eval,Apache-2.0,b8c5716f38c1c04c26cc9b54c00af42d484bb5e34486ccebbbfeeb48c3725aa6
swg21209523,IBM Application running on a DB2 client performs poorly due to low level semget calls issued by DB2 - United States,operations-support,internal,operations,techqa-proxy-owner,techqa-p2-2026-07-18,hf://nvidia/TechQA-RAG-Eval/corpus/swg21209523.txt,nvidia/TechQA-RAG-Eval,Apache-2.0,9777f7a68c353db882e941599c93eb76af7d575aa23475b46962f5c74a95b7ba
swg21220832,IBM Purging the connection pool of a WebSphere Application Server data source using the data source MBean - United States,engineering-support,internal,engineering,techqa-proxy-owner,techqa-2025-05-05,hf://nvidia/TechQA-RAG-Eval/corpus/swg21220832.txt,nvidia/TechQA-RAG-Eval,Apache-2.0,96cbff16a6bbaf0d8e9787f0fcd36f1157280e945df9fcf0ac410e9150c84d56
swg21227799,IBM Multiple logins using the same user ID - United States,security-support,restricted,restricted,techqa-proxy-owner,techqa-2025-05-05,hf://nvidia/TechQA-RAG-Eval/corpus/swg21227799.txt,nvidia/TechQA-RAG-Eval,Apache-2.0,77838d36194a3545644d11d8cb5ada1b80a0bcf3ef0d2dc098516f98a3ad0992
swg21232884,IBM TroubleShooting: WebSphere Application Server (Windows Services) problems - United States,engineering-support,internal,engineering,techqa-proxy-owner,techqa-p2-2026-07-18,hf://nvidia/TechQA-RAG-Eval/corpus/swg21232884.txt,nvidia/TechQA-RAG-Eval,Apache-2.0,34bf5b453373ecc99a3199a71b8c5dcf3cc43d65db1329d0f21e8d3c12d30406
swg21236322,IBM Contacting IBM WebSphere Appliance Support - United States,engineering-support,internal,engineering,techqa-proxy-owner,techqa-p2-2026-07-18,hf://nvidia/TechQA-RAG-Eval/corpus/swg21236322.txt,nvidia/TechQA-RAG-Eval,Apache-2.0,286fb45762d02dee63426b99e4e5804eb6060f3adc9e0e6ac717b248d2a91bc9
swg21237078,"IBM DB2 UDB Version 8, v10.5 compliance with FIPS 140-2 standard - United States",security-support,restricted,restricted,techqa-proxy-owner,techqa-p2-2026-07-18,hf://nvidia/TechQA-RAG-Eval/corpus/swg21237078.txt,nvidia/TechQA-RAG-Eval,Apache-2.0,949a27ea4f5a196fd5683492f8fdf641d168e40be135014be0c4706b91e7ab81
swg21240220,IBM How do I enable Content Manager OnDemand Web Enablement Kit (ODWEK) trace? - United States,engineering-support,internal,engineering,techqa-proxy-owner,techqa-p2-2026-07-18,hf://nvidia/TechQA-RAG-Eval/corpus/swg21240220.txt,nvidia/TechQA-RAG-Eval,Apache-2.0,7300331d8743ffe62beba5d0a2f71110b9096554fa7b31874872243c549e1062
swg21244384,"IBM Using the ""reinitialize"" CLI command to reconfigure an appliance. - United States",engineering-support,internal,engineering,techqa-proxy-owner,techqa-2025-05-05,hf://nvidia/TechQA-RAG-Eval/corpus/swg21244384.txt,nvidia/TechQA-RAG-Eval,Apache-2.0,8686773a55bd87e6e414037581d38a21afc9d96993158b9a8672bd5f946d9ff2
swg21244655,IBM Seed value used during the instance creation is lost : Recovery procedure - United States,security-support,restricted,restricted,techqa-proxy-owner,techqa-p2-2026-07-18,hf://nvidia/TechQA-RAG-Eval/corpus/swg21244655.txt,nvidia/TechQA-RAG-Eval,Apache-2.0,15188d63152b2e2a0145b751ecf5e2e44e6b0d4ed0d794b75a6a628490b34344
swg21245077,IBM Learning more about the Object Request Broker (ORB) - United States,engineering-support,internal,engineering,techqa-proxy-owner,techqa-p2-2026-07-18,hf://nvidia/TechQA-RAG-Eval/corpus/swg21245077.txt,nvidia/TechQA-RAG-Eval,Apache-2.0,ca3eceaf740128d486f9d41c2317f009c0ae38ec409e0c2073aef5e9935be2ea
swg21245273,IBM How to enable strong encryption > 128 bit - United States,security-support,restricted,restricted,techqa-proxy-owner,techqa-p2-2026-07-18,hf://nvidia/TechQA-RAG-Eval/corpus/swg21245273.txt,nvidia/TechQA-RAG-Eval,Apache-2.0,18339480bbe612b614c82a5e9ed58bf507ffa9c6688207be54ff49a2127b6909
swg21246298,IBM DataPower Gateways Firmware Support Lifecycle - United States,security-support,restricted,restricted,techqa-proxy-owner,techqa-p2-2026-07-18,hf://nvidia/TechQA-RAG-Eval/corpus/swg21246298.txt,nvidia/TechQA-RAG-Eval,Apache-2.0,f7d42e4e8cda518aaf6078e52e140d32517157bc548126b2010a45e348f0826a
swg21249798,IBM MQJMS1068 error occurs when trying to create an XA connection from WebSphere Application Server to MQ - United States,engineering-support,internal,engineering,techqa-proxy-owner,techqa-2025-05-05,hf://nvidia/TechQA-RAG-Eval/corpus/swg21249798.txt,nvidia/TechQA-RAG-Eval,Apache-2.0,1947e9002b6baf75991833b0236c9609069281c5cf5318e1277b71cb987d88f8
swg21255545,IBM Locating ITM Workspace Application Support Files for z/OS Agents - United States,engineering-support,internal,engineering,techqa-proxy-owner,techqa-2025-05-05,hf://nvidia/TechQA-RAG-Eval/corpus/swg21255545.txt,nvidia/TechQA-RAG-Eval,Apache-2.0,2ab1f57897175d4f12fdbd1a70ab36d2a38091b8f9de44a17efe19d53a8a7f68
swg21260155,IBM Configuring DataPower MQ client to use SSL in mutual authentication mode - United States,security-support,restricted,restricted,techqa-proxy-owner,techqa-2025-05-05,hf://nvidia/TechQA-RAG-Eval/corpus/swg21260155.txt,nvidia/TechQA-RAG-Eval,Apache-2.0,491280a7b5752f289f9bf10444e599e3b996a7736d19d94f78449fc242985ebc
swg21260969,IBM ITCAM Data Collector connection to the Managing Server fails with Connection Refused. - United States,operations-support,internal,operations,techqa-proxy-owner,techqa-p2-2026-07-18,hf://nvidia/TechQA-RAG-Eval/corpus/swg21260969.txt,nvidia/TechQA-RAG-Eval,Apache-2.0,044f2d2bbe5554d3250303c56697ba912f5134adcb16ea62df674b5c9b149a92
swg21263677,IBM Rational Application Developer Support Policy for 64 bit technology - United States,engineering-support,internal,engineering,techqa-proxy-owner,techqa-2025-05-05,hf://nvidia/TechQA-RAG-Eval/corpus/swg21263677.txt,nvidia/TechQA-RAG-Eval,Apache-2.0,f13f501d8f9749a10d987e8299583df3c6b359b48f91a0d1924c93af75563b15
swg21268440,IBM Getting java.io.NotSerializableException when SessionObjectSize counter is enabled - United States,operations-support,internal,operations,techqa-proxy-owner,techqa-2025-05-05,hf://nvidia/TechQA-RAG-Eval/corpus/swg21268440.txt,nvidia/TechQA-RAG-Eval,Apache-2.0,0db08ebc30bdf1b3b029eb973b28a6903c1d37c02dfdc9741aaa3f0e9c749dd5
swg21269136,IBM DataPower off-device logging: a configuration example - United States,engineering-support,internal,engineering,techqa-proxy-owner,techqa-2025-05-05,hf://nvidia/TechQA-RAG-Eval/corpus/swg21269136.txt,nvidia/TechQA-RAG-Eval,Apache-2.0,fb716cd99b7fb13f02989b09ea5855bb10e60f0a480b427fa65e0632aee2bc83
swg21282614,IBM TroubleShooting: JavaServer Pages (JSP) problems - United States,engineering-support,internal,engineering,techqa-proxy-owner,techqa-2025-05-05,hf://nvidia/TechQA-RAG-Eval/corpus/swg21282614.txt,nvidia/TechQA-RAG-Eval,Apache-2.0,6e17eed025379de47a24a40a4811ac64c95353e9a3bee6e84a748ab8f8af43fc
swg21284395,IBM Setting webcontainer custom properties for WebSphere Application Server - United States,engineering-support,internal,engineering,techqa-proxy-owner,techqa-p2-2026-07-18,hf://nvidia/TechQA-RAG-Eval/corpus/swg21284395.txt,nvidia/TechQA-RAG-Eval,Apache-2.0,6f4526e3cfe3e39608e9eeb008af6487e49a4e271ebc2cbb098bb524417993b7
swg21292808,"IBM How to troubleshoot the error ""Failed to process response headers"" - United States",operations-support,internal,operations,techqa-proxy-owner,techqa-2025-05-05,hf://nvidia/TechQA-RAG-Eval/corpus/swg21292808.txt,nvidia/TechQA-RAG-Eval,Apache-2.0,53568781a02e2de8eb21892bf84073535aa3df09912b3c0df2510b522610ed44
swg21294023,IBM JIT Problem Determination for IBM SDK using -Xjit - United States,engineering-support,internal,engineering,techqa-proxy-owner,techqa-p2-2026-07-18,hf://nvidia/TechQA-RAG-Eval/corpus/swg21294023.txt,nvidia/TechQA-RAG-Eval,Apache-2.0,ade4b64876afcb5c126e67dbc2cb0a6eecc048318e71ee351c688eb883ccb507
swg21298897,IBM WSDL Cache Policy not refreshing from WSDL in local:/// directory - United States,operations-support,internal,operations,techqa-proxy-owner,techqa-p2-2026-07-18,hf://nvidia/TechQA-RAG-Eval/corpus/swg21298897.txt,nvidia/TechQA-RAG-Eval,Apache-2.0,bedb49693a264b0c443af38e833fd33bfd6a37ea83a78e5e68d754cfb81671e2
swg21299319,IBM MQS_REPORT_NOAUTH environment variable can be used to better diagnose return code 2035 (MQRC_NOT_AUTHORIZED) - United States,security-support,restricted,restricted,techqa-proxy-owner,techqa-p2-2026-07-18,hf://nvidia/TechQA-RAG-Eval/corpus/swg21299319.txt,nvidia/TechQA-RAG-Eval,Apache-2.0,87771490374d517c2bca3a7466812d231fbac60e3a478822bc9c7ef51539d184
swg21308281,IBM Installing the Installation Manager on an NFS mounted disk - United States,engineering-support,internal,engineering,techqa-proxy-owner,techqa-2025-05-05,hf://nvidia/TechQA-RAG-Eval/corpus/swg21308281.txt,nvidia/TechQA-RAG-Eval,Apache-2.0,3331bbb0ed1a08a014eee1933df28205bda2c9dc91a456d66a06fe7511f38083
swg21308308,IBM How to move licenses to a new server - United States,engineering-support,internal,engineering,techqa-proxy-owner,techqa-p2-2026-07-18,hf://nvidia/TechQA-RAG-Eval/corpus/swg21308308.txt,nvidia/TechQA-RAG-Eval,Apache-2.0,e19a621438cc9c07bbbbacda9f2755f1da70ab18d31f34983871d2c956d34459
swg21312967,"IBM MQ 7.x, MQ 8.0 and MQ 9.0 compatibility with previous versions - including usage of CCDT files, JMS .bindings, SSL/TLS - United States",security-support,restricted,restricted,techqa-proxy-owner,techqa-2025-05-05,hf://nvidia/TechQA-RAG-Eval/corpus/swg21312967.txt,nvidia/TechQA-RAG-Eval,Apache-2.0,d9871b7e4aaa982d203458b17d8b7338624cb664ba4fa7340a570c5972ed7581
swg21317981,IBM 'EJPDB0160E: The sanity checks of the database layer failed' error occurs during startup after successful database transfer - United States,engineering-support,internal,engineering,techqa-proxy-owner,techqa-2025-05-05,hf://nvidia/TechQA-RAG-Eval/corpus/swg21317981.txt,nvidia/TechQA-RAG-Eval,Apache-2.0,6bf9c719ca0648f1607e7214fa4db7a03894cfbdc2f0a39523aa6f01ced1c69b
swg21318303,IBM Identify the application that has a WMQ queue opened - United States,operations-support,internal,operations,techqa-proxy-owner,techqa-2025-05-05,hf://nvidia/TechQA-RAG-Eval/corpus/swg21318303.txt,nvidia/TechQA-RAG-Eval,Apache-2.0,410ed37e0e7120965570d4cae412dcf19e7a4b59321d8d7ade34d41b263138c8
swg21318463,IBM Recommended values for web server plug-in config - United States,engineering-support,internal,engineering,techqa-proxy-owner,techqa-2025-05-05,hf://nvidia/TechQA-RAG-Eval/corpus/swg21318463.txt,nvidia/TechQA-RAG-Eval,Apache-2.0,8449e6ff06f2f8e6bd4287c36266929434dfb7f8fea6b2795575e9b3ed3339ce
swg21318593,IBM Handling 302 redirect error message in a Web Application Firewall - United States,security-support,restricted,restricted,techqa-proxy-owner,techqa-2025-05-05,hf://nvidia/TechQA-RAG-Eval/corpus/swg21318593.txt,nvidia/TechQA-RAG-Eval,Apache-2.0,4c51807269e9ba9ea40062d85501c90acd82d93575cbfe4fdbba33d0e08aa352
swg21319595,IBM HPDMG0759W error when creating the AMJRTE properties file - United States,security-support,restricted,restricted,techqa-proxy-owner,techqa-2025-05-05,hf://nvidia/TechQA-RAG-Eval/corpus/swg21319595.txt,nvidia/TechQA-RAG-Eval,Apache-2.0,bd6db5ef76b3aba043f6f94c9b1e1438181f7f083397ba96faf314ec3b3ccc66
swg21320206,"IBM ERROR: Default DB path is not set, when adding database set on RHEL 5 - United States",engineering-support,internal,engineering,techqa-proxy-owner,techqa-p2-2026-07-18,hf://nvidia/TechQA-RAG-Eval/corpus/swg21320206.txt,nvidia/TechQA-RAG-Eval,Apache-2.0,fa8201959d9f77c49a610d63d6e78ccb7cb1f46649e526a9ba6708f48dcaf9f8
swg21327685,IBM Obtaining FileNet Workplace Source Code - United States,security-support,restricted,restricted,techqa-proxy-owner,techqa-p2-2026-07-18,hf://nvidia/TechQA-RAG-Eval/corpus/swg21327685.txt,nvidia/TechQA-RAG-Eval,Apache-2.0,c4a120b1da3aefe00fe1ab2411da980ad9624e14792ec411837e5310a312147a
swg21330011,IBM Non Administrator usage must be manually cleaned up - United States,security-support,restricted,restricted,techqa-proxy-owner,techqa-p2-2026-07-18,hf://nvidia/TechQA-RAG-Eval/corpus/swg21330011.txt,nvidia/TechQA-RAG-Eval,Apache-2.0,75c292c50116dc6588714f543c140251dd2d6e71ed9c1d5a6e869221076574a5
swg21341204,IBM How to Rollback From a Fix Pack or Interim Fix to an Earlier Build - United States,security-support,restricted,restricted,techqa-proxy-owner,techqa-p2-2026-07-18,hf://nvidia/TechQA-RAG-Eval/corpus/swg21341204.txt,nvidia/TechQA-RAG-Eval,Apache-2.0,5db8e31e0f50cf369e39515367ac20d53a18cd2f165597f8bcddd9777666f87a
swg21358381,IBM Incorrect providerURL causes ConfigEngine wp-add-property task to fail in cluster - United States,security-support,restricted,restricted,techqa-proxy-owner,techqa-p2-2026-07-18,hf://nvidia/TechQA-RAG-Eval/corpus/swg21358381.txt,nvidia/TechQA-RAG-Eval,Apache-2.0,a88f2a84fd199785c76e4bf7a1460ac09c0e80b1706377539ddf4434fe5df1a1
swg21358508,"IBM Creating a custom Login Portlet for WebSphere Portal 6.1, also includes setting to credential vault. - United States",security-support,restricted,restricted,techqa-proxy-owner,techqa-p2-2026-07-18,hf://nvidia/TechQA-RAG-Eval/corpus/swg21358508.txt,nvidia/TechQA-RAG-Eval,Apache-2.0,6e4c76cba648c026cd7964c1dc131bb5b901b163bd3f60d54733f602489af96e
swg21365841,IBM EJB WIMServiceHome cannot be found even after .ear file is installed successfully - United States,engineering-support,internal,engineering,techqa-proxy-owner,techqa-2025-05-05,hf://nvidia/TechQA-RAG-Eval/corpus/swg21365841.txt,nvidia/TechQA-RAG-Eval,Apache-2.0,f48a93c96e1ef47c97beebf4a9105d1413db61a619989f034944619a6f009c24
swg21366662,IBM How to change Siebel connection settings using the  siebel.properties file in WebSphere Adapter for Siebel eBusiness Applications - United States,security-support,restricted,restricted,techqa-proxy-owner,techqa-2025-05-05,hf://nvidia/TechQA-RAG-Eval/corpus/swg21366662.txt,nvidia/TechQA-RAG-Eval,Apache-2.0,20f1b495ff079295440cc2bd28beec40892ac58e85a7ccca63236f508d7e651b
swg21371279,IBM Scheduled Cognos BI reports are stuck in Pending state - United States,security-support,restricted,restricted,techqa-proxy-owner,techqa-p2-2026-07-18,hf://nvidia/TechQA-RAG-Eval/corpus/swg21371279.txt,nvidia/TechQA-RAG-Eval,Apache-2.0,ec8476ff6a6b1f2dc716cc9dfa03d7b2e1aba70e85570892649326dfd6fff93d
swg21373312,IBM Troubleshooting native memory issues - United States,security-support,restricted,restricted,techqa-proxy-owner,techqa-p2-2026-07-18,hf://nvidia/TechQA-RAG-Eval/corpus/swg21373312.txt,nvidia/TechQA-RAG-Eval,Apache-2.0,88e78b309bd026f076c6c94d4e86ab76c51775060630cb0bd5802947595c42ee
swg21377984,IBM Removing a failed install from the ITM i5/OS agent - United States,engineering-support,internal,engineering,techqa-proxy-owner,techqa-p2-2026-07-18,hf://nvidia/TechQA-RAG-Eval/corpus/swg21377984.txt,nvidia/TechQA-RAG-Eval,Apache-2.0,05d1557368d04560be003fa64faf4cd57c9c0c2375b1521324cb2dc9b4d4aca6
swg21380213,IBM WebSphere DataPower SOA Appliance MQ Manager Object's connections are not closed as expected. - United States,operations-support,internal,operations,techqa-proxy-owner,techqa-2025-05-05,hf://nvidia/TechQA-RAG-Eval/corpus/swg21380213.txt,nvidia/TechQA-RAG-Eval,Apache-2.0,e4884c694cfb634bf8d65d68e768ace63f2bfc74219923b42953249f3dc37b22
swg21381009,IBM Using dblook and ij to work with the embedded Apache Derby in WebSphere Portal - United States,engineering-support,internal,engineering,techqa-proxy-owner,techqa-2025-05-05,hf://nvidia/TechQA-RAG-Eval/corpus/swg21381009.txt,nvidia/TechQA-RAG-Eval,Apache-2.0,a19fc976c0fab5060d4a98df4e059b56ccc508a4fe6dc317256fe2fad70a5121
swg21390112,IBM Critical updates for IBM DataPower Gateways - United States,security-support,restricted,restricted,techqa-proxy-owner,techqa-p2-2026-07-18,hf://nvidia/TechQA-RAG-Eval/corpus/swg21390112.txt,nvidia/TechQA-RAG-Eval,Apache-2.0,2a7f659707cd588d33c13fec45e652f932d4b440007a0acc100753dfe453d3e9
swg21391724,IBM Flush Out Old Entries in the MQSeries Events Workspace - United States,operations-support,internal,operations,techqa-proxy-owner,techqa-p2-2026-07-18,hf://nvidia/TechQA-RAG-Eval/corpus/swg21391724.txt,nvidia/TechQA-RAG-Eval,Apache-2.0,231db813448a9aec745db1c26bf3ae364fa1696f96eb0f3b2d20e71c42d479dc
swg21392025,"IBM MQ's support position on Virtualization, low-level hardware, file systems on networks and high availability - United States",engineering-support,internal,engineering,techqa-proxy-owner,techqa-p2-2026-07-18,hf://nvidia/TechQA-RAG-Eval/corpus/swg21392025.txt,nvidia/TechQA-RAG-Eval,Apache-2.0,e3d33c45d82b7f2bb6267e85cefe92966a91f1b1250a53c2714e2a6fe2ae18dd
swg21395327,"IBM The Key Management Utility bundled with IBM HTTP Server V7.0 32-bit, and the WebSphere Application Server Web server plug-in 32-bit V7.0, displays an error when creating a PKCS12 keystore file - United States",security-support,restricted,restricted,techqa-proxy-owner,techqa-2025-05-05,hf://nvidia/TechQA-RAG-Eval/corpus/swg21395327.txt,nvidia/TechQA-RAG-Eval,Apache-2.0,f2ef32d47d335a87f23493a1feeff67cbc548c94088b494a280a4bd74c25ec8e
swg21397335,IBM Using WASServiceCmd to create Windows services for WebSphere Application Servers - United States,engineering-support,internal,engineering,techqa-proxy-owner,techqa-2025-05-05,hf://nvidia/TechQA-RAG-Eval/corpus/swg21397335.txt,nvidia/TechQA-RAG-Eval,Apache-2.0,2d5a85a23ae2d0eba0d8e72418b554b2d2fc6b1bd23b3186c89b9ac583e8f79b
swg21399255,IBM After upgrading to 7.0.1.0 you get SSL error AMQ9716 - United States,security-support,restricted,restricted,techqa-proxy-owner,techqa-2025-05-05,hf://nvidia/TechQA-RAG-Eval/corpus/swg21399255.txt,nvidia/TechQA-RAG-Eval,Apache-2.0,d1464c590d5280e4f827fd09be028d7a5d226fc571da5cfc426246deb43ee733
swg21400738,IBM Find the version of JRules/WODM components - United States,engineering-support,internal,engineering,techqa-proxy-owner,techqa-p2-2026-07-18,hf://nvidia/TechQA-RAG-Eval/corpus/swg21400738.txt,nvidia/TechQA-RAG-Eval,Apache-2.0,3e7ef79f1bc6ed161628c3f8eb24d57bb6476bc37d6785ca9ef4f1ca80e35db5
swg21400807,IBM Setting up multiple Rule Execution Server eXecution Unit  (XU) in one cell - United States,engineering-support,internal,engineering,techqa-proxy-owner,techqa-p2-2026-07-18,hf://nvidia/TechQA-RAG-Eval/corpus/swg21400807.txt,nvidia/TechQA-RAG-Eval,Apache-2.0,f1d9cde20646e2a633f52d515a1ac8c9850bb1679a089bb8ee68fc6d11f24de5
swg21403623,IBM How to enable/disable the Floating license support for individual products - United States,engineering-support,internal,engineering,techqa-proxy-owner,techqa-p2-2026-07-18,hf://nvidia/TechQA-RAG-Eval/corpus/swg21403623.txt,nvidia/TechQA-RAG-Eval,Apache-2.0,72791811a1a86030d78fa01bb94ef1fdca416f19a6daef0e1638833a9a4ff0ef
swg21405302,IBM Disabling WebSphere administrative security when admin console is not accessible - United States,security-support,restricted,restricted,techqa-proxy-owner,techqa-2025-05-05,hf://nvidia/TechQA-RAG-Eval/corpus/swg21405302.txt,nvidia/TechQA-RAG-Eval,Apache-2.0,edc001c101b4add7a377cf375ac2808ab5684fdef59dcc478c06096daa9b4800
swg21406783,"IBM When a Certificate Authority (CA) signs a certificate using SHA2(SHA-256), IBM Websphere DataPower SOA Appliance can validate the signature of CA on certificate. - United States",security-support,restricted,restricted,techqa-proxy-owner,techqa-2025-05-05,hf://nvidia/TechQA-RAG-Eval/corpus/swg21406783.txt,nvidia/TechQA-RAG-Eval,Apache-2.0,0a13e5b3c240738d63edc9d8b606c14555e826ad407158f7cc3fb18cd8420853
swg21407889,IBM How to determine the ulimit settings of a running WebSphere Application Server process on Linux - United States,engineering-support,internal,engineering,techqa-proxy-owner,techqa-p2-2026-07-18,hf://nvidia/TechQA-RAG-Eval/corpus/swg21407889.txt,nvidia/TechQA-RAG-Eval,Apache-2.0,6f6cd440a90207ef1fec731b272134b32662a93b0997b6068ac21aa089ea71cc
swg21409481,IBM Information Server QualityStage Match Designer Database creation - United States,engineering-support,internal,engineering,techqa-proxy-owner,techqa-p2-2026-07-18,hf://nvidia/TechQA-RAG-Eval/corpus/swg21409481.txt,nvidia/TechQA-RAG-Eval,Apache-2.0,514818a6844b4851dcf23fa56258e4a684a355f0060a184fd8d492aee6e30174
swg21412061,IBM How to export and import keys from an HSM-enabled IBM WebSphere DataPower SOA Appliance - United States,security-support,restricted,restricted,techqa-proxy-owner,techqa-2025-05-05,hf://nvidia/TechQA-RAG-Eval/corpus/swg21412061.txt,nvidia/TechQA-RAG-Eval,Apache-2.0,2ee1af207ca955b3c31c8ca059802fe617532df3a44eb7d168f215d978103edd
swg21412846,IBM Wrong codepoints for non-ASCII characters inserted in UTF-8 database using CLP - United States,operations-support,internal,operations,techqa-proxy-owner,techqa-p2-2026-07-18,hf://nvidia/TechQA-RAG-Eval/corpus/swg21412846.txt,nvidia/TechQA-RAG-Eval,Apache-2.0,5759bad4b478764bd73ba0533f4faf19763f5322ff0d1e0b8be14e29fa8009cf
swg21413628,IBM Java Health Center Client -  a low overhead monitoring tool - United States,engineering-support,internal,engineering,techqa-proxy-owner,techqa-p2-2026-07-18,hf://nvidia/TechQA-RAG-Eval/corpus/swg21413628.txt,nvidia/TechQA-RAG-Eval,Apache-2.0,d8abc8b58c04c7f6e9c8150e4d1e6d3abc659ba9d0ea2227e5ba1bea7ea00440
swg21417266,IBM Including long descriptions in the Maximo Enterprise Adapter - United States,operations-support,internal,operations,techqa-proxy-owner,techqa-p2-2026-07-18,hf://nvidia/TechQA-RAG-Eval/corpus/swg21417266.txt,nvidia/TechQA-RAG-Eval,Apache-2.0,67f93c5ab8592868bbd928688c5f1f3c78791f8b6de145c892deeba8c43a7789
swg21417765,IBM Configuring defaultRowPrefetch for an Oracle JDBC driver - United States,operations-support,internal,operations,techqa-proxy-owner,techqa-2025-05-05,hf://nvidia/TechQA-RAG-Eval/corpus/swg21417765.txt,nvidia/TechQA-RAG-Eval,Apache-2.0,d8cefc440741d1294ba37c055e46291d8058651d644af2be8b0c02605dd90788
swg21417934,IBM Best Practices for configuring local chained services on IBM DataPower Gateways - United States,operations-support,internal,operations,techqa-proxy-owner,techqa-p2-2026-07-18,hf://nvidia/TechQA-RAG-Eval/corpus/swg21417934.txt,nvidia/TechQA-RAG-Eval,Apache-2.0,75dfd60117df2bd1ec989a0c4e8fafc3d673a1701273c97b9f4f5d01b35d35f9
swg21418646,IBM Ruleset updates and programmatic notification of RES eXecution Unit - United States,security-support,restricted,restricted,techqa-proxy-owner,techqa-p2-2026-07-18,hf://nvidia/TechQA-RAG-Eval/corpus/swg21418646.txt,nvidia/TechQA-RAG-Eval,Apache-2.0,f3b4baa0d1adbd0a1eefd8d6452aee72eb112e3bbf518211a52036d1d1c5a50c
swg21419230,IBM WebSphere Portal inactive session time out and redirect - United States,security-support,restricted,restricted,techqa-proxy-owner,techqa-2025-05-05,hf://nvidia/TechQA-RAG-Eval/corpus/swg21419230.txt,nvidia/TechQA-RAG-Eval,Apache-2.0,6ff297a65622e67fbd7d7037e2ffc0346e48aad6175957c9095f0f6a1c527469
swg21419540,IBM Clarification of WebSphere Message Broker support of Resource Registry with WebSphere Transformation Extender for Message Broker - United States,engineering-support,internal,engineering,techqa-proxy-owner,techqa-p2-2026-07-18,hf://nvidia/TechQA-RAG-Eval/corpus/swg21419540.txt,nvidia/TechQA-RAG-Eval,Apache-2.0,5bc882cb94fbe4f8aee34b97c462eece71ee7e208afa82a0dc952d7b318682e9
swg21421783,IBM Unsolicited SQL updates from User Defined Function - United States,operations-support,internal,operations,techqa-proxy-owner,techqa-p2-2026-07-18,hf://nvidia/TechQA-RAG-Eval/corpus/swg21421783.txt,nvidia/TechQA-RAG-Eval,Apache-2.0,0e1d91c531d258331b2b84d409d8c996f0ea4a8fd45a5a284a543659be4ef640
swg21424808,IBM Health Check events Node and Domain and their interactions. - United States,engineering-support,internal,engineering,techqa-proxy-owner,techqa-p2-2026-07-18,hf://nvidia/TechQA-RAG-Eval/corpus/swg21424808.txt,nvidia/TechQA-RAG-Eval,Apache-2.0,882f2f873d0bafd108f6936f57256880c17bd606d3d9b0c517f0996a3c21793f
swg21425772,"IBM ""An invalid XML character"" error is thrown when handling data originating from a WebSphere Adapter - United States",operations-support,internal,operations,techqa-proxy-owner,techqa-2025-05-05,hf://nvidia/TechQA-RAG-Eval/corpus/swg21425772.txt,nvidia/TechQA-RAG-Eval,Apache-2.0,cdd920cac8125f5f7feb95ad799e01f132cda8e4c1b1451681689849306cea28
swg21426014,IBM Clustering Rule Execution Server management console - United States,engineering-support,internal,engineering,techqa-proxy-owner,techqa-p2-2026-07-18,hf://nvidia/TechQA-RAG-Eval/corpus/swg21426014.txt,nvidia/TechQA-RAG-Eval,Apache-2.0,fa72ec9f0169426cb440042af41b7a39c51e1b7f537536b49baaa5de7cb2618e
swg21426713,IBM Support Statement for installing WebSphere Portal on an AIX V6.1 Workload Partition (WPAR) - United States,engineering-support,internal,engineering,techqa-proxy-owner,techqa-p2-2026-07-18,hf://nvidia/TechQA-RAG-Eval/corpus/swg21426713.txt,nvidia/TechQA-RAG-Eval,Apache-2.0,cd3552d6d6c97256eea947c3ebca7123892bd3e37a42860c455e6effa2436e96
swg21426787,IBM Portal upgrades fail during ejbdeploy with 'Error is Platform not running' message - United States,engineering-support,internal,engineering,techqa-proxy-owner,techqa-2025-05-05,hf://nvidia/TechQA-RAG-Eval/corpus/swg21426787.txt,nvidia/TechQA-RAG-Eval,Apache-2.0,eb2438803f34b012fab0f7b2bb7197b5d745c8c74aab72e44edf8e19556dee36
swg21431301,IBM WebSphere DataPower spikes with high CPU when WebSphere MQ connection is unavailable - United States,engineering-support,internal,engineering,techqa-proxy-owner,techqa-p2-2026-07-18,hf://nvidia/TechQA-RAG-Eval/corpus/swg21431301.txt,nvidia/TechQA-RAG-Eval,Apache-2.0,ec841b2daad3e6833c07045125df1cbcae0818abe70d6a342bb38bc5c8a0b265
swg21433278,IBM Obtaining debug information during Decision Warehouse trace capture - United States,engineering-support,internal,engineering,techqa-proxy-owner,techqa-p2-2026-07-18,hf://nvidia/TechQA-RAG-Eval/corpus/swg21433278.txt,nvidia/TechQA-RAG-Eval,Apache-2.0,77813ad42e1add6738a30b5b0199f36cde5842965b320f970493309325c24f7c
swg21438047,"IBM SQL1763N error with Reason Code 11 while running ""Alter Tablespace"" command to reclaim unused storage space against DMS or automatic storage tablespaces. - United States",engineering-support,internal,engineering,techqa-proxy-owner,techqa-p2-2026-07-18,hf://nvidia/TechQA-RAG-Eval/corpus/swg21438047.txt,nvidia/TechQA-RAG-Eval,Apache-2.0,71ac3506821c1ed3f3bab107e2ee2cf35d4d73ddffe39a7c4040608bf2210999
swg21438208,IBM Reducing the size of Decision Warehouse trace when running scenario suites - United States,engineering-support,internal,engineering,techqa-proxy-owner,techqa-p2-2026-07-18,hf://nvidia/TechQA-RAG-Eval/corpus/swg21438208.txt,nvidia/TechQA-RAG-Eval,Apache-2.0,ff5f0db6a0b0c8394881923572eec98e46f6789e2e0c12e6ba2e350cc06123db
swg21440086,IBM Collect troubleshooting data for problems in WebSphere Lombardi Edition - United States,security-support,restricted,restricted,techqa-proxy-owner,techqa-p2-2026-07-18,hf://nvidia/TechQA-RAG-Eval/corpus/swg21440086.txt,nvidia/TechQA-RAG-Eval,Apache-2.0,294050c8e0b50dc3c6eecbfe0f279f118de1b9f3d5c68e8cf02153538c6689b6
swg21441018,IBM Web server plug-in setupGSKitLibPath script contains invalid command syntax - United States,security-support,restricted,restricted,techqa-proxy-owner,techqa-p2-2026-07-18,hf://nvidia/TechQA-RAG-Eval/corpus/swg21441018.txt,nvidia/TechQA-RAG-Eval,Apache-2.0,f3d5df32a3757de0b4bb59eec234f7fac0ab673dcd6aa481bf9bf0750dbf6550
swg21442694,"IBM Procedure to change the username and/or password for the FileNet Content Engine  Directory Service Account, including the bootstrap user - United States",security-support,restricted,restricted,techqa-proxy-owner,techqa-2025-05-05,hf://nvidia/TechQA-RAG-Eval/corpus/swg21442694.txt,nvidia/TechQA-RAG-Eval,Apache-2.0,9e593f7947a86671f57ca2f97bb31f39968138c0451af9f3215fcb4fbb5ef839
swg21443723,"IBM ERRORCODE=-4499, The application server rejected establishment of the connection. - United States",engineering-support,internal,engineering,techqa-proxy-owner,techqa-p2-2026-07-18,hf://nvidia/TechQA-RAG-Eval/corpus/swg21443723.txt,nvidia/TechQA-RAG-Eval,Apache-2.0,3f47c7d088303710370aa2d5cba0dcc6dbd55e7bbc7a96e48e1008fbac08f53e
swg21445430,IBM Automated data collection capability provided by wpcollector tool - United States,engineering-support,internal,engineering,techqa-proxy-owner,techqa-2025-05-05,hf://nvidia/TechQA-RAG-Eval/corpus/swg21445430.txt,nvidia/TechQA-RAG-Eval,Apache-2.0,847fe322e9c27107e7dff9657b9c2fb0e3e15747867a3cd28a69f9b74c234931
swg21445801,IBM WCM page and authoring portlet may not display after migration - United States,engineering-support,internal,engineering,techqa-proxy-owner,techqa-2025-05-05,hf://nvidia/TechQA-RAG-Eval/corpus/swg21445801.txt,nvidia/TechQA-RAG-Eval,Apache-2.0,1583e21142bbe032646f7abce422473ed9db6a0787956fde8db8f413e1215860
swg21449103,IBM Limitations when deploying more than one Rule Execution Server console - United States,engineering-support,internal,engineering,techqa-proxy-owner,techqa-2025-05-05,hf://nvidia/TechQA-RAG-Eval/corpus/swg21449103.txt,nvidia/TechQA-RAG-Eval,Apache-2.0,b72601979413d08a4744d476edbd9a70ac9b88c6a8552cb17e3d61d54487ce23
swg21451229,IBM Rule Team Server/Decision Center is timing out while performing certain operations - United States,engineering-support,internal,engineering,techqa-proxy-owner,techqa-2025-05-05,hf://nvidia/TechQA-RAG-Eval/corpus/swg21451229.txt,nvidia/TechQA-RAG-Eval,Apache-2.0,067f1cc7d52f499f3631440fa5f6d74c4f8ddbfbc89892cf7a68e6245ad9e862
swg21452611,IBM Portal Upgrades:  Best Practices for 7.0 - United States,engineering-support,internal,engineering,techqa-proxy-owner,techqa-p2-2026-07-18,hf://nvidia/TechQA-RAG-Eval/corpus/swg21452611.txt,nvidia/TechQA-RAG-Eval,Apache-2.0,c50606da14d7a8dde45ceafcd9d505d383b7c300ab9b7c714768d91940c558aa
swg21452870,IBM Increasing size of heap memory allocated to Cast Iron Studio - United States,engineering-support,internal,engineering,techqa-proxy-owner,techqa-p2-2026-07-18,hf://nvidia/TechQA-RAG-Eval/corpus/swg21452870.txt,nvidia/TechQA-RAG-Eval,Apache-2.0,7a450fda0b271b3947bf970530b600149372411c45d6b886b5b99a41970077e5
swg21457788,IBM Withdrawal of support for the IBM WebSphere DataPower SOA Appliances 3.7.3 firmware levels - United States,engineering-support,internal,engineering,techqa-proxy-owner,techqa-p2-2026-07-18,hf://nvidia/TechQA-RAG-Eval/corpus/swg21457788.txt,nvidia/TechQA-RAG-Eval,Apache-2.0,105f78bdd7ea09b548a0b1200b26904d3248d6fb063296010f0914c9208322cb
swg21458245,IBM XU notification in a cluster over multiple cells - United States,engineering-support,internal,engineering,techqa-proxy-owner,techqa-p2-2026-07-18,hf://nvidia/TechQA-RAG-Eval/corpus/swg21458245.txt,nvidia/TechQA-RAG-Eval,Apache-2.0,3f7c8bb64806932022cb168928469c608c8fa3d2391c9ca0f16b540ceb2de7fd
swg21459952,IBM WebSphere Portal startup fails with EJCBC0002E: The service [<serviceName>] could not be located. - United States,engineering-support,internal,engineering,techqa-proxy-owner,techqa-2025-05-05,hf://nvidia/TechQA-RAG-Eval/corpus/swg21459952.txt,nvidia/TechQA-RAG-Eval,Apache-2.0,3971198fffbc06112fedcca7e73e3c6f1752cebe7c4ea753df68048ffdd23489
swg21468340,IBM MTTrapd [SNMP] probe drops traps from specific devices - United States,engineering-support,internal,engineering,techqa-proxy-owner,techqa-p2-2026-07-18,hf://nvidia/TechQA-RAG-Eval/corpus/swg21468340.txt,nvidia/TechQA-RAG-Eval,Apache-2.0,9a8b0f008661418d36873a21616ca0040fbfb0e944bdf5b1bb945083f1a42879
swg21469413,IBM Guidelines for setting ulimits (WebSphere Application Server) - United States,security-support,restricted,restricted,techqa-proxy-owner,techqa-2025-05-05,hf://nvidia/TechQA-RAG-Eval/corpus/swg21469413.txt,nvidia/TechQA-RAG-Eval,Apache-2.0,11dcec31f0f83364f0bc9ab1896ae952e6af3559f5750d1d24c6b4c96252a38c
swg21477587,IBM Will current versions of IBM SPSS Statistics or AMOS for Windows run on a Macintosh operating system? - United States,engineering-support,internal,engineering,techqa-proxy-owner,techqa-p2-2026-07-18,hf://nvidia/TechQA-RAG-Eval/corpus/swg21477587.txt,nvidia/TechQA-RAG-Eval,Apache-2.0,3fc383c91e119f1dc0a50c7185bf39ae8f75df58b15257dbbb77a4acc3d4effc
swg21480262,IBM During installation IBM SPSS product(s) displays message including 1311. - United States,engineering-support,internal,engineering,techqa-proxy-owner,techqa-p2-2026-07-18,hf://nvidia/TechQA-RAG-Eval/corpus/swg21480262.txt,nvidia/TechQA-RAG-Eval,Apache-2.0,482c5dd522ff5da43370a248145e393d2f1e63007ba7f7fee4fbc159665a3b19
swg21480755,IBM Error # 2070. The license server is down. Specific symptom number: 3 - United States,security-support,restricted,restricted,techqa-proxy-owner,techqa-p2-2026-07-18,hf://nvidia/TechQA-RAG-Eval/corpus/swg21480755.txt,nvidia/TechQA-RAG-Eval,Apache-2.0,0522b6f8a0178216c3a6db08f09ba7dfd2baa95398f43561eeaad2e6c32eab3f
swg21486143,IBM Error message: 'authorization failed' and 'authorization code entered is not for this product/version' when attempting to license IBM SPSS Statistics or Modeler/ - United States,engineering-support,internal,engineering,techqa-proxy-owner,techqa-p2-2026-07-18,hf://nvidia/TechQA-RAG-Eval/corpus/swg21486143.txt,nvidia/TechQA-RAG-Eval,Apache-2.0,6877055675faf9a1b038f8f29cddbb3d95bf0d3638fe179847bc6cb04319345e
swg21495799,IBM FileNet Workplace XT NullPointerException when bootstrapping the object store or accessing Site Preferences/Access Role - United States,engineering-support,internal,engineering,techqa-proxy-owner,techqa-p2-2026-07-18,hf://nvidia/TechQA-RAG-Eval/corpus/swg21495799.txt,nvidia/TechQA-RAG-Eval,Apache-2.0,ed00495ca508ee1b8a7537f8086531e5f74534ac9306094314cffdf423cc8687
swg21496054,IBM Support Statement for Microsoft Internet Explorer V9 - United States,engineering-support,internal,engineering,techqa-proxy-owner,techqa-p2-2026-07-18,hf://nvidia/TechQA-RAG-Eval/corpus/swg21496054.txt,nvidia/TechQA-RAG-Eval,Apache-2.0,c62546b53539262570c033a54b809290873f11194893e1a6f9a91a111b8099f9
swg21496067,IBM Fix Pack 7.0.0.1 fails at action-import-defaultnodes-wp.filestore/base task. - United States,security-support,restricted,restricted,techqa-proxy-owner,techqa-p2-2026-07-18,hf://nvidia/TechQA-RAG-Eval/corpus/swg21496067.txt,nvidia/TechQA-RAG-Eval,Apache-2.0,d1aae4012b285b5fe7fce51508c8c20de3c2c826e0abae94a9d717298099bde4
swg21496354,IBM JRules or ODM module fails to access database with StaleConnectionException - United States,engineering-support,internal,engineering,techqa-proxy-owner,techqa-2025-05-05,hf://nvidia/TechQA-RAG-Eval/corpus/swg21496354.txt,nvidia/TechQA-RAG-Eval,Apache-2.0,3ded7f1ca946fb7e7750b64ca647ff1cbcf51c108ab664f957e572c96438ff24
swg21497604,IBM NoClassDefFoundError running Java class selected from server plugin jar - United States,operations-support,internal,operations,techqa-proxy-owner,techqa-2025-05-05,hf://nvidia/TechQA-RAG-Eval/corpus/swg21497604.txt,nvidia/TechQA-RAG-Eval,Apache-2.0,30281a6224df25505b2207a37360c0bcd90be38c893725c24f40ea07b2663224
swg21498634,IBM Unable to connect using network services: WebGUI or ssh after upgrading WebSphere DataPower firmware - United States,security-support,restricted,restricted,techqa-proxy-owner,techqa-2025-05-05,hf://nvidia/TechQA-RAG-Eval/corpus/swg21498634.txt,nvidia/TechQA-RAG-Eval,Apache-2.0,6332123e77c4c9a72ae765680b5acdea76b2bd485b016cdcd960720da6ed7c76
swg21498780,IBM Format of XML-type ruleset parameters in SOAP messages with MTDS - United States,operations-support,internal,operations,techqa-proxy-owner,techqa-2025-05-05,hf://nvidia/TechQA-RAG-Eval/corpus/swg21498780.txt,nvidia/TechQA-RAG-Eval,Apache-2.0,4840557b50195a56c587d2b66299487dfb2ae3594531a59c4fe50fd2195afa18
swg21499280,IBM Unable to start Ping Probe by non-root user on AIX - United States,engineering-support,internal,engineering,techqa-proxy-owner,techqa-p2-2026-07-18,hf://nvidia/TechQA-RAG-Eval/corpus/swg21499280.txt,nvidia/TechQA-RAG-Eval,Apache-2.0,f5426c4cf37e2f113d81732c3b0ab7c6989002fd25f57b72ee33ee5b0b0fa545
swg21499307,IBM How to determine if a TIP server is part of a HA cluster - United States,engineering-support,internal,engineering,techqa-proxy-owner,techqa-p2-2026-07-18,hf://nvidia/TechQA-RAG-Eval/corpus/swg21499307.txt,nvidia/TechQA-RAG-Eval,Apache-2.0,def070b3419c2d53feb63e8503cb23b80c0ad682136f956b9ce1bcc342b70fa2
swg21500040,IBM User Defined Function not receiving provided variable - United States,operations-support,internal,operations,techqa-proxy-owner,techqa-p2-2026-07-18,hf://nvidia/TechQA-RAG-Eval/corpus/swg21500040.txt,nvidia/TechQA-RAG-Eval,Apache-2.0,1e5f5701b96161ab20abef929a6d022c3f6c03005e650b12b0d8897ffbc1118b
swg21500046,IBM Replacement of an expiring certificate on the IBM WebSphere DataPower SOA Appliance - United States,security-support,restricted,restricted,techqa-proxy-owner,techqa-p2-2026-07-18,hf://nvidia/TechQA-RAG-Eval/corpus/swg21500046.txt,nvidia/TechQA-RAG-Eval,Apache-2.0,bd07ac20aca06e3159206740dccf8bcb770a2379a9a746ef7ac36becc33378d6
swg21500151,IBM Remote scanning freezes or stops with IBM Datacap Taskmaster Capture - United States,operations-support,internal,operations,techqa-proxy-owner,techqa-p2-2026-07-18,hf://nvidia/TechQA-RAG-Eval/corpus/swg21500151.txt,nvidia/TechQA-RAG-Eval,Apache-2.0,207df0a00cad5ccf57086c1a44cca297fc1e74491286449c58134d2584aa12c3
swg21500300,IBM Optimizing barcode recognition with IBM Datacap - United States,engineering-support,internal,engineering,techqa-proxy-owner,techqa-p2-2026-07-18,hf://nvidia/TechQA-RAG-Eval/corpus/swg21500300.txt,nvidia/TechQA-RAG-Eval,Apache-2.0,712f9fadbd9fb3e6d9728bb9b8aedf1ba6aef5f8bde1519d016b06d24040175d
swg21501900,IBM Unable to log on to FileNet WorkplaceXT receive an AE SecurityCheckFilter error - United States,security-support,restricted,restricted,techqa-proxy-owner,techqa-2025-05-05,hf://nvidia/TechQA-RAG-Eval/corpus/swg21501900.txt,nvidia/TechQA-RAG-Eval,Apache-2.0,a00ab6fce03e5fe697635853b12ed90a2157c03ae3ac600f089941034423a55d
swg21502037,IBM Unable to add Centera Device in FileNet Content  Engine - United States,engineering-support,internal,engineering,techqa-proxy-owner,techqa-2025-05-05,hf://nvidia/TechQA-RAG-Eval/corpus/swg21502037.txt,nvidia/TechQA-RAG-Eval,Apache-2.0,11abd81aa7aaaf201de0b0e7b43cd7cc2a0739a796e940659bd2f9dc2944bdf3
swg21502095,IBM Distribute Decision Validation Service tests on different Rule Execution Server instances - United States,engineering-support,internal,engineering,techqa-proxy-owner,techqa-p2-2026-07-18,hf://nvidia/TechQA-RAG-Eval/corpus/swg21502095.txt,nvidia/TechQA-RAG-Eval,Apache-2.0,7d494bc7ebc11dcb36b3ee149a9caffe03802ca0b59346b59f85ef43ccf5566d
swg21502701,"IBM Opening web pages that contain JavaScript causes Rational Application Developer to crash with the ""... exit code=8096"" error - United States",engineering-support,internal,engineering,techqa-proxy-owner,techqa-p2-2026-07-18,hf://nvidia/TechQA-RAG-Eval/corpus/swg21502701.txt,nvidia/TechQA-RAG-Eval,Apache-2.0,f4fedfa12adc1f07430f0d1261fd32b4f854b87d33a796cb04af1f3888a7e1da
swg21507587,IBM What are the supported Apple Macintosh Operating System Versions for IBM SPSS Statistics? - United States,engineering-support,internal,engineering,techqa-proxy-owner,techqa-p2-2026-07-18,hf://nvidia/TechQA-RAG-Eval/corpus/swg21507587.txt,nvidia/TechQA-RAG-Eval,Apache-2.0,cc06f36d56082e8a9165e7fe7063cfa4927c5f7e271db9e14c7a5dea552e8003
swg21508890,IBM How to serve static files from both IBM HTTP Server and an application in WebSphere Application Server - United States,engineering-support,internal,engineering,techqa-proxy-owner,techqa-2025-05-05,hf://nvidia/TechQA-RAG-Eval/corpus/swg21508890.txt,nvidia/TechQA-RAG-Eval,Apache-2.0,29297a5934ca91516a485dbf60d17b545d8ce374346bdb1c10a2b8e9dad0d00d
swg21509510,IBM How to delete a document hierarchy node in IBM Datacap Taskmaster Capture - United States,operations-support,internal,operations,techqa-proxy-owner,techqa-p2-2026-07-18,hf://nvidia/TechQA-RAG-Eval/corpus/swg21509510.txt,nvidia/TechQA-RAG-Eval,Apache-2.0,6580cb378157d9f54bde5a817ac5ea2b49d4d791e951c16a1ca3d6834b6aa6f4
swg21509634,IBM How to set an appropriate number of Portal Datasource connections in WebSphere Portal - United States,engineering-support,internal,engineering,techqa-proxy-owner,techqa-2025-05-05,hf://nvidia/TechQA-RAG-Eval/corpus/swg21509634.txt,nvidia/TechQA-RAG-Eval,Apache-2.0,766eae8904fefab96fb7342ec866e6fa46992503d88ae641611489bbb16d441c
swg21511831,"IBM DOORS module fails to open in exclusive edit mode results in error ""unable to open module ...no such file or directory"" - United States",operations-support,internal,operations,techqa-proxy-owner,techqa-p2-2026-07-18,hf://nvidia/TechQA-RAG-Eval/corpus/swg21511831.txt,nvidia/TechQA-RAG-Eval,Apache-2.0,a2c551683d9afd35537bc590700639904bc46c53017d5d88d8229d1aee5f0048
swg21512291,IBM WebSphere DataPower M/T 9235 appliance might incorrectly report failure of both power supplies - United States,operations-support,internal,operations,techqa-proxy-owner,techqa-2025-05-05,hf://nvidia/TechQA-RAG-Eval/corpus/swg21512291.txt,nvidia/TechQA-RAG-Eval,Apache-2.0,f52ae9c7d0e045afe10bba8879ec9a7d95264b4fcead0e19b7cb24bc30749ed6
swg21512416,IBM OMEGAMON XE MQ Monitoring Agent Issue the ALTER QLOCAL Command - United States,engineering-support,internal,engineering,techqa-proxy-owner,techqa-2025-05-05,hf://nvidia/TechQA-RAG-Eval/corpus/swg21512416.txt,nvidia/TechQA-RAG-Eval,Apache-2.0,cb427468e07ac1615c1643f51473cd6d9d613718bde43e6766b7c2c3663f9a60
swg21512729,IBM Can we remove world-writable permissions - global write permission - United States,operations-support,internal,operations,techqa-proxy-owner,techqa-p2-2026-07-18,hf://nvidia/TechQA-RAG-Eval/corpus/swg21512729.txt,nvidia/TechQA-RAG-Eval,Apache-2.0,2f40956dc5f6a2a2bdcc5809dde8051b6f9f3f01e1d9fba6b897c82938964099
swg21514810,IBM Default number of threads for ncp_poller - United States,operations-support,internal,operations,techqa-proxy-owner,techqa-p2-2026-07-18,hf://nvidia/TechQA-RAG-Eval/corpus/swg21514810.txt,nvidia/TechQA-RAG-Eval,Apache-2.0,91402b8bc05c12e927051d5b6a0974e773024dcf565d9befbcac8ed1fbda8e04
swg21515420,IBM Starting WebSphere Application Server gives warning message - Could not lock User prefs - United States,engineering-support,internal,engineering,techqa-proxy-owner,techqa-2025-05-05,hf://nvidia/TechQA-RAG-Eval/corpus/swg21515420.txt,nvidia/TechQA-RAG-Eval,Apache-2.0,8bc7591ccbb889de5a565f33b349ae57083d9f73912483d9a7b58cb34807d8b3
swg21515756,IBM JRExecAction() function usage - United States,operations-support,internal,operations,techqa-proxy-owner,techqa-p2-2026-07-18,hf://nvidia/TechQA-RAG-Eval/corpus/swg21515756.txt,nvidia/TechQA-RAG-Eval,Apache-2.0,d386a8c7836f2bf19e871bd321a4ade4f6342dc8bd96ff7a7417481c59b3b733
swg21529563,"IBM DB2 SQL error from Sterling B2B Integrator: SQLCODE: -1585, SQLSTATE: 54048 - United States",operations-support,internal,operations,techqa-proxy-owner,techqa-p2-2026-07-18,hf://nvidia/TechQA-RAG-Eval/corpus/swg21529563.txt,nvidia/TechQA-RAG-Eval,Apache-2.0,7318ea7629ff57d92c274750dcf8f788e0bce0e916b0daf1aaaa3c5ea2b81ad3
swg21566480,IBM EventReader Filters not applied to SQL select statement - United States,operations-support,internal,operations,techqa-proxy-owner,techqa-p2-2026-07-18,hf://nvidia/TechQA-RAG-Eval/corpus/swg21566480.txt,nvidia/TechQA-RAG-Eval,Apache-2.0,68a326d197c2a822f9b1c67b2035b27ad01ad35a92fb329461aa3698a04ea3e0
swg21566663,IBM The FileNet Content Engine Health Page may report the Fixed Content Device and Storage Areas as unavailable - United States,security-support,restricted,restricted,techqa-proxy-owner,techqa-p2-2026-07-18,hf://nvidia/TechQA-RAG-Eval/corpus/swg21566663.txt,nvidia/TechQA-RAG-Eval,Apache-2.0,7e590ba6097021099faca2c1d304c2423b564cf13fcea49f527974427d463a85
swg21567091,IBM JMSListener AutoReconnect properties misconception - United States,operations-support,internal,operations,techqa-proxy-owner,techqa-p2-2026-07-18,hf://nvidia/TechQA-RAG-Eval/corpus/swg21567091.txt,nvidia/TechQA-RAG-Eval,Apache-2.0,d55f8edf60b2686da5641263ea4c6f487d49ad7e3cbf027e7f39a236f4a5714b
swg21567862,"IBM PureData Systems for Analytics - nzsql error, Records trailing spring space set to 512 is too small - United States",operations-support,internal,operations,techqa-proxy-owner,techqa-p2-2026-07-18,hf://nvidia/TechQA-RAG-Eval/corpus/swg21567862.txt,nvidia/TechQA-RAG-Eval,Apache-2.0,924e021a29763b14cd265a8b9368aa75b15d3dd8ba77ba29e7b1a69197f863f7
swg21568844,IBM Developer for z Systems and Rational Developer for z Systems Backward/Forward compatibility - United States,engineering-support,internal,engineering,techqa-proxy-owner,techqa-p2-2026-07-18,hf://nvidia/TechQA-RAG-Eval/corpus/swg21568844.txt,nvidia/TechQA-RAG-Eval,Apache-2.0,600bcdcbf56416ef2251e2046cadf0b101748b0ada5d9b1f9adc86409f1a1745
swg21569731,IBM Collect troubleshooting data for the IBM Business Process Manager products - United States,security-support,restricted,restricted,techqa-proxy-owner,techqa-2025-05-05,hf://nvidia/TechQA-RAG-Eval/corpus/swg21569731.txt,nvidia/TechQA-RAG-Eval,Apache-2.0,57cdc32f7b6c121f480a6a957f08f821d0882b31f99b1770ceb2d072c0808fd6
swg21569933,"IBM Current Date function for DB2, SQL Server and Oracle - United States",operations-support,internal,operations,techqa-proxy-owner,techqa-p2-2026-07-18,hf://nvidia/TechQA-RAG-Eval/corpus/swg21569933.txt,nvidia/TechQA-RAG-Eval,Apache-2.0,071321ae821dcf58ae212fc4dfb38c6162170f380f6707d6e477334cf9f85e4b
swg21569953,IBM Portal 7.0.0.1 migration may fail with error EJPPH0044E EJPPH0001E ADMC0009E while running upgrade-profile task. - United States,engineering-support,internal,engineering,techqa-proxy-owner,techqa-2025-05-05,hf://nvidia/TechQA-RAG-Eval/corpus/swg21569953.txt,nvidia/TechQA-RAG-Eval,Apache-2.0,40e502e2c872a916a65d0290e378fddf93593c1eadb6d01adb64e08690298e51
swg21572905,IBM Exported dates to IBM FileNet Content Engine are one day off in IBM Datacap Taskmaster Capture - United States,operations-support,internal,operations,techqa-proxy-owner,techqa-p2-2026-07-18,hf://nvidia/TechQA-RAG-Eval/corpus/swg21572905.txt,nvidia/TechQA-RAG-Eval,Apache-2.0,5741895c9a4a8a7cdb0a1f2db6d0d9cde21502df2d928fcd64b9fa7a1dad9d49
swg21573034,IBM VScan intermittently aborts with IBM Datacap Taskmaster Capture - United States,engineering-support,internal,engineering,techqa-proxy-owner,techqa-p2-2026-07-18,hf://nvidia/TechQA-RAG-Eval/corpus/swg21573034.txt,nvidia/TechQA-RAG-Eval,Apache-2.0,d36e3dd4c8ec3f1937618f599e5fed3e92cb73040d157377d9b1637e1f44a59c
swg21576245,IBM Tivoli Integrated portal enabling multiple logins using same user Id - United States,engineering-support,internal,engineering,techqa-proxy-owner,techqa-p2-2026-07-18,hf://nvidia/TechQA-RAG-Eval/corpus/swg21576245.txt,nvidia/TechQA-RAG-Eval,Apache-2.0,136c8baa7bb405f8edbcda892e21e2706e72b24e786520528c9723f6f6d50ff4
swg21577138,IBM MQ 7.1 and later: How to remove a channel authentication record (CHLAUTH) - United States,security-support,restricted,restricted,techqa-proxy-owner,techqa-2025-05-05,hf://nvidia/TechQA-RAG-Eval/corpus/swg21577138.txt,nvidia/TechQA-RAG-Eval,Apache-2.0,0d667285bce89e3e7548864b8bdaf8415e89be0a9813770cf4a837aba1da25ef
swg21577379,"IBM How to process an IBM SDK core dump with Jextract (AIX, Linux, Windows) - United States",engineering-support,internal,engineering,techqa-proxy-owner,techqa-p2-2026-07-18,hf://nvidia/TechQA-RAG-Eval/corpus/swg21577379.txt,nvidia/TechQA-RAG-Eval,Apache-2.0,0101853d02e1d6fd2c8dc97621bd0db4059dd3dd763593279c2224564210529b
swg21577970,IBM Installing Modeler gives 1152:  Error extracting <path to user temp storage> to the temporary location - United States,engineering-support,internal,engineering,techqa-proxy-owner,techqa-p2-2026-07-18,hf://nvidia/TechQA-RAG-Eval/corpus/swg21577970.txt,nvidia/TechQA-RAG-Eval,Apache-2.0,df0b8267b393c5f15b3cb932b5d90a01beab444b1c5768ff94f6dd819b051a84
swg21578744,IBM WebSphere Application Server Is Leap Year Compliant - United States,engineering-support,internal,engineering,techqa-proxy-owner,techqa-p2-2026-07-18,hf://nvidia/TechQA-RAG-Eval/corpus/swg21578744.txt,nvidia/TechQA-RAG-Eval,Apache-2.0,8a3ea69f7e645634a01ac664a405ad1db965d2034c96cb443c40473d337fbbfd
swg21579319,IBM SelfMonitoring events incorrectly cleared - United States,engineering-support,internal,engineering,techqa-proxy-owner,techqa-p2-2026-07-18,hf://nvidia/TechQA-RAG-Eval/corpus/swg21579319.txt,nvidia/TechQA-RAG-Eval,Apache-2.0,010c639e468fbdb57ca228c4439bdb4bd8f9f9a0703260283aab5d5d7e366b4d
swg21580830,IBM Recreate all the Oracle Text indexes - United States,engineering-support,internal,engineering,techqa-proxy-owner,techqa-p2-2026-07-18,hf://nvidia/TechQA-RAG-Eval/corpus/swg21580830.txt,nvidia/TechQA-RAG-Eval,Apache-2.0,7ec370702a5bd7a61512341dcb6d8b1592f5cfe57c37215830257b8f38c087f5
swg21584783,"IBM A CWSXM0100E error is received for WebSphere Enterprise Service Bus (WESB), WebSphere Process Server (WPS), or IBM Business Process Manager (BPM) Advanced - United States",engineering-support,internal,engineering,techqa-proxy-owner,techqa-p2-2026-07-18,hf://nvidia/TechQA-RAG-Eval/corpus/swg21584783.txt,nvidia/TechQA-RAG-Eval,Apache-2.0,f7028947acfd6bfa557336487cddbe6c608097b3c2cf18e1748f3f1a9768faaf
swg21585251,IBM Rule Execution Server J2SE mode hot deployment does not seem to work - United States,engineering-support,internal,engineering,techqa-proxy-owner,techqa-p2-2026-07-18,hf://nvidia/TechQA-RAG-Eval/corpus/swg21585251.txt,nvidia/TechQA-RAG-Eval,Apache-2.0,3a4d74236ca7a611cf16c80ad61b0afaeb6d9bc545c6cba5eaaebbfdd7cea34d
swg21585678,IBM Increasing Java Heap Memory in IBM Tivoli Common Reporting 2.1/2.1.1 - United States,engineering-support,internal,engineering,techqa-proxy-owner,techqa-p2-2026-07-18,hf://nvidia/TechQA-RAG-Eval/corpus/swg21585678.txt,nvidia/TechQA-RAG-Eval,Apache-2.0,22b65d1e8c186562c7be01a6c2332ba89938ff09eb53b882fa9867781fdfd84e
swg21591076,IBM Automatically renew trusted credential - United States,security-support,restricted,restricted,techqa-proxy-owner,techqa-p2-2026-07-18,hf://nvidia/TechQA-RAG-Eval/corpus/swg21591076.txt,nvidia/TechQA-RAG-Eval,Apache-2.0,4057783108eab27794f87265cc4095fd1693775d7a5f1591bc0b0ad12e40f2fe
swg21591143,"IBM Information Server Informix Wire Protocol driver error ""Transaction not available"" from ODBC Connector Stage - United States",operations-support,internal,operations,techqa-proxy-owner,techqa-p2-2026-07-18,hf://nvidia/TechQA-RAG-Eval/corpus/swg21591143.txt,nvidia/TechQA-RAG-Eval,Apache-2.0,d8005bcde9dd5a19e9eca693978f9f7fd3eeb408f23b6713d9feb4688736c2f7
swg21592093,IBM SPSS Student Version and Graduate Pack Resources - United States,engineering-support,internal,engineering,techqa-proxy-owner,techqa-p2-2026-07-18,hf://nvidia/TechQA-RAG-Eval/corpus/swg21592093.txt,nvidia/TechQA-RAG-Eval,Apache-2.0,f13ba6916c0449e713c2cd9d6b301eb48b2807c5c3682fa91f8b2ac7aad096a9
swg21592791,IBM Collecting Data: Login for WebSphere Portal - United States,security-support,restricted,restricted,techqa-proxy-owner,techqa-p2-2026-07-18,hf://nvidia/TechQA-RAG-Eval/corpus/swg21592791.txt,nvidia/TechQA-RAG-Eval,Apache-2.0,b649943810ac599b15f6ddc6821d66e928cabb1c8a72994c8a19f3900dc360c9
swg21593254,IBM How to create a custom group/role for Cognos Workspace and/or Cognos Workspace Advanced - United States,security-support,restricted,restricted,techqa-proxy-owner,techqa-p2-2026-07-18,hf://nvidia/TechQA-RAG-Eval/corpus/swg21593254.txt,nvidia/TechQA-RAG-Eval,Apache-2.0,9cb1adc51851e37d10ae6b831b1df0cb170947535548bc7490d49cf031cfbbd2
swg21593461,IBM Collect troubleshooting data for web services problems in IBM Business Process Manager - United States,security-support,restricted,restricted,techqa-proxy-owner,techqa-p2-2026-07-18,hf://nvidia/TechQA-RAG-Eval/corpus/swg21593461.txt,nvidia/TechQA-RAG-Eval,Apache-2.0,7b02f7e026953090b54af249fe62e5d806955a0c852f4ef31cd9b1bb93fcae66
swg21596180,IBM Structured logging in Policies - United States,engineering-support,internal,engineering,techqa-proxy-owner,techqa-p2-2026-07-18,hf://nvidia/TechQA-RAG-Eval/corpus/swg21596180.txt,nvidia/TechQA-RAG-Eval,Apache-2.0,9220984b7b794026d9af45bb91aa40c9d7b41e8b811999ed19d4faa0a9687def
swg21597753,IBM Setting custom properties in the WebSphere Application Server V8.5 Liberty profile - United States,engineering-support,internal,engineering,techqa-proxy-owner,techqa-p2-2026-07-18,hf://nvidia/TechQA-RAG-Eval/corpus/swg21597753.txt,nvidia/TechQA-RAG-Eval,Apache-2.0,b8bf47558e1e4ff26d82b014be3b2ce7d5f2beec8f2765457e30f2ddcf7206cb
swg21598417,IBM DataType incorrect on Secondary - United States,engineering-support,internal,engineering,techqa-proxy-owner,techqa-p2-2026-07-18,hf://nvidia/TechQA-RAG-Eval/corpus/swg21598417.txt,nvidia/TechQA-RAG-Eval,Apache-2.0,8aeae0c8cda0b7b6d233ec5e325f8842b6c4b8d2624c60f4e070aff39aef80e1
swg21598779,IBM An unexpected ruleset version is executed - United States,engineering-support,internal,engineering,techqa-proxy-owner,techqa-2025-05-05,hf://nvidia/TechQA-RAG-Eval/corpus/swg21598779.txt,nvidia/TechQA-RAG-Eval,Apache-2.0,baa162f93b3837c3f646597d317196068d4124feaa8b6341d9ac34b6b81ecbbb
swg21598974,IBM Insufficient Access Error adding documents to FileNet Content Engine - United States,security-support,restricted,restricted,techqa-proxy-owner,techqa-p2-2026-07-18,hf://nvidia/TechQA-RAG-Eval/corpus/swg21598974.txt,nvidia/TechQA-RAG-Eval,Apache-2.0,b6660d0ccb6faa36fe9ae065c40f9a0596fcae7c92e2a51b1166a11d37fcb0a4
swg21599258,IBM Installing IBM Tivoli Directory Server Version 6.3 on RHEL 6 operating system - United States,security-support,restricted,restricted,techqa-proxy-owner,techqa-2025-05-05,hf://nvidia/TechQA-RAG-Eval/corpus/swg21599258.txt,nvidia/TechQA-RAG-Eval,Apache-2.0,00ff9b6b49f63d5a02a0af2ba3ad05b753c6a6b6de9f168558979806c2135c2a
swg21600618,IBM web server Plugin may need LD_LIBRARY_PATH when used with Apache 2.2 - United States,security-support,restricted,restricted,techqa-proxy-owner,techqa-2025-05-05,hf://nvidia/TechQA-RAG-Eval/corpus/swg21600618.txt,nvidia/TechQA-RAG-Eval,Apache-2.0,4e6eac471382f89924f145ecc3e4f99300eccd4d3e3346f18e9f0cc599b801f9
swg21602521,IBM Leap Second bug in older Linux kernels may affect IBM MQ and WebSphere MQ - United States,operations-support,internal,operations,techqa-proxy-owner,techqa-2025-05-05,hf://nvidia/TechQA-RAG-Eval/corpus/swg21602521.txt,nvidia/TechQA-RAG-Eval,Apache-2.0,e32d37fbeaa3db6211453edf3f61fef265b6a6cd21b004cf8bf964e16d1d976a
swg21605379,"IBM License Requirements for Rational Integration Tester, Rational Performance Test Server and Rational Test Virtualization Server - United States",operations-support,internal,operations,techqa-proxy-owner,techqa-p2-2026-07-18,hf://nvidia/TechQA-RAG-Eval/corpus/swg21605379.txt,nvidia/TechQA-RAG-Eval,Apache-2.0,fbdc56be995a4b7f86ef98d8d47333237e97931815bf1f96fb134a22a6051b2a
swg21606028,"IBM License features incorporated in ""Tools and Utilities"" key while generating Rational Rhapsody licenses - United States",operations-support,internal,operations,techqa-proxy-owner,techqa-p2-2026-07-18,hf://nvidia/TechQA-RAG-Eval/corpus/swg21606028.txt,nvidia/TechQA-RAG-Eval,Apache-2.0,55a0f801dddfc8e5e4a07ba0404bd45a871e8b88dbfe02a6e7bea2119776b643
swg21606716,IBM Message RT7507E: Unable to initialize Repository: Default occurs in SystemOut.log after successful database transfer from Derby to DB2 - United States,engineering-support,internal,engineering,techqa-proxy-owner,techqa-2025-05-05,hf://nvidia/TechQA-RAG-Eval/corpus/swg21606716.txt,nvidia/TechQA-RAG-Eval,Apache-2.0,47bb7a7160d369a4d2fe2d4e33bcd6b8318cd047afb073542358ef675b664ab2
swg21607690,IBM Support's Guide to the SNMP [MTTrapd] probe - United States,engineering-support,internal,engineering,techqa-proxy-owner,techqa-p2-2026-07-18,hf://nvidia/TechQA-RAG-Eval/corpus/swg21607690.txt,nvidia/TechQA-RAG-Eval,Apache-2.0,3541bd67b23139e8fbf7bb8e5b7a4b8131e32fb7177de659b12842bd9fcf62d0
swg21608473,"IBM Configuring floating license for Rational Integration Tester results in a warning 'The server is available, but does not serve license keys for IBM Rational Integration Tester' - United States",engineering-support,internal,engineering,techqa-proxy-owner,techqa-p2-2026-07-18,hf://nvidia/TechQA-RAG-Eval/corpus/swg21608473.txt,nvidia/TechQA-RAG-Eval,Apache-2.0,b3d6c0c40f9071bc0a0654c04c22d77269580decbc6dcbd49700cc58b65b9daa
swg21608744,IBM Silent Install - United States,engineering-support,internal,engineering,techqa-proxy-owner,techqa-p2-2026-07-18,hf://nvidia/TechQA-RAG-Eval/corpus/swg21608744.txt,nvidia/TechQA-RAG-Eval,Apache-2.0,014a2ac501d197b13ea3701923673bdbd38835f2679081e07b9e8e02ac21d5c9
swg21609051,"IBM Contacting IBM PureApplication System, PureApplication Software, and PureApplication Service Technical Support - United States",operations-support,internal,operations,techqa-proxy-owner,techqa-p2-2026-07-18,hf://nvidia/TechQA-RAG-Eval/corpus/swg21609051.txt,nvidia/TechQA-RAG-Eval,Apache-2.0,62f909c8e08c95fa92c20b7c96647751e72f9dadc5be3daea656bd0a2ba8a2ca
swg21609319,IBM Collect troubleshooting data for Performance Data Warehouse problems in IBM Business Process Manager (BPM) - United States,engineering-support,internal,engineering,techqa-proxy-owner,techqa-p2-2026-07-18,hf://nvidia/TechQA-RAG-Eval/corpus/swg21609319.txt,nvidia/TechQA-RAG-Eval,Apache-2.0,b68dae79948de655e32d70967bcf22e7015f93cee74909bd0d71859740edb920
swg21609958,IBM Hide left menu pane for specific application - United States,engineering-support,internal,engineering,techqa-proxy-owner,techqa-p2-2026-07-18,hf://nvidia/TechQA-RAG-Eval/corpus/swg21609958.txt,nvidia/TechQA-RAG-Eval,Apache-2.0,95f0396708c12ad14227fe618f510c94257d5b5b68bec881b7506731bd25b163
swg21610358,IBM Providing SSL Certificates for IBM Content Collector Connectors - United States,security-support,restricted,restricted,techqa-proxy-owner,techqa-p2-2026-07-18,hf://nvidia/TechQA-RAG-Eval/corpus/swg21610358.txt,nvidia/TechQA-RAG-Eval,Apache-2.0,4118d49436c65b13207688481ce7715a42e64517f4c10d8dec52c38bd7497d2b
swg21610844,"IBM EventReader stops reading events, StateChange value too high - United States",operations-support,internal,operations,techqa-proxy-owner,techqa-p2-2026-07-18,hf://nvidia/TechQA-RAG-Eval/corpus/swg21610844.txt,nvidia/TechQA-RAG-Eval,Apache-2.0,ab31265e50235f423de25f8157d2aa4429c9e8cd7f2979155d3ddf7c684b59bc
swg21611073,IBM Deletion of virtual portal fails with transaction timeout - United States,engineering-support,internal,engineering,techqa-proxy-owner,techqa-2025-05-05,hf://nvidia/TechQA-RAG-Eval/corpus/swg21611073.txt,nvidia/TechQA-RAG-Eval,Apache-2.0,a7ec8cca6861adbdf6f50b5953220df3ef7bf09354e02a85143de8a3457ab4bf
swg21611598,IBM Collect troubleshooting data for IBM Process Designer problems in IBM Business Process Manager (BPM) - United States,security-support,restricted,restricted,techqa-proxy-owner,techqa-p2-2026-07-18,hf://nvidia/TechQA-RAG-Eval/corpus/swg21611598.txt,nvidia/TechQA-RAG-Eval,Apache-2.0,68b88bf57aefd6a06ed69976aaa032ba67a352cf488fe23e6fbe2979d041d30c
swg21611603,IBM Collect troubleshooting data for performance problems in IBM Business Process Manager (BPM) - United States,engineering-support,internal,engineering,techqa-proxy-owner,techqa-p2-2026-07-18,hf://nvidia/TechQA-RAG-Eval/corpus/swg21611603.txt,nvidia/TechQA-RAG-Eval,Apache-2.0,a9870767dafe8df74530b871359b11723ef550c48ea3176329977d4308928c37
swg21611699,IBM JDBC driver or database insufficiencies cause administration portlets to fail. - United States,engineering-support,internal,engineering,techqa-proxy-owner,techqa-2025-05-05,hf://nvidia/TechQA-RAG-Eval/corpus/swg21611699.txt,nvidia/TechQA-RAG-Eval,Apache-2.0,749be136e61eb51e9360c34e046b84fbda3c89cd4594258577614e058ebad099
swg21612222,IBM How to Proxy SSL request from DataPower to Remote Proxy Server? - United States,security-support,restricted,restricted,techqa-proxy-owner,techqa-2025-05-05,hf://nvidia/TechQA-RAG-Eval/corpus/swg21612222.txt,nvidia/TechQA-RAG-Eval,Apache-2.0,2bdd147e8304d447702f56fc42c8dee07474c82f532d257b096d2f4e68e75a13
swg21613001,IBM Configuring file content extraction tools for IBM Connections Search - United States,engineering-support,internal,engineering,techqa-proxy-owner,techqa-2025-05-05,hf://nvidia/TechQA-RAG-Eval/corpus/swg21613001.txt,nvidia/TechQA-RAG-Eval,Apache-2.0,45b0c08087139b373a46555cdb96b069481b99f869071b3980848b975fecc5a2
swg21614208,IBM Support's Guide to IBM CORBA probes - United States,operations-support,internal,operations,techqa-proxy-owner,techqa-p2-2026-07-18,hf://nvidia/TechQA-RAG-Eval/corpus/swg21614208.txt,nvidia/TechQA-RAG-Eval,Apache-2.0,aa88f8f47e9045a499028702527a8c2e72fa21c41a404b6e0fa267b3192d9c7f
swg21615427,IBM The 'Manage Group' Add User search in the Process Admin Console does not return available users for IBM Business Process Manager (BPM) - United States,security-support,restricted,restricted,techqa-proxy-owner,techqa-p2-2026-07-18,hf://nvidia/TechQA-RAG-Eval/corpus/swg21615427.txt,nvidia/TechQA-RAG-Eval,Apache-2.0,93eb9d3a433766a0f40c3809a5350c7b1a044816f64e164822bea9cfe541d6a6
swg21615801,IBM Rule Execution Server on WebLogic unable to load ruleset after period of inactivity - United States,operations-support,internal,operations,techqa-proxy-owner,techqa-p2-2026-07-18,hf://nvidia/TechQA-RAG-Eval/corpus/swg21615801.txt,nvidia/TechQA-RAG-Eval,Apache-2.0,0ef56d290b02b54c9cfea83e67f3406b0515efec2f05d633f0df11edb3598c03
swg21618139,IBM Generating Java diagnostic dumps for IBM Integration Bus - United States,engineering-support,internal,engineering,techqa-proxy-owner,techqa-2025-05-05,hf://nvidia/TechQA-RAG-Eval/corpus/swg21618139.txt,nvidia/TechQA-RAG-Eval,Apache-2.0,d9c480fd2e71b4a70f49069ec403c1cd9e7e169472c80d3fc427ede8cb39d955
swg21618564,IBM Batches left in running state by Rulerunner with IBM Datacap Taskmaster Capture - United States,operations-support,internal,operations,techqa-proxy-owner,techqa-p2-2026-07-18,hf://nvidia/TechQA-RAG-Eval/corpus/swg21618564.txt,nvidia/TechQA-RAG-Eval,Apache-2.0,2d12eabf5eecb8ea2d7a4d7876cb92b35a3ea940bdbb19966b0548ec92deff99
swg21618716,IBM Collect troubleshooting data for snapshot deployment and repository problems in IBM Business Process Manager (BPM) - United States,security-support,restricted,restricted,techqa-proxy-owner,techqa-p2-2026-07-18,hf://nvidia/TechQA-RAG-Eval/corpus/swg21618716.txt,nvidia/TechQA-RAG-Eval,Apache-2.0,c9e3542e301c071b843ace45f2be628f1cdf124ae233a1b92de9a352d1661503
swg21618719,IBM Applying TIP 2.2 fix packs directly to a TIP 2.1 installation - United States,engineering-support,internal,engineering,techqa-proxy-owner,techqa-p2-2026-07-18,hf://nvidia/TechQA-RAG-Eval/corpus/swg21618719.txt,nvidia/TechQA-RAG-Eval,Apache-2.0,280b976bae25daf6bbf0e7f71ed845c096bbd61c741ef4ca416ec1064fa12a75
swg21619941,IBM WebSphere Cast Iron Cloud integration 6.3.0.0 is now available - United States,engineering-support,internal,engineering,techqa-proxy-owner,techqa-p2-2026-07-18,hf://nvidia/TechQA-RAG-Eval/corpus/swg21619941.txt,nvidia/TechQA-RAG-Eval,Apache-2.0,ead6be07c7313f8302df3957a321dcd957919e926bd4ef8fa8ee075dcf9181ce
swg21620875,IBM Recognition gives Word too tall error with IBM Datacap Taskmaster Capture - United States,engineering-support,internal,engineering,techqa-proxy-owner,techqa-p2-2026-07-18,hf://nvidia/TechQA-RAG-Eval/corpus/swg21620875.txt,nvidia/TechQA-RAG-Eval,Apache-2.0,75fa5f881cf18d6f771bdf31b7bd16ef5b659b9c51df2848d3ccaf3722c47bd3
swg21621937,IBM How to include Rational Rhapsody external source files into configuration MakeFile - United States,engineering-support,internal,engineering,techqa-proxy-owner,techqa-p2-2026-07-18,hf://nvidia/TechQA-RAG-Eval/corpus/swg21621937.txt,nvidia/TechQA-RAG-Eval,Apache-2.0,217551c231e97af90365d9c4d6714c911457effb5d252b7c266d6e7059954ec2
swg21624136,IBM BMT-IMP-0002 Failed to execute metadata request insufficient,security-support,restricted,restricted,techqa-proxy-owner,techqa-p2-2026-07-18,hf://nvidia/TechQA-RAG-Eval/corpus/swg21624136.txt,nvidia/TechQA-RAG-Eval,Apache-2.0,e9fbd8c46b351cdad049df49224205b79b6646a6a82743a30d25d35104626ba1
swg21624731,IBM JMSExceptions CWSIT0006E and CWSIA0241E on bus connect - United States,engineering-support,internal,engineering,techqa-proxy-owner,techqa-2025-05-05,hf://nvidia/TechQA-RAG-Eval/corpus/swg21624731.txt,nvidia/TechQA-RAG-Eval,Apache-2.0,b4ca1a2e709617184a67f87e14c382523f3781202b9dbde1772e15165dc4c083
swg21625115,IBM WebSphere Cast Iron Cloud integration 6.3.0.1 is now available - United States,security-support,restricted,restricted,techqa-proxy-owner,techqa-p2-2026-07-18,hf://nvidia/TechQA-RAG-Eval/corpus/swg21625115.txt,nvidia/TechQA-RAG-Eval,Apache-2.0,c851aa5c16897816db8283863fd612348b1f0284847bc671e520f329e12d5aee
swg21625776,IBM Netcool/OMNIbus Integrations Release Notice - Socket Gateway (nco-g-socket-java-2_0) - United States,engineering-support,internal,engineering,techqa-proxy-owner,techqa-p2-2026-07-18,hf://nvidia/TechQA-RAG-Eval/corpus/swg21625776.txt,nvidia/TechQA-RAG-Eval,Apache-2.0,54d7e1936acf3ce128e995f15ed56eea06168afe702958d6d351e5083fbfe118
swg21625930,IBM Conversion of 32 bit to 64 bit WebSphere Application Server on,security-support,restricted,restricted,techqa-proxy-owner,techqa-p2-2026-07-18,hf://nvidia/TechQA-RAG-Eval/corpus/swg21625930.txt,nvidia/TechQA-RAG-Eval,Apache-2.0,be605140e1fc814b5d29b9542b5a8ad492b286b63d064cf9c631ac6ba3208e5e
swg21626348,IBM SNMPv3 trap reception - United States,security-support,restricted,restricted,techqa-proxy-owner,techqa-p2-2026-07-18,hf://nvidia/TechQA-RAG-Eval/corpus/swg21626348.txt,nvidia/TechQA-RAG-Eval,Apache-2.0,ba89f969bef522d2ff2cbc0257868025e1f3dab6f24b9e2ba6a5ca9dadea0be8
swg21626683,IBM Exceptions starting WAS 8.5 as non root user on Solaris - United States,operations-support,internal,operations,techqa-proxy-owner,techqa-2025-05-05,hf://nvidia/TechQA-RAG-Eval/corpus/swg21626683.txt,nvidia/TechQA-RAG-Eval,Apache-2.0,cbbdd8306ca63083090ba511ddbf3ddeafd4b9d376176cd746b64646803d8d92
swg21627850,IBM Finding the version of Operational Decision Manager installed product and fixes - United States,engineering-support,internal,engineering,techqa-proxy-owner,techqa-p2-2026-07-18,hf://nvidia/TechQA-RAG-Eval/corpus/swg21627850.txt,nvidia/TechQA-RAG-Eval,Apache-2.0,1fd2f1ad26532efb25b0a551d898e3f4e9c87a3c11c42dec78c77d2058dc7fa7
swg21628092,IBM Installation Manager does not work if symbolic links are used for Installation Manager of installed product locations - United States,engineering-support,internal,engineering,techqa-proxy-owner,techqa-p2-2026-07-18,hf://nvidia/TechQA-RAG-Eval/corpus/swg21628092.txt,nvidia/TechQA-RAG-Eval,Apache-2.0,9ab98ab4d20cf352ec3abc091e69c38b99fc44bd10879ac2032d168de6d659cf
swg21631478,IBM Required gtk libraries for IBM Installation Manager on AIX - United States,engineering-support,internal,engineering,techqa-proxy-owner,techqa-p2-2026-07-18,hf://nvidia/TechQA-RAG-Eval/corpus/swg21631478.txt,nvidia/TechQA-RAG-Eval,Apache-2.0,97893a975d7ca0dba5ed2a3e49bd80fc2b38874350e9a6e49236700d53e4c66a
swg21631488,IBM WebSphere Cast Iron Cloud integration fix packs are available - United States,operations-support,internal,operations,techqa-proxy-owner,techqa-2025-05-05,hf://nvidia/TechQA-RAG-Eval/corpus/swg21631488.txt,nvidia/TechQA-RAG-Eval,Apache-2.0,1939f60ca152df57395a626524e16225f994e93b06d10b52ccb7682ddd6e94b5
swg21631606,IBM Create backup of the ObjectServer database - United States,operations-support,internal,operations,techqa-proxy-owner,techqa-p2-2026-07-18,hf://nvidia/TechQA-RAG-Eval/corpus/swg21631606.txt,nvidia/TechQA-RAG-Eval,Apache-2.0,91efb6dafae0ec353b0018acfd4df9a1ca9ffd1f717a427de71bdabfada396b4
swg21632223,IBM Fix pack 8001 installlation fails - ADMA5026E: no valid target is specified in ObjectName - United States,engineering-support,internal,engineering,techqa-proxy-owner,techqa-2025-05-05,hf://nvidia/TechQA-RAG-Eval/corpus/swg21632223.txt,nvidia/TechQA-RAG-Eval,Apache-2.0,05cd3bf561750374d8da44957d648194d1287d0a5037a4bbab9e06eb771cb707
swg21632275,IBM DataPower firmware version 6.0 will enable TLS v1.2 or v1.1 by default - United States,security-support,restricted,restricted,techqa-proxy-owner,techqa-p2-2026-07-18,hf://nvidia/TechQA-RAG-Eval/corpus/swg21632275.txt,nvidia/TechQA-RAG-Eval,Apache-2.0,4c5120b30de3dbb492e2d91d3b3d61d26e4011de7610b4a1247eadb5359d44f3
swg21632844,IBM Enabling tracing for the DASH service in Jazz for Service Management - United States,engineering-support,internal,engineering,techqa-proxy-owner,techqa-2025-05-05,hf://nvidia/TechQA-RAG-Eval/corpus/swg21632844.txt,nvidia/TechQA-RAG-Eval,Apache-2.0,f62c0d7544a36480f9030edeea6b9d57ad5df76b2241a550ef7d21e416c3ff37
swg21634612,"IBM Use""isolate the resource provider"" to establish data source connections using a different JDBC driver from the same database vendor - United States",security-support,restricted,restricted,techqa-proxy-owner,techqa-2025-05-05,hf://nvidia/TechQA-RAG-Eval/corpus/swg21634612.txt,nvidia/TechQA-RAG-Eval,Apache-2.0,a20fc9973ad3e7f5051f3d9f92bc8c082ef1e0bca3eaf612b2ff75d7388e4b7d
swg21635057,IBM CICS Transaction Server for z/OS 3.1 and 3.2 End of Support announcement - United States,engineering-support,internal,engineering,techqa-proxy-owner,techqa-p2-2026-07-18,hf://nvidia/TechQA-RAG-Eval/corpus/swg21635057.txt,nvidia/TechQA-RAG-Eval,Apache-2.0,fc5f7d192d4862f525ed069bcf725829ee59821766885a92ff2b6f7ef632ff0a
swg21635341,IBM Portal 8 installation unable to detect the WebSphere Application Server - United States,engineering-support,internal,engineering,techqa-proxy-owner,techqa-p2-2026-07-18,hf://nvidia/TechQA-RAG-Eval/corpus/swg21635341.txt,nvidia/TechQA-RAG-Eval,Apache-2.0,1c87f1f4b54d5ac24c99a1d1c405948e7be4ed1ec078249f4aec040e20819769
swg21636093,IBM 2035 MQRC_NOT_AUTHORIZED Connecting to WebSphere MQ from WebSphere Application Server via CLIENT Bindings - United States,security-support,restricted,restricted,techqa-proxy-owner,techqa-2025-05-05,hf://nvidia/TechQA-RAG-Eval/corpus/swg21636093.txt,nvidia/TechQA-RAG-Eval,Apache-2.0,ec6c9cfcf6111dfe6a0b4b96a879d6c703d44240fca6aabe0348358d4d02bc10
swg21636533,IBM Writing Verbose GC To A Specified Log In Solaris and HP-UX - United States,engineering-support,internal,engineering,techqa-proxy-owner,techqa-2025-05-05,hf://nvidia/TechQA-RAG-Eval/corpus/swg21636533.txt,nvidia/TechQA-RAG-Eval,Apache-2.0,1db6da210c442b048db70f67e3c3532160f589f9f240526542cb73bc01b00257
swg21638268,IBM Supported Upgrade and Downgrade paths for DataPower Virtual Edition - United States,engineering-support,internal,engineering,techqa-proxy-owner,techqa-2025-05-05,hf://nvidia/TechQA-RAG-Eval/corpus/swg21638268.txt,nvidia/TechQA-RAG-Eval,Apache-2.0,3050b46301647fd661df65fb9719c524b6e0214f65e4d656ee410936bd03440e
swg21639375,"IBM SCA destinations for IBM Business Process Manager (BPM), WebSphere Process Server (WPS) and WebSphere Enterprise Service Bus (WESB) are not preserved when uninstalling and reinstalling a service module - United States",engineering-support,internal,engineering,techqa-proxy-owner,techqa-2025-05-05,hf://nvidia/TechQA-RAG-Eval/corpus/swg21639375.txt,nvidia/TechQA-RAG-Eval,Apache-2.0,ca5bc0ee1dd15ddd0f2cfaeb8c8566e1cc5227100a06472553165989eca1ad41
swg21639640,IBM Some versions of IBM Business Process Manager (BPM) and IBM Business Monitor do not support certain Java versions running with WebSphere Application Server Network Deployment V8.5 - United States,engineering-support,internal,engineering,techqa-proxy-owner,techqa-p2-2026-07-18,hf://nvidia/TechQA-RAG-Eval/corpus/swg21639640.txt,nvidia/TechQA-RAG-Eval,Apache-2.0,a21308c375fd7aad0d0757303524128302debed37a5fd665e89bb892f244f4f4
swg21640411,IBM Sometimes the default toolbars or menu entries of IBM SPSS Statistics are missing or non-reactive. - United States,engineering-support,internal,engineering,techqa-proxy-owner,techqa-p2-2026-07-18,hf://nvidia/TechQA-RAG-Eval/corpus/swg21640411.txt,nvidia/TechQA-RAG-Eval,Apache-2.0,84bb2cb2a3e4d7b55bde1cec2e3bcbb5e1fd141537ceb85d8bea32c30c8bd93c
swg21640607,IBM Collect troubleshooting data for BPM document store problems in IBM Business Process Manager (BPM) - United States,security-support,restricted,restricted,techqa-proxy-owner,techqa-p2-2026-07-18,hf://nvidia/TechQA-RAG-Eval/corpus/swg21640607.txt,nvidia/TechQA-RAG-Eval,Apache-2.0,a923b234ed855da60ff1f158de4317693209b69ae9c39f5e8d8bbd3ff3d93257
swg21641516,IBM A new IBM Support Assistant data collector exists in the IBM Business Process Manager (BPM) Version 8.5 products - United States,engineering-support,internal,engineering,techqa-proxy-owner,techqa-p2-2026-07-18,hf://nvidia/TechQA-RAG-Eval/corpus/swg21641516.txt,nvidia/TechQA-RAG-Eval,Apache-2.0,6339e26a9d82df60b5d9c909eb99aac10d1e90c9041e1507122ab923e9e38d44
swg21642204,IBM Collect troubleshooting data for IBM Business Process Manager Advanced Pattern - United States,engineering-support,internal,engineering,techqa-proxy-owner,techqa-p2-2026-07-18,hf://nvidia/TechQA-RAG-Eval/corpus/swg21642204.txt,nvidia/TechQA-RAG-Eval,Apache-2.0,82d86a1759cac594cb41adbbe3347c114858aba0e48ce6bc499552689bd5687a
swg21642813,IBM Withdrawal of support for the IBM WebSphere DataPower SOA Appliances 4.0.1 firmware level - United States,engineering-support,internal,engineering,techqa-proxy-owner,techqa-p2-2026-07-18,hf://nvidia/TechQA-RAG-Eval/corpus/swg21642813.txt,nvidia/TechQA-RAG-Eval,Apache-2.0,c0d8842cd3a12779c4ac5e075b8dd11b200e33860e08e762aa414c8852296016
swg21642839,IBM How do I adjust the number of batches that DotEdit displays in IBM Datacap Taskmaster Capture? - United States,engineering-support,internal,engineering,techqa-proxy-owner,techqa-p2-2026-07-18,hf://nvidia/TechQA-RAG-Eval/corpus/swg21642839.txt,nvidia/TechQA-RAG-Eval,Apache-2.0,c96f5f35df69f23498f40d0db773943cb76d377ee1d4632eea890b63f85ae0a1
swg21644787,IBM Collect troubleshooting data for integration issues between IBM Business Process Manager (BPM) and IBM ILOG or IBM WebSphere Operational Decision Management - United States,engineering-support,internal,engineering,techqa-proxy-owner,techqa-p2-2026-07-18,hf://nvidia/TechQA-RAG-Eval/corpus/swg21644787.txt,nvidia/TechQA-RAG-Eval,Apache-2.0,cf07504ecacf29b7d65fd2260efe7c546b59ac4b0efe91efbab6b1597eb9140d
swg21647026,IBM Batch job fails with ABEND 102 REASON 00000000,operations-support,internal,operations,techqa-proxy-owner,techqa-2025-05-05,hf://nvidia/TechQA-RAG-Eval/corpus/swg21647026.txt,nvidia/TechQA-RAG-Eval,Apache-2.0,75fdad1068623a802e88a2eb1296f2576f24d24e4500774ab6ec065ca3c49440
swg21647231,IBM When to enable Conversation Sharing in DataPower MQ Queue Manager (mq-qm) object - United States,engineering-support,internal,engineering,techqa-proxy-owner,techqa-p2-2026-07-18,hf://nvidia/TechQA-RAG-Eval/corpus/swg21647231.txt,nvidia/TechQA-RAG-Eval,Apache-2.0,36a4a71aa7dfc10bad6cc7ec26f5d58e7ab6f08fba6f2ca339279f550b08dec2
swg21647572,"IBM Some portal resources have been updated, however a long cache was set so the updates are not being served. - United States",operations-support,internal,operations,techqa-proxy-owner,techqa-p2-2026-07-18,hf://nvidia/TechQA-RAG-Eval/corpus/swg21647572.txt,nvidia/TechQA-RAG-Eval,Apache-2.0,e10c574d8b00c54613e14f404b076fb51d3642ba29fcedb8324ee56ac7f45697
swg21648471,IBM Does IBM Content Navigator support Workplace XT created stored searches and search templates? - United States,operations-support,internal,operations,techqa-proxy-owner,techqa-p2-2026-07-18,hf://nvidia/TechQA-RAG-Eval/corpus/swg21648471.txt,nvidia/TechQA-RAG-Eval,Apache-2.0,12510b98fb04cabfe26fecc24a3be5c88c125fc420b99443840ad098f0822607
swg21648497,IBM Insufficient ulimit Value Causes Native OutOfMemory - United States,operations-support,internal,operations,techqa-proxy-owner,techqa-2025-05-05,hf://nvidia/TechQA-RAG-Eval/corpus/swg21648497.txt,nvidia/TechQA-RAG-Eval,Apache-2.0,a5db43b4e9938ccb84214b57faedf433e60c36d1c0ff11f1405daf4af1ebe17e
swg21648986,IBM Unable to decrypt the FIPS key error when exporting keys from IBM Datacap Taskmaster Capture - United States,security-support,restricted,restricted,techqa-proxy-owner,techqa-p2-2026-07-18,hf://nvidia/TechQA-RAG-Eval/corpus/swg21648986.txt,nvidia/TechQA-RAG-Eval,Apache-2.0,8e5d303a5f84d9317a12f7e259680251008a9dfcec488cd6de4976cb59bb3d5e
swg21649798,IBM How to Export the Scan Results (Detailed Security Issues) into XML format in AppScan Enterprise - United States,security-support,restricted,restricted,techqa-proxy-owner,techqa-p2-2026-07-18,hf://nvidia/TechQA-RAG-Eval/corpus/swg21649798.txt,nvidia/TechQA-RAG-Eval,Apache-2.0,fbc85fba008117a79ad74dfc352a3dab1ca45cad6e55080b18b4cc42910cce5a
swg21649807,IBM Specifying the profile path in the BPMConfig properties file for IBM Business Process Manager (BPM) - United States,engineering-support,internal,engineering,techqa-proxy-owner,techqa-2025-05-05,hf://nvidia/TechQA-RAG-Eval/corpus/swg21649807.txt,nvidia/TechQA-RAG-Eval,Apache-2.0,93ca444cf2b7b651b9f1e3eaa2a9279f3ac13094d480e2e02d608f229eaeaa99
swg21651101,IBM Installing Rational Asset Analyzer Plug-in on Rational Developer for z/OS results in error CRIMA1071E - United States,engineering-support,internal,engineering,techqa-proxy-owner,techqa-p2-2026-07-18,hf://nvidia/TechQA-RAG-Eval/corpus/swg21651101.txt,nvidia/TechQA-RAG-Eval,Apache-2.0,56b03f0fc69241527d4c97f52d6f3a8d8b94e4d6da4c414dc01230dd4d50be7d
swg21651225,IBM Performance issue on Mac OS X Launching and Closing SPSS Statistics 21 or 22. - United States,engineering-support,internal,engineering,techqa-proxy-owner,techqa-p2-2026-07-18,hf://nvidia/TechQA-RAG-Eval/corpus/swg21651225.txt,nvidia/TechQA-RAG-Eval,Apache-2.0,7390dff104128602830fdd2f1a3a4f78099128350187002cf7c5a054caa9a55d
swg21652265,IBM ITCAM Agent for WebSphere Applications V7.2 fixes - United States,engineering-support,internal,engineering,techqa-proxy-owner,techqa-p2-2026-07-18,hf://nvidia/TechQA-RAG-Eval/corpus/swg21652265.txt,nvidia/TechQA-RAG-Eval,Apache-2.0,2e864afa97c90d1c563ba518e256d5a4f026aa1fac1b0b50628c32beca5445a0
swg21653030,IBM ITCAM Data Collector for WebSphere V7.2 fixes - United States,engineering-support,internal,engineering,techqa-proxy-owner,techqa-2025-05-05,hf://nvidia/TechQA-RAG-Eval/corpus/swg21653030.txt,nvidia/TechQA-RAG-Eval,Apache-2.0,d0c372fbd5647e4e14047ec097132b11748dd7e91e1ca1d860f1df4d2254a7b5
swg21653905,IBM How to enable Baselining in your monitored application. - United States,engineering-support,internal,engineering,techqa-proxy-owner,techqa-p2-2026-07-18,hf://nvidia/TechQA-RAG-Eval/corpus/swg21653905.txt,nvidia/TechQA-RAG-Eval,Apache-2.0,6455abb3c70874d418f9f598acec6f8ca5b8f2a6686fee68fc4e62ed52bd94f6
swg21654520,IBM Datacap Taskmaster Capture ICR error code 12 - United States,operations-support,internal,operations,techqa-proxy-owner,techqa-p2-2026-07-18,hf://nvidia/TechQA-RAG-Eval/corpus/swg21654520.txt,nvidia/TechQA-RAG-Eval,Apache-2.0,7f335f3366b064433b4ef6098d8141353764790b92d71a12a5470115fa92ee24
swg21655808,"IBM Specifying an alternative to ""/tmp"" for Tivoli Integrated Portal installs - United States",engineering-support,internal,engineering,techqa-proxy-owner,techqa-2025-05-05,hf://nvidia/TechQA-RAG-Eval/corpus/swg21655808.txt,nvidia/TechQA-RAG-Eval,Apache-2.0,4662e875c44a5f806ff2556144606b990cd396037b83c3912c84d73fa2d5b5ad
swg21656263,IBM How to troubleshoot images not appearing in PDF/Excel in Report Studio - United States,security-support,restricted,restricted,techqa-proxy-owner,techqa-p2-2026-07-18,hf://nvidia/TechQA-RAG-Eval/corpus/swg21656263.txt,nvidia/TechQA-RAG-Eval,Apache-2.0,c227409b0546d41cf76e6e8e82329d5d041fb8e5cebca197d7034fb27cdea7b0
swg21657023,IBM Pdcollect tool for ITM IBM i OS agent - United States,engineering-support,internal,engineering,techqa-proxy-owner,techqa-p2-2026-07-18,hf://nvidia/TechQA-RAG-Eval/corpus/swg21657023.txt,nvidia/TechQA-RAG-Eval,Apache-2.0,7fd1e229a2bdc9dcea4e6fdf000c07ea176135eacd1201c1a2ee623af9bea7ea
swg21657452,IBM Tivoli Integrated Portal hangs because of Argus java.lang.OutOfMemory. - United States,engineering-support,internal,engineering,techqa-proxy-owner,techqa-p2-2026-07-18,hf://nvidia/TechQA-RAG-Eval/corpus/swg21657452.txt,nvidia/TechQA-RAG-Eval,Apache-2.0,a081f625d6cfe502105d528bbc0dcc9dc2ec2603fdbaf9df96de785e25ab5f60
swg21657458,IBM Minimum authorization required for SAP agent logon userid - United States,operations-support,internal,operations,techqa-proxy-owner,techqa-p2-2026-07-18,hf://nvidia/TechQA-RAG-Eval/corpus/swg21657458.txt,nvidia/TechQA-RAG-Eval,Apache-2.0,41c7918bcf307f0dff69a27ca43f53f9931190a458819e021a260e71a29e9ea5
swg21658019,IBM Deploying IBM Datacap Taskmaster Capture on a WAN - United States,engineering-support,internal,engineering,techqa-proxy-owner,techqa-p2-2026-07-18,hf://nvidia/TechQA-RAG-Eval/corpus/swg21658019.txt,nvidia/TechQA-RAG-Eval,Apache-2.0,1aef1a84bf890b3a4bc44e8528999d3ff7aff893005777119a8e82973e2cb71a
swg21659259,IBM Downgrading with new features enabled might cause the appliance to enter Fail-Safe mode - United States,operations-support,internal,operations,techqa-proxy-owner,techqa-p2-2026-07-18,hf://nvidia/TechQA-RAG-Eval/corpus/swg21659259.txt,nvidia/TechQA-RAG-Eval,Apache-2.0,77dea65932489e2b8d1720bf0508913124946c01a94ee63859c253e6c98c6fcb
swg21660890,IBM Using -Xgc:preferredHeapBase with -Xcompressedrefs - United States,engineering-support,internal,engineering,techqa-proxy-owner,techqa-2025-05-05,hf://nvidia/TechQA-RAG-Eval/corpus/swg21660890.txt,nvidia/TechQA-RAG-Eval,Apache-2.0,dbbcbb55b210b3e3cb229b10440454d15c9b5303dba938e245da0b626d7f18eb
swg21660915,IBM Collect troubleshooting data for undercover agent (UCA) problems in IBM Business Process Manager (BPM) - United States,engineering-support,internal,engineering,techqa-proxy-owner,techqa-p2-2026-07-18,hf://nvidia/TechQA-RAG-Eval/corpus/swg21660915.txt,nvidia/TechQA-RAG-Eval,Apache-2.0,3b7105a0c5e605d9da6751baf668c31f431b5978f43b7c2192c4c127262b8f7b
swg21661861,IBM Unreadable characters displayed in the GUI when using Installation Manager with an X Window System (X11) - United States,engineering-support,internal,engineering,techqa-proxy-owner,techqa-p2-2026-07-18,hf://nvidia/TechQA-RAG-Eval/corpus/swg21661861.txt,nvidia/TechQA-RAG-Eval,Apache-2.0,86b9c6cbb90844d16e611fec7483cb4cc37abab6bc03993d8e0fdf3e6006c732
swg21661918,IBM How to format server trace using ARSTFMT on Content Manager OnDemand 8.5.x.x and 9.0.x.x  on Windows platform - United States,engineering-support,internal,engineering,techqa-proxy-owner,techqa-p2-2026-07-18,hf://nvidia/TechQA-RAG-Eval/corpus/swg21661918.txt,nvidia/TechQA-RAG-Eval,Apache-2.0,860eae75b4a893fd3926f681931b87b3651d46cd717d299e09af840a896266c8
swg21662193,IBM Changes in the default user identifier between WebSphere MQ V7.0.1 classes for JMS and WebSphere MQ V7.1 classes for JMS - United States,security-support,restricted,restricted,techqa-proxy-owner,techqa-2025-05-05,hf://nvidia/TechQA-RAG-Eval/corpus/swg21662193.txt,nvidia/TechQA-RAG-Eval,Apache-2.0,b09f01ae8e9e6a9b99d5dbcef71e10580b0636442b8e31842b9234b40ff0773e
swg21663373,IBM SSLKeyException: RSA premaster secret error  Caused by InvalidKeyException - United States,security-support,restricted,restricted,techqa-proxy-owner,techqa-p2-2026-07-18,hf://nvidia/TechQA-RAG-Eval/corpus/swg21663373.txt,nvidia/TechQA-RAG-Eval,Apache-2.0,f621a4f6221429f0b2e6ac18bbdfbbc399054cbb9399eeae13065844a33526c5
swg21663414,IBM FileNet Content Manager object store addon creation fails on IBM DB2 pureScale - United States,engineering-support,internal,engineering,techqa-proxy-owner,techqa-p2-2026-07-18,hf://nvidia/TechQA-RAG-Eval/corpus/swg21663414.txt,nvidia/TechQA-RAG-Eval,Apache-2.0,0fbc1bfadfcaeee4bfb931e308e1f64a1c4dc98f1849f307141de14275ab8aa6
swg21663802,IBM Collect troubleshooting data for migration problems in IBM Business Process Manager (BPM) - United States,security-support,restricted,restricted,techqa-proxy-owner,techqa-p2-2026-07-18,hf://nvidia/TechQA-RAG-Eval/corpus/swg21663802.txt,nvidia/TechQA-RAG-Eval,Apache-2.0,7c1d9c1612b1c2325c19a2a0643af1b0b127a61547f85a3b1a9b61fca7f8519f
swg21663864,IBM Collect troubleshooting data for Business Rules problems in IBM Business Process Manager (BPM) Advanced - United States,engineering-support,internal,engineering,techqa-proxy-owner,techqa-p2-2026-07-18,hf://nvidia/TechQA-RAG-Eval/corpus/swg21663864.txt,nvidia/TechQA-RAG-Eval,Apache-2.0,f98cdfb966edf9b4b6376220b3156bbf948488f8ca013f08a21f3172be9ccee3
swg21664126,IBM Cannot update a Notice Questionnaire Template or publish a Hold Notice - United States,operations-support,internal,operations,techqa-proxy-owner,techqa-p2-2026-07-18,hf://nvidia/TechQA-RAG-Eval/corpus/swg21664126.txt,nvidia/TechQA-RAG-Eval,Apache-2.0,e7bf7faa49626482990c7670791def4b2109ef7b2cb293d6ccab973d2efce6c1
swg21664629,IBM Policy (EJQAB0067E) and JCR Login (WSP0005E) exceptions in System*.logs - United States,security-support,restricted,restricted,techqa-proxy-owner,techqa-p2-2026-07-18,hf://nvidia/TechQA-RAG-Eval/corpus/swg21664629.txt,nvidia/TechQA-RAG-Eval,Apache-2.0,c6845f3a30d901774b27176fb317db175dc0ac4af0f812fb19d99f6cc7d4aabd
swg21665086,IBM CWWIM1011E during PUMA lookup using SAML Trust Association Interceptor - United States,security-support,restricted,restricted,techqa-proxy-owner,techqa-p2-2026-07-18,hf://nvidia/TechQA-RAG-Eval/corpus/swg21665086.txt,nvidia/TechQA-RAG-Eval,Apache-2.0,1b6db6ba22401bf18da462d580a2988bda7aed0aa232afc487bd59cf474043fd
swg21665766,IBM When and how to apply a modification or fix pack - United States,engineering-support,internal,engineering,techqa-proxy-owner,techqa-p2-2026-07-18,hf://nvidia/TechQA-RAG-Eval/corpus/swg21665766.txt,nvidia/TechQA-RAG-Eval,Apache-2.0,b5aee1300f800d5762cfbbada782fe1087e9268cceb0e716ef88655f31d9cb0e
swg21666135,"IBM Collect troubleshooting data for hangs, crashes, and out-of-memory problems with IBM Business Process Manager (BPM) - United States",engineering-support,internal,engineering,techqa-proxy-owner,techqa-p2-2026-07-18,hf://nvidia/TechQA-RAG-Eval/corpus/swg21666135.txt,nvidia/TechQA-RAG-Eval,Apache-2.0,95c9817410a311f320c17aad0a0c86875fdcc9699412707f81b40642c4799443
swg21666261,IBM Collect troubleshooting data for Process Center connection problems with the IBM Business Process Manager (BPM) products - United States,security-support,restricted,restricted,techqa-proxy-owner,techqa-p2-2026-07-18,hf://nvidia/TechQA-RAG-Eval/corpus/swg21666261.txt,nvidia/TechQA-RAG-Eval,Apache-2.0,9dee9c7c80fd64f3a14b873dee83a4e611fb68287d8f837b4745f11c65cc9766
swg21666278,IBM Collect troubleshooting data for BPM REST API problems in IBM Business Process Manager (BPM) - United States,engineering-support,internal,engineering,techqa-proxy-owner,techqa-p2-2026-07-18,hf://nvidia/TechQA-RAG-Eval/corpus/swg21666278.txt,nvidia/TechQA-RAG-Eval,Apache-2.0,45d74dea3b812e8efbae9c40da52bf89aa4582156e01b4ba727856f486c971fd
swg21666402,"IBM Why does IBM Datacap 8.1 appear to hang, requiring a restart of all components? - United States",operations-support,internal,operations,techqa-proxy-owner,techqa-p2-2026-07-18,hf://nvidia/TechQA-RAG-Eval/corpus/swg21666402.txt,nvidia/TechQA-RAG-Eval,Apache-2.0,b6a11ff8365b35772adbf17a97eb2248119827c22ebdea8f891f6610efa526a4
swg21666489,IBM TCR 2.1.1 FixPack 2 failing with ACUOSI0050E - United States,engineering-support,internal,engineering,techqa-proxy-owner,techqa-p2-2026-07-18,hf://nvidia/TechQA-RAG-Eval/corpus/swg21666489.txt,nvidia/TechQA-RAG-Eval,Apache-2.0,afb3c71e950adc3e6f810e2bc9afd4d0117a5dcb56f54bbb00ad19c656515489
swg21667053,IBM Collect troubleshooting data for messaging import and export problems in IBM Business Process Manager (BPM) Advanced - United States,engineering-support,internal,engineering,techqa-proxy-owner,techqa-p2-2026-07-18,hf://nvidia/TechQA-RAG-Eval/corpus/swg21667053.txt,nvidia/TechQA-RAG-Eval,Apache-2.0,0b589bcde61a403e0176f67edc193afcd6499905e1774d554a3b2b58c90ecb68
swg21669111,"IBM Collect troubleshooting data for Service Component Architecture (SCA), Service Integration Bus (SIB) or Failed Event Manager-related problems in IBM Business Process Manager (BPM) Advanced - United States",engineering-support,internal,engineering,techqa-proxy-owner,techqa-p2-2026-07-18,hf://nvidia/TechQA-RAG-Eval/corpus/swg21669111.txt,nvidia/TechQA-RAG-Eval,Apache-2.0,2f779ca4b24f72f044be161685932b448bb5ee4ae861e0f69c5204e82dfc3a7b
swg21669894,IBM Collect troubleshooting data for process applications that implement an Advanced Integration Service for IBM Business Process Manager (BPM) - United States,security-support,restricted,restricted,techqa-proxy-owner,techqa-p2-2026-07-18,hf://nvidia/TechQA-RAG-Eval/corpus/swg21669894.txt,nvidia/TechQA-RAG-Eval,Apache-2.0,b6f99f03700fb65192088d3b4a7bf303df145f594ba7dc0a286989bfb82b3371
swg21672071,IBM Netcool conf pack command - United States,operations-support,internal,operations,techqa-proxy-owner,techqa-p2-2026-07-18,hf://nvidia/TechQA-RAG-Eval/corpus/swg21672071.txt,nvidia/TechQA-RAG-Eval,Apache-2.0,37ef83299be0045e1e3d20c532b93998f6a5c74450983c3fcc2ac408209f49a5
swg21672402,IBM What happens if I run arssyscr -I instance_name -r  without having Report Distribution enabled or installed? - United States,engineering-support,internal,engineering,techqa-proxy-owner,techqa-p2-2026-07-18,hf://nvidia/TechQA-RAG-Eval/corpus/swg21672402.txt,nvidia/TechQA-RAG-Eval,Apache-2.0,18bcaa8b70029a43751a1a7a69befae05453ad5e8cbf991b9bf79487905a15f6
swg21673316,IBM How To Display More Characters of a Description Field in the List Screen - United States,operations-support,internal,operations,techqa-proxy-owner,techqa-p2-2026-07-18,hf://nvidia/TechQA-RAG-Eval/corpus/swg21673316.txt,nvidia/TechQA-RAG-Eval,Apache-2.0,d73a192175af7d7cb8105586f1dc1acf7f5c4a39b48fc44bfbcea52826003446
swg21674407,IBM Announcement: End of Support for WebSphere MQ and WebSphere MQ File Transfer Edition V7.0.1 and V7.0.0 and WebSphere MQ Telemetry V7.0.1 - United States,security-support,restricted,restricted,techqa-proxy-owner,techqa-2025-05-05,hf://nvidia/TechQA-RAG-Eval/corpus/swg21674407.txt,nvidia/TechQA-RAG-Eval,Apache-2.0,a2eef23171f86e1eaead4126b5413764e822f46e057ddcd235239d37d99304fb
swg21674924,"IBM How do I change the default 'fit content by' behaviour of Daeja viewer in IBM Content Navigator, to fit content by height or width? - United States",engineering-support,internal,engineering,techqa-proxy-owner,techqa-p2-2026-07-18,hf://nvidia/TechQA-RAG-Eval/corpus/swg21674924.txt,nvidia/TechQA-RAG-Eval,Apache-2.0,e439de348b4be2bf68aefc170227398892ce1060bc6fa5565165d745f9d399f3
swg21675015,IBM Event Flagging with Go_NoGo checking - United States,engineering-support,internal,engineering,techqa-proxy-owner,techqa-p2-2026-07-18,hf://nvidia/TechQA-RAG-Eval/corpus/swg21675015.txt,nvidia/TechQA-RAG-Eval,Apache-2.0,4668082af9d33c0074fb4b76195d1d34f1768a893b9821f2e19a8f0ec5d385f5
swg21675316,IBM Exit() action within User Defined Function in Impact Policy Language - United States,engineering-support,internal,engineering,techqa-proxy-owner,techqa-p2-2026-07-18,hf://nvidia/TechQA-RAG-Eval/corpus/swg21675316.txt,nvidia/TechQA-RAG-Eval,Apache-2.0,8e27b5d0303696b7e61b123960246738f94fc9b2430665bedde5513c458a4653
swg21675742,IBM Health Checks and Introduction to Troubleshooting on a PureApplication System - United States,engineering-support,internal,engineering,techqa-proxy-owner,techqa-p2-2026-07-18,hf://nvidia/TechQA-RAG-Eval/corpus/swg21675742.txt,nvidia/TechQA-RAG-Eval,Apache-2.0,8970f8b5284beb9160d92c557883629087aa9609b787980d22ae0c9585c0b6b7
swg21675858,IBM Filter Analyzer and Filters comparing ObjectServer fields - United States,operations-support,internal,operations,techqa-proxy-owner,techqa-p2-2026-07-18,hf://nvidia/TechQA-RAG-Eval/corpus/swg21675858.txt,nvidia/TechQA-RAG-Eval,Apache-2.0,4dc957478abb245d59912c5475fb5662a076c0a4d3a1f9443af5484858969199
swg21677137,IBM Withdrawal of support for the IBM WebSphere DataPower SOA Appliances 5.0 firmware level - United States,engineering-support,internal,engineering,techqa-proxy-owner,techqa-p2-2026-07-18,hf://nvidia/TechQA-RAG-Eval/corpus/swg21677137.txt,nvidia/TechQA-RAG-Eval,Apache-2.0,5a610e840bee8dc4e6a9ed8e973e4c192a8a587488fc8bcd683bc03c5ca00a8b
swg21678261,IBM Web Browser Versions Supported by PathWAI Editor for Messages - United States,operations-support,internal,operations,techqa-proxy-owner,techqa-p2-2026-07-18,hf://nvidia/TechQA-RAG-Eval/corpus/swg21678261.txt,nvidia/TechQA-RAG-Eval,Apache-2.0,949de17a2e176c0d4e3d8b2b2ea87681563a022ffd9d551c333251f57640abdb
swg21679979,IBM Security Bulletin: Insufficient control over MIME types in Business Process Manager (BPM) and WebSphere Lombardi Edition document feature (CVE-2014-3075) - United States,security-support,restricted,restricted,techqa-proxy-owner,techqa-p2-2026-07-18,hf://nvidia/TechQA-RAG-Eval/corpus/swg21679979.txt,nvidia/TechQA-RAG-Eval,Apache-2.0,3049b6a4e96986df272d738b3cf6a8338d232ee099025686f768209a449a5fdf
swg21680148,IBM Collect troubleshooting data for Business Process Definition problems in IBM Business Process Manager (BPM) - United States,engineering-support,internal,engineering,techqa-proxy-owner,techqa-p2-2026-07-18,hf://nvidia/TechQA-RAG-Eval/corpus/swg21680148.txt,nvidia/TechQA-RAG-Eval,Apache-2.0,cd00d2bd083b64069c9fd343b20b0fcd698aea480300ccc760631a83e459c260
swg21680391,IBM Content Collector Configuration Store is corrupted - United States,engineering-support,internal,engineering,techqa-proxy-owner,techqa-p2-2026-07-18,hf://nvidia/TechQA-RAG-Eval/corpus/swg21680391.txt,nvidia/TechQA-RAG-Eval,Apache-2.0,a88683127930622de362bbfd9cbf0da960fb441eb6f3ca2acac6f67fa99724bf
swg21681093,IBM Known Issues for DB2 on Linux - United States,engineering-support,internal,engineering,techqa-proxy-owner,techqa-p2-2026-07-18,hf://nvidia/TechQA-RAG-Eval/corpus/swg21681093.txt,nvidia/TechQA-RAG-Eval,Apache-2.0,f2d9f9b5ca63bd2c04edfc9885553c7107aedef91d0a2982d74b07aa47288b55
swg21681142,IBM Solving IBM MQ Java code version mismatches using the mqjavalist.sh script - United States,security-support,restricted,restricted,techqa-proxy-owner,techqa-2025-05-05,hf://nvidia/TechQA-RAG-Eval/corpus/swg21681142.txt,nvidia/TechQA-RAG-Eval,Apache-2.0,39a71be4159f9336e0c4084b9cf86709b9563e6448c0737957037b125ea1fea6
swg21681464,IBM Syndicating to VP with exclusive realms does not work. - United States,engineering-support,internal,engineering,techqa-proxy-owner,techqa-2025-05-05,hf://nvidia/TechQA-RAG-Eval/corpus/swg21681464.txt,nvidia/TechQA-RAG-Eval,Apache-2.0,c18a37708caa73993540e0015cd89c1ffdb354c0a05050c54d1270a82f377d47
swg21684365,"IBM SqlException with message ""Caught java.io.CharConversionException."" and ERRORCODE=-4220 - United States",engineering-support,internal,engineering,techqa-proxy-owner,techqa-p2-2026-07-18,hf://nvidia/TechQA-RAG-Eval/corpus/swg21684365.txt,nvidia/TechQA-RAG-Eval,Apache-2.0,3155a127a45418cf074a5efb843c8f5ee12ff470ae5ec89b348ad0731b1f3a67
swg21684407,IBM COBOL Copybook importer is missing in WTX Design Studio 8.4.1.1 if installed over 8.4.1.0 - United States,engineering-support,internal,engineering,techqa-proxy-owner,techqa-p2-2026-07-18,hf://nvidia/TechQA-RAG-Eval/corpus/swg21684407.txt,nvidia/TechQA-RAG-Eval,Apache-2.0,26331fa818b74beed381d196ad6e91d8e4c26ef81b600ac6a9a9c7a08503c06f
swg21685435,"IBM WebSphere DataPower is not affected by the Bash vulnerabilities (CVE-2014-6271, CVE-2014-7169, CVE-2014-7186, CVE-2014-7187, CVE-2014-6277, and CVE-2014-6278)",security-support,restricted,restricted,techqa-proxy-owner,techqa-2025-05-05,hf://nvidia/TechQA-RAG-Eval/corpus/swg21685435.txt,nvidia/TechQA-RAG-Eval,Apache-2.0,4333ad08b19fdb1d38d43cd611a87035e36e388fadee8a1ddeb247b56fd2ee52
swg21685441,IBM No data visible in Web Sites workspace for ITCAM for IIS (Q7) Agent - United States,engineering-support,internal,engineering,techqa-proxy-owner,techqa-p2-2026-07-18,hf://nvidia/TechQA-RAG-Eval/corpus/swg21685441.txt,nvidia/TechQA-RAG-Eval,Apache-2.0,e5bbbe7d45e54900f55e20e341e93d725a9c685a3613e2f88308857fbdbe955e
swg21685666,"IBM Action required for IBM WebSphere MQ Hypervisor Edition for Red Hat Enterprise Linux Server for the Bash vulnerabilities (CVE-2014-6271, CVE-2014-7169, CVE-2014-7186, CVE-2014-7187, CVE-2014-6277 and CVE-2014-2014-6278) - United States",security-support,restricted,restricted,techqa-proxy-owner,techqa-2025-05-05,hf://nvidia/TechQA-RAG-Eval/corpus/swg21685666.txt,nvidia/TechQA-RAG-Eval,Apache-2.0,c3fdf62dc7a60ac2273f8722827e07ee77e941523cfbc18fe5bd2a9f7b858b49
swg21685764,"IBM 【セキュリティ情報】IBM WebSphere MQ Hypervisor Edition for Red Hat Enterprise Linux ServerのBashの脆弱性 (CVE-2014-6271, CVE-2014-7169, CVE-2014-7186, CVE-2014-7187, CVE-2014-6277, CVE-2014-2014-6278) - United States",security-support,restricted,restricted,techqa-proxy-owner,techqa-p2-2026-07-18,hf://nvidia/TechQA-RAG-Eval/corpus/swg21685764.txt,nvidia/TechQA-RAG-Eval,Apache-2.0,da107a4ef8385fb4784ae313367981440a0cbd40a605d20253558043f29299b2
swg21686987,IBM WebSphere Cast Iron Cloud Integration fix pack 7.0.0.2 is now available - United States,operations-support,internal,operations,techqa-proxy-owner,techqa-p2-2026-07-18,hf://nvidia/TechQA-RAG-Eval/corpus/swg21686987.txt,nvidia/TechQA-RAG-Eval,Apache-2.0,c486c06a82c4b4a598782c2953c9489d71074ee238dd7549dc62f14f7322524f
swg21687172,IBM Security Bulletin: Vulnerability in SSLv3 affects IBM HTTP Server (CVE-2014-3566) - United States,security-support,restricted,restricted,techqa-proxy-owner,techqa-2025-05-05,hf://nvidia/TechQA-RAG-Eval/corpus/swg21687172.txt,nvidia/TechQA-RAG-Eval,Apache-2.0,c7aac5459c2833b3900c901b43e85ecbf5581bc8c5de27eed2adf67c3e764c80
swg21688071,IBM Installation Manager 1.7.3.1 or older cannot connect to HTTPS servers that have SSL security protocol disabled - United States,security-support,restricted,restricted,techqa-proxy-owner,techqa-2025-05-05,hf://nvidia/TechQA-RAG-Eval/corpus/swg21688071.txt,nvidia/TechQA-RAG-Eval,Apache-2.0,89881b884165597b186c2a2258b6f0521d8e7691f127096d1c0c6b5086b7a37f
swg21688543,IBM Correct understanding of CSV version of PVU reports - United States,security-support,restricted,restricted,techqa-proxy-owner,techqa-p2-2026-07-18,hf://nvidia/TechQA-RAG-Eval/corpus/swg21688543.txt,nvidia/TechQA-RAG-Eval,Apache-2.0,1e6abaf48686c39fe9395ff42acef704dfad5dd762d105a3a054ffb317efd234
swg21688718,IBM TEP Login is failing for some LDAP users - United States,security-support,restricted,restricted,techqa-proxy-owner,techqa-2025-05-05,hf://nvidia/TechQA-RAG-Eval/corpus/swg21688718.txt,nvidia/TechQA-RAG-Eval,Apache-2.0,6c645745e60caee7a0545f81c84de9f7ced931524786e7bed20454a4c5affa8a
swg21688949,IBM Security Bulletin: IBM WebSphere MQ is affected by a vulnerability in GSKit (CVE-2014-0076) - United States,security-support,restricted,restricted,techqa-proxy-owner,techqa-2025-05-05,hf://nvidia/TechQA-RAG-Eval/corpus/swg21688949.txt,nvidia/TechQA-RAG-Eval,Apache-2.0,9b362d7996c468c92960b7c79f4ec6afb5f2bd3b8214c38b941952e063547a82
swg21689211,IBM 【セキュリティ情報】 IBM WebSphere MQ　GSKit の脆弱性 (CVE-2014-0076) - United States,security-support,restricted,restricted,techqa-proxy-owner,techqa-p2-2026-07-18,hf://nvidia/TechQA-RAG-Eval/corpus/swg21689211.txt,nvidia/TechQA-RAG-Eval,Apache-2.0,3b909eca3ce18236a5c3e29c1633046a97ee360012eabfdc6185e72ee254da53
swg21689914,IBM Security Bulletin: Vulnerability in SSLv3 affects IBM Integration Designer and WebSphere Integration Developer (CVE-2014-3566) - United States,security-support,restricted,restricted,techqa-proxy-owner,techqa-2025-05-05,hf://nvidia/TechQA-RAG-Eval/corpus/swg21689914.txt,nvidia/TechQA-RAG-Eval,Apache-2.0,a716ad91f6202ef0311a35a4790ff48728e3369187eea173a9bd353c5c8c49c6
swg21690163,IBM Steps to disable RC4 SSL ciphers in Tivoli Integrated Portal - United States,security-support,restricted,restricted,techqa-proxy-owner,techqa-2025-05-05,hf://nvidia/TechQA-RAG-Eval/corpus/swg21690163.txt,nvidia/TechQA-RAG-Eval,Apache-2.0,e973de7a7dd39d5a2b03c7face8bda35a0fef95849606dade51180418db30a9c
swg21690184,IBM Ignorable SYSIBMADM.DBCFG IS AN UNDEFINED NAME error message - United States,operations-support,internal,operations,techqa-proxy-owner,techqa-2025-05-05,hf://nvidia/TechQA-RAG-Eval/corpus/swg21690184.txt,nvidia/TechQA-RAG-Eval,Apache-2.0,9dd8ddf7d60be375b815e23547937600f4600959d3904f55e5015adcbd875669
swg21690658,IBM Setting a big session time-out value in DASH causes session lock-out - United States,security-support,restricted,restricted,techqa-proxy-owner,techqa-p2-2026-07-18,hf://nvidia/TechQA-RAG-Eval/corpus/swg21690658.txt,nvidia/TechQA-RAG-Eval,Apache-2.0,a404fecd28f6a671f16ec167540f966433498a861d1043615643e130e30344c3
swg21690673,IBM Upgrading default JDBC drivers to Oracle 12c requires the definition of an additional JVM property in IBM Business Monitor - United States,engineering-support,internal,engineering,techqa-proxy-owner,techqa-p2-2026-07-18,hf://nvidia/TechQA-RAG-Eval/corpus/swg21690673.txt,nvidia/TechQA-RAG-Eval,Apache-2.0,77a23fbd8d3737649d71de50ccbc311e8cbbe51f5ba877a167de15c2a08ca48b
swg21691034,IBM Error TASK001X while upgrading Portal 8.0.0.1 to 8.0.0.1 CF14 during import-nodes sub-task - United States,engineering-support,internal,engineering,techqa-proxy-owner,techqa-2025-05-05,hf://nvidia/TechQA-RAG-Eval/corpus/swg21691034.txt,nvidia/TechQA-RAG-Eval,Apache-2.0,db91b8cb2a99c93db0b074c2b60a8dff30c0a4e49f25d612115832e70f026093
swg21692240,IBM How do I process Sparse data objects Identified in the Audit - United States,operations-support,internal,operations,techqa-proxy-owner,techqa-p2-2026-07-18,hf://nvidia/TechQA-RAG-Eval/corpus/swg21692240.txt,nvidia/TechQA-RAG-Eval,Apache-2.0,53a611a11d60421c7d866c32b69f49d3bf31820e0df44ae99ac085189babcd39
swg21692618,IBM Security Bulletin:  TLS padding vulnerability affects IBM® DB2® LUW (CVE-2014-8730) - United States,security-support,restricted,restricted,techqa-proxy-owner,techqa-p2-2026-07-18,hf://nvidia/TechQA-RAG-Eval/corpus/swg21692618.txt,nvidia/TechQA-RAG-Eval,Apache-2.0,3cba34e729995409114bd4875fdc5ab34ea390358edb2fabc87299059823c8d4
swg21694876,IBM Errors Found in crm_mon - PureData System for Analytics - United States,engineering-support,internal,engineering,techqa-proxy-owner,techqa-p2-2026-07-18,hf://nvidia/TechQA-RAG-Eval/corpus/swg21694876.txt,nvidia/TechQA-RAG-Eval,Apache-2.0,4fd9eec9845937371d5893cc4d9dbe4ad99b412382dd6cd1cce0a09d3721be9c
swg21695094,"IBM The affect of the auto-update feature for Oracle JDK 7 on IBM Mobile Foundation, IBM Worklight, IBM Worklight Foundation, and IBM MobileFirst Platform Foundation - United States",security-support,restricted,restricted,techqa-proxy-owner,techqa-2025-05-05,hf://nvidia/TechQA-RAG-Eval/corpus/swg21695094.txt,nvidia/TechQA-RAG-Eval,Apache-2.0,f97eac76832d148f7f3105122e1a98b870f1c1d5f1866c9233fb88a5922322df
swg21695194,IBM IV67523 Move local data from CANDLEHOME to another file system - United States,engineering-support,internal,engineering,techqa-proxy-owner,techqa-p2-2026-07-18,hf://nvidia/TechQA-RAG-Eval/corpus/swg21695194.txt,nvidia/TechQA-RAG-Eval,Apache-2.0,8bcc0dca991a2070d0790146fa8d00938756637a4f9a04ed6614b9503c0a4bac
swg21695676,IBM Action required for IBM WebSphere MQ Hypervisor Edition for Red Hat Enterprise Linux Server for the GNU C library (glibc) vulnerability (CVE-2015-0235) - United States,security-support,restricted,restricted,techqa-proxy-owner,techqa-2025-05-05,hf://nvidia/TechQA-RAG-Eval/corpus/swg21695676.txt,nvidia/TechQA-RAG-Eval,Apache-2.0,093c68c86a724ffab5c10388ebc5e5e7043888bdfb3ac74270ebc7b5d398278e
swg21696083,IBM How to overwrite property definition properties in a class via IBM Administration Console for Content Platform Engine (ACCE)? - United States,operations-support,internal,operations,techqa-proxy-owner,techqa-p2-2026-07-18,hf://nvidia/TechQA-RAG-Eval/corpus/swg21696083.txt,nvidia/TechQA-RAG-Eval,Apache-2.0,eb623147d2adf102f467bde3aa76b5197c10177f75bf95f68566560aa466ac94
swg21696179,IBM JAZZ 1.1.0.3 for WebGUI (Pre-Req) not installing. - United States,engineering-support,internal,engineering,techqa-proxy-owner,techqa-p2-2026-07-18,hf://nvidia/TechQA-RAG-Eval/corpus/swg21696179.txt,nvidia/TechQA-RAG-Eval,Apache-2.0,c1debd161872a65536df4fa7f6c3291a9fb0426f480d909b61816a3dd947e95d
swg21696267,IBM Setting HttpOnly and secure flag in Oracle Weblogic 12c - United States,engineering-support,internal,engineering,techqa-proxy-owner,techqa-p2-2026-07-18,hf://nvidia/TechQA-RAG-Eval/corpus/swg21696267.txt,nvidia/TechQA-RAG-Eval,Apache-2.0,51fea11969e0e18d80d4f1d7e6152a06e97327da425babd309e458600b46ab56
swg21696640,IBM Security Bulletin: GNU C library (glibc) vulnerability affects IBM DataPower Gateway appliances (CVE-2015-0235) - United States,security-support,restricted,restricted,techqa-proxy-owner,techqa-p2-2026-07-18,hf://nvidia/TechQA-RAG-Eval/corpus/swg21696640.txt,nvidia/TechQA-RAG-Eval,Apache-2.0,5bf3a301f85ef7e871198157d504ad676bc78972389a1d55c0fc3fe76f6271c3
swg21696879,IBM WebSphere MQ Hypervisor Edition for Red Hat Enterprise Linux Server - GNU C library (glibc) セキュリティ脆弱性 (CVE-2015-0235) - United States,security-support,restricted,restricted,techqa-proxy-owner,techqa-p2-2026-07-18,hf://nvidia/TechQA-RAG-Eval/corpus/swg21696879.txt,nvidia/TechQA-RAG-Eval,Apache-2.0,6e3abd1ecb2a4498f710cce592aac2525123dd641ae012a8e90a0b5762685b41
swg21697120,IBM Security Bulletin: Persistent cross-site scripting vulnerability in Process Admin Console affecting IBM Business Process Manager (BPM) and WebSphere Lombardi Edition (WLE) CVE-2015-0156 - United States,security-support,restricted,restricted,techqa-proxy-owner,techqa-2025-05-05,hf://nvidia/TechQA-RAG-Eval/corpus/swg21697120.txt,nvidia/TechQA-RAG-Eval,Apache-2.0,074ab7e747f3bbb0fe6b91f9763ce7072b017bb315c447cd547aaa5c28871e99
swg21697458,IBM Security Bulletin: WebSphere Message Broker and IBM Integration Bus are affected by denial of service vulnerability (CVE-2014-8901) - United States,security-support,restricted,restricted,techqa-proxy-owner,techqa-2025-05-05,hf://nvidia/TechQA-RAG-Eval/corpus/swg21697458.txt,nvidia/TechQA-RAG-Eval,Apache-2.0,c013c747846d2ce2c6f80ecfbd2b2d5aeee5e5485dc3105f098aa554bafeebf7
swg21697944,IBM Security Bulletin: Cross-site scripting vulnerabilities in IBM Business Process Manager (BPM) and WebSphere Lombardi Edition (WLE) error handling (CVE-2015-0193) - United States,security-support,restricted,restricted,techqa-proxy-owner,techqa-2025-05-05,hf://nvidia/TechQA-RAG-Eval/corpus/swg21697944.txt,nvidia/TechQA-RAG-Eval,Apache-2.0,6c5bb1698a55d29fbf170339441b44d539d5b53f97c868f8fbe9939fd1a5b774
swg21698950,"IBM Is there a limit to the number of items that can be listed within an ""in"" list as part of a where clause? - United States",operations-support,internal,operations,techqa-proxy-owner,techqa-p2-2026-07-18,hf://nvidia/TechQA-RAG-Eval/corpus/swg21698950.txt,nvidia/TechQA-RAG-Eval,Apache-2.0,8ce91a4b903f5766174a69a7ae06d3cff757a909cb6d2186facbac3969237929
swg21700308,IBM Modifying the default Monitoring Level and Sampling Rate in the J2EE v7.1.1.0.0 agent. - United States,engineering-support,internal,engineering,techqa-proxy-owner,techqa-p2-2026-07-18,hf://nvidia/TechQA-RAG-Eval/corpus/swg21700308.txt,nvidia/TechQA-RAG-Eval,Apache-2.0,e74b4608117ebeb794d158b96465172db6024002409ff986e6c838c21fb2efdf
swg21700397,IBM Security Bulletin : Multiple vulnerabilities in IBM Java Runtime affect IBM Integration Bus and WebSphere Message Broker (CVE-2015-0138) - United States,security-support,restricted,restricted,techqa-proxy-owner,techqa-p2-2026-07-18,hf://nvidia/TechQA-RAG-Eval/corpus/swg21700397.txt,nvidia/TechQA-RAG-Eval,Apache-2.0,149c36ef2736487e6065d537b61bdeac263146e6ce31cdcfb1e59388802fa325
swg21700534,IBM Impact of the addition of Leap Second time on WebGUI - United States,operations-support,internal,operations,techqa-proxy-owner,techqa-p2-2026-07-18,hf://nvidia/TechQA-RAG-Eval/corpus/swg21700534.txt,nvidia/TechQA-RAG-Eval,Apache-2.0,df34d54b403629357d11735388d34e6178c249cb6955056e7897e4e53113f5ae
swg21700633,IBM Security Bulletin: Security vulnerabilities have been identified in IBM DB2 shipped with WebSphere Remote Server (CVE-2014-8730) - United States,security-support,restricted,restricted,techqa-proxy-owner,techqa-2025-05-05,hf://nvidia/TechQA-RAG-Eval/corpus/swg21700633.txt,nvidia/TechQA-RAG-Eval,Apache-2.0,413563014d0d3a133b17b0f7a0790a428c08549b61b30c42634717054ec7df96
swg21700865,IBM Security Bulletin: A security vulnerability has been identified in WebSphere Application Server shipped with IBM Business Monitor (CVE-2015-0138) - United States,security-support,restricted,restricted,techqa-proxy-owner,techqa-2025-05-05,hf://nvidia/TechQA-RAG-Eval/corpus/swg21700865.txt,nvidia/TechQA-RAG-Eval,Apache-2.0,098b484ccd8a0dfd2be73a72f8ecc2a321aab52cb6ad30175f362fcf70a1c93c
swg21701072,IBM Security Bulletin: Vulnerability in RC4 stream cipher affects IBM HTTP Server and Caching Proxy (CVE-2015-2808) - United States,security-support,restricted,restricted,techqa-proxy-owner,techqa-p2-2026-07-18,hf://nvidia/TechQA-RAG-Eval/corpus/swg21701072.txt,nvidia/TechQA-RAG-Eval,Apache-2.0,bd883fcfd36db6cc7f3344b829d931a19e6d4c3a608b8e357cd2b093dc1ceb09
swg21701478,"IBM When attempting to install a second Portal 8.5 instance on the same machine you receive the error, ""ERROR: Error executing the work flow.  Step 'Basic Config' FAILED!"" - United States",engineering-support,internal,engineering,techqa-proxy-owner,techqa-2025-05-05,hf://nvidia/TechQA-RAG-Eval/corpus/swg21701478.txt,nvidia/TechQA-RAG-Eval,Apache-2.0,b05144d27972f330d929cb3c14dbcf0b474c317bd6165ae81cb4205e4d67f71c
swg21701544,IBM 【セキュリティ情報】IBM Business Monitor へのTLS/SSL通信時(FREAK)の脆弱性の影響,security-support,restricted,restricted,techqa-proxy-owner,techqa-p2-2026-07-18,hf://nvidia/TechQA-RAG-Eval/corpus/swg21701544.txt,nvidia/TechQA-RAG-Eval,Apache-2.0,a90f21b785a9a74f04d0325d845801c1114e3fdb926fcb0358548e53c040cbe2
swg21701910,IBM NormalizeCCO merging lines with IBM Datacap Taskmaster Capture - United States,operations-support,internal,operations,techqa-proxy-owner,techqa-p2-2026-07-18,hf://nvidia/TechQA-RAG-Eval/corpus/swg21701910.txt,nvidia/TechQA-RAG-Eval,Apache-2.0,a66478330df81705f59fbe06db9edb3d0225d41f61a7e300b2760a4ad7e4c86a
swg21715537,IBM Known issues for IBM Security Network Protection version 5.3.1 - United States,security-support,restricted,restricted,techqa-proxy-owner,techqa-p2-2026-07-18,hf://nvidia/TechQA-RAG-Eval/corpus/swg21715537.txt,nvidia/TechQA-RAG-Eval,Apache-2.0,e92f39bb3c254e113d49f012c437adb68633e6381899ad6c7c8e3430cf81a941
swg21882726,IBM Withdrawal of support for the IBM WebSphere DataPower SOA Appliances 6.0 & 6.0.1 firmware levels - United States,engineering-support,internal,engineering,techqa-proxy-owner,techqa-p2-2026-07-18,hf://nvidia/TechQA-RAG-Eval/corpus/swg21882726.txt,nvidia/TechQA-RAG-Eval,Apache-2.0,a6831a8910316a64c48e306d0a4394b444b994dc52b22f61f4b36395efa89fa1
swg21882989,IBM Locked files encountered during Windows agent silent installation - United States,engineering-support,internal,engineering,techqa-proxy-owner,techqa-p2-2026-07-18,hf://nvidia/TechQA-RAG-Eval/corpus/swg21882989.txt,nvidia/TechQA-RAG-Eval,Apache-2.0,396f6476e46282b76fbe405352bb11f716e6cc50102717a52e48da1f37b29bc2
swg21902172,"IBM Security Bulletin: Vulnerabilities in SSL affect IBM DataPower Gateways (CVE-2015-0287, CVE-2015-0289, CVE-2015-0292, and CVE-2015-0293) - United States",security-support,restricted,restricted,techqa-proxy-owner,techqa-p2-2026-07-18,hf://nvidia/TechQA-RAG-Eval/corpus/swg21902172.txt,nvidia/TechQA-RAG-Eval,Apache-2.0,777b5c460319e9be8b7016a63847abd077e622e52082f17a8795e8a93df6a296
swg21902248,IBM Action required for IBM WebSphere MQ Hypervisor Edition for RedHat Enterprise Linux Server for the GNU C library (glibc) vulnerabilities (CVE-2015-1472 & CVE-2013-7423) - United States,security-support,restricted,restricted,techqa-proxy-owner,techqa-2025-05-05,hf://nvidia/TechQA-RAG-Eval/corpus/swg21902248.txt,nvidia/TechQA-RAG-Eval,Apache-2.0,b75818a04a340be1f7b7b7d8ca5e00b1ecd8db112e30c606e73c55db565ad8b6
swg21902438,IBM Command Line configuration for J2EE Data Collector - United States,engineering-support,internal,engineering,techqa-proxy-owner,techqa-p2-2026-07-18,hf://nvidia/TechQA-RAG-Eval/corpus/swg21902438.txt,nvidia/TechQA-RAG-Eval,Apache-2.0,99ff6f8e9a0da264e2dd366f457c4237a755c6be71640df3ce42fdec184b7413
swg21902654,IBM Restoring missing xml files from backup in DASH - United States,engineering-support,internal,engineering,techqa-proxy-owner,techqa-p2-2026-07-18,hf://nvidia/TechQA-RAG-Eval/corpus/swg21902654.txt,nvidia/TechQA-RAG-Eval,Apache-2.0,be6fc5b988b4edaadfbce60a52bc64a363b80f3fb8ef4b943bc8252a94bd9767
swg21902778,IBM Security Network Protection firmware 5.3.1 release notes - United States,security-support,restricted,restricted,techqa-proxy-owner,techqa-p2-2026-07-18,hf://nvidia/TechQA-RAG-Eval/corpus/swg21902778.txt,nvidia/TechQA-RAG-Eval,Apache-2.0,c95c205eab3172bb4cde093c0a8ec29562027c5499eac6e374346705aed84499
swg21903101,IBM WebSphere Transformation Extender V8.4.1.3 is available - United States,operations-support,internal,operations,techqa-proxy-owner,techqa-p2-2026-07-18,hf://nvidia/TechQA-RAG-Eval/corpus/swg21903101.txt,nvidia/TechQA-RAG-Eval,Apache-2.0,f8e75b28249e42b8f438fe20fdfd4f525581118ea11f44f3de8f36877d2d9d27
swg21903158,IBM 【セキュリティ情報】IBM WebSphere MQ Hypervisor Edition for RedHat Enterprise Linux Serverへの GNU C library (glibc) 脆弱性の影響 (CVE-2015-1472 & CVE-2013-7423) - United States,security-support,restricted,restricted,techqa-proxy-owner,techqa-p2-2026-07-18,hf://nvidia/TechQA-RAG-Eval/corpus/swg21903158.txt,nvidia/TechQA-RAG-Eval,Apache-2.0,08ca598a541ada6833d3880d6b279ed71cd967221793643dad036969176d6956
swg21903249,IBM Security Bulletin: Multiple vulnerabilities in IBM Java SDK affect IBM Image Construction and Composition Tool (CVE-2014-3566 and CVE-2014-6457) - United States,security-support,restricted,restricted,techqa-proxy-owner,techqa-p2-2026-07-18,hf://nvidia/TechQA-RAG-Eval/corpus/swg21903249.txt,nvidia/TechQA-RAG-Eval,Apache-2.0,68de42d48ad71c717da880a39d3f593a496e6cbeb1227fd06b5da255c842352f
swg21903536,IBM Support's Guide to Rules File Processing - United States,operations-support,internal,operations,techqa-proxy-owner,techqa-p2-2026-07-18,hf://nvidia/TechQA-RAG-Eval/corpus/swg21903536.txt,nvidia/TechQA-RAG-Eval,Apache-2.0,16112da8df11bfa8d8cfb347ea9cd92f392b6fa4f3f55e2c9cf2835e95969478
swg21959083,IBM Security Bulletin: Multiple Security Vulnerabilities fixed in IBM WebSphere Application Server 8.5.5.6 - United States,security-support,restricted,restricted,techqa-proxy-owner,techqa-2025-05-05,hf://nvidia/TechQA-RAG-Eval/corpus/swg21959083.txt,nvidia/TechQA-RAG-Eval,Apache-2.0,e85a970ef0a29f3740587a4436e6f5f382c2e23f5dd56f902e3b58f85210aa63
swg21959169,IBM Security Bulletin: Security Vulnerability in IBM WebSphere Application Server affects  IBM SOA Policy Gateway Pattern for AIX Server 2.5 (CVE-2015-1920) - United States,security-support,restricted,restricted,techqa-proxy-owner,techqa-p2-2026-07-18,hf://nvidia/TechQA-RAG-Eval/corpus/swg21959169.txt,nvidia/TechQA-RAG-Eval,Apache-2.0,d7071af704a399389ec1c4c5ff29b443495192111ab213bce07565756105985a
swg21959224,IBM TLS support and DataPower appliance - United States,operations-support,internal,operations,techqa-proxy-owner,techqa-p2-2026-07-18,hf://nvidia/TechQA-RAG-Eval/corpus/swg21959224.txt,nvidia/TechQA-RAG-Eval,Apache-2.0,cb904366fda8dbc14946f899638a785f2eda2f75ac4d6579e06d0aea80941e2a
swg21959281,IBM ITCAM for SOA KD4SDMS database size grows - United States,engineering-support,internal,engineering,techqa-proxy-owner,techqa-p2-2026-07-18,hf://nvidia/TechQA-RAG-Eval/corpus/swg21959281.txt,nvidia/TechQA-RAG-Eval,Apache-2.0,8fb02ffa453684aef58970b1db291d3edf6bace5fccb938cb1ad79891bac7812
swg21959412,IBM Security Bulletin: Vulnerability with Diffie-Hellman ciphers may affect IBM SOA Policy Gateway Pattern for Red Hat Enterprise Linux Server 2.5 (CVE-2015-4000) - United States,security-support,restricted,restricted,techqa-proxy-owner,techqa-2025-05-05,hf://nvidia/TechQA-RAG-Eval/corpus/swg21959412.txt,nvidia/TechQA-RAG-Eval,Apache-2.0,7fd79c0b380793442930e65f00de491aa3b45e8ba9637da194a83a209a93de71
swg21959444,IBM Configuration of the ITCAM agent on AIX leads to Java heap errors. - United States,engineering-support,internal,engineering,techqa-proxy-owner,techqa-p2-2026-07-18,hf://nvidia/TechQA-RAG-Eval/corpus/swg21959444.txt,nvidia/TechQA-RAG-Eval,Apache-2.0,3ec42e241857cc8a6b4a50cb6c2d00fd06858fcaf151a7f7ed88e486f56c6083
swg21959495,IBM Collect troubleshooting data for EAR or Advanced Snapshot deployments with the IBM Business Process Manager (BPM) products - United States,security-support,restricted,restricted,techqa-proxy-owner,techqa-p2-2026-07-18,hf://nvidia/TechQA-RAG-Eval/corpus/swg21959495.txt,nvidia/TechQA-RAG-Eval,Apache-2.0,ff795431983c2cabeea106598f4eebe93e638dfdbfd905311a855f76c01014a8
swg21959588,IBM Importing a Certificate for the ITCAM Agent for Data Power (BN Agent) - United States,security-support,restricted,restricted,techqa-proxy-owner,techqa-p2-2026-07-18,hf://nvidia/TechQA-RAG-Eval/corpus/swg21959588.txt,nvidia/TechQA-RAG-Eval,Apache-2.0,9b566d5d7a3bdcd9c67b2d3b83c40e0ea88d405b86675613bf3f89f5187a9bbf
swg21959709,IBM Security Bulletin: Vulnerabilities in IBM Dojo Toolkit affect IBM Image Construction and Composition Tool (CVE-2014-8917) - United States,security-support,restricted,restricted,techqa-proxy-owner,techqa-2025-05-05,hf://nvidia/TechQA-RAG-Eval/corpus/swg21959709.txt,nvidia/TechQA-RAG-Eval,Apache-2.0,7da3ced449a127461d25b481532616f6b705bbbc9d4954fd64d635e29cdc716a
swg21959714,IBM Maximo fails to start with error BMXAA4087E - United States,operations-support,internal,operations,techqa-proxy-owner,techqa-p2-2026-07-18,hf://nvidia/TechQA-RAG-Eval/corpus/swg21959714.txt,nvidia/TechQA-RAG-Eval,Apache-2.0,72b64965177923d507f01ce16605edc17da0b168b07d6df1d34e45b21c7cb772
swg21959723,IBM UDX compilation error - United States,engineering-support,internal,engineering,techqa-proxy-owner,techqa-p2-2026-07-18,hf://nvidia/TechQA-RAG-Eval/corpus/swg21959723.txt,nvidia/TechQA-RAG-Eval,Apache-2.0,e318a34bcd71e80dbd6dfc45ca7087b846782770d458269af49404c73dc98858
swg21959745,IBM Security Bulletin: Vulnerability in Diffie-Hellman ciphers affects IBM WebSphere MQ Internet Passthru (CVE-2015-4000) - United States,security-support,restricted,restricted,techqa-proxy-owner,techqa-2025-05-05,hf://nvidia/TechQA-RAG-Eval/corpus/swg21959745.txt,nvidia/TechQA-RAG-Eval,Apache-2.0,d864adadfd432aa8f172ff72af9b1cc994a40fb9a5a97946615be44c4771a673
swg21960062,IBM OS Agents Version 6.3.0 FixPack 5 Scripting Feature - United States,security-support,restricted,restricted,techqa-proxy-owner,techqa-p2-2026-07-18,hf://nvidia/TechQA-RAG-Eval/corpus/swg21960062.txt,nvidia/TechQA-RAG-Eval,Apache-2.0,4a62e61c908eaf674663f0e4ce83ccdee5c399129a0007fd45cbc74aebba7d46
swg21960133,IBM Does the RRT agent support TLS 1.1/1.2 and 256-bit ciphers? - United States,security-support,restricted,restricted,techqa-proxy-owner,techqa-p2-2026-07-18,hf://nvidia/TechQA-RAG-Eval/corpus/swg21960133.txt,nvidia/TechQA-RAG-Eval,Apache-2.0,0040ccde89aea176c6f13b5064caef790e773261b4535f6318d38875468aa2e7
swg21960375,IBM Security Bulletin: TLS padding vulnerability affects IBM PureApplication System (CVE-2014-8730) - United States,security-support,restricted,restricted,techqa-proxy-owner,techqa-p2-2026-07-18,hf://nvidia/TechQA-RAG-Eval/corpus/swg21960375.txt,nvidia/TechQA-RAG-Eval,Apache-2.0,08289481bed710ae2c7bbc3c45c241bc10bc46a90f3ce22c99ee31aacfa6f095
swg21960526,IBM How to enable the snippet results cache in the Netezza Platform Software releases - United States,engineering-support,internal,engineering,techqa-proxy-owner,techqa-p2-2026-07-18,hf://nvidia/TechQA-RAG-Eval/corpus/swg21960526.txt,nvidia/TechQA-RAG-Eval,Apache-2.0,46d3845ed36de27c43c9f41bcb8bd7465f8cb6a406961a5fd5593b218405977e
swg21961222,IBM Trouble installing ITM on Windows OS - United States,engineering-support,internal,engineering,techqa-proxy-owner,techqa-p2-2026-07-18,hf://nvidia/TechQA-RAG-Eval/corpus/swg21961222.txt,nvidia/TechQA-RAG-Eval,Apache-2.0,89ce4684ff501627dc468d2f4abbddec141681a6d66bb1ecac4f0df3651395fb
swg21961542,IBM Configuring the Tomcat Data Collector to run as a Windows service - United States,security-support,restricted,restricted,techqa-proxy-owner,techqa-p2-2026-07-18,hf://nvidia/TechQA-RAG-Eval/corpus/swg21961542.txt,nvidia/TechQA-RAG-Eval,Apache-2.0,cdddfd6cd83d0b2e7b16ab04ec8a6d52f42079a72e2c7213f87a93f47e83babc
swg21962347,IBM 【セキュリティ情報】 IBM WebSphere MQ Internet PassthruのDiffie-Hellman (DH) 暗号の脆弱性 (CVE-2015-4000) - United States,security-support,restricted,restricted,techqa-proxy-owner,techqa-p2-2026-07-18,hf://nvidia/TechQA-RAG-Eval/corpus/swg21962347.txt,nvidia/TechQA-RAG-Eval,Apache-2.0,727905e25c3572879774fb44eaa7263aafb337e5256e4e3b273ce7187bf1783f
swg21962370,IBM Security Bulletin: Multiple vulnerabilities in IBM Java SDK affect IBM Image Construction and Composition Tool (CVE-2015-0410 and CVE-2014-6593) - United States,security-support,restricted,restricted,techqa-proxy-owner,techqa-2025-05-05,hf://nvidia/TechQA-RAG-Eval/corpus/swg21962370.txt,nvidia/TechQA-RAG-Eval,Apache-2.0,6e4d6c5d1b47b6d9571b5bd5f483ad2aab1570e6aac2ea8b03e1fe5eebe581aa
swg21962588,IBM Security Bulletin: Multiple vulnerabilities in IBM Java SDK affect IBM OS Images for Red Hat Linux Systems and AIX (CVE-2015-0410 and CVE-2014-6593) - United States,security-support,restricted,restricted,techqa-proxy-owner,techqa-2025-05-05,hf://nvidia/TechQA-RAG-Eval/corpus/swg21962588.txt,nvidia/TechQA-RAG-Eval,Apache-2.0,9193dd3d3418ba2bf4231583321dfe1a046942b6cd248fb4310ee894687f9c60
swg21962862,IBM Verify an IEM server upgrade is still in progress - United States,engineering-support,internal,engineering,techqa-proxy-owner,techqa-p2-2026-07-18,hf://nvidia/TechQA-RAG-Eval/corpus/swg21962862.txt,nvidia/TechQA-RAG-Eval,Apache-2.0,d743eab51befb0689e434570729f10362d261be35133363b724c38897a47e95f
swg21963361,IBM Security Bulletin: HTTP Request smuggling vulnerability may affect IBM HTTP Server (CVE-2015-3183) - United States,security-support,restricted,restricted,techqa-proxy-owner,techqa-p2-2026-07-18,hf://nvidia/TechQA-RAG-Eval/corpus/swg21963361.txt,nvidia/TechQA-RAG-Eval,Apache-2.0,a221482913190c9ad05e492c478cb5eec1c68a1b3113b517c3a5559b985e053e
swg21964025,IBM Security Bulletin: IBM PureApplication System is affected by a security vulnerability. (CVE-2015-1890) - United States,security-support,restricted,restricted,techqa-proxy-owner,techqa-2025-05-05,hf://nvidia/TechQA-RAG-Eval/corpus/swg21964025.txt,nvidia/TechQA-RAG-Eval,Apache-2.0,8ba905b88941cf907719bd17560efc5d4e4e4f67fbf5f14f37b8c1fee7416c7e
swg21964202,IBM How Connect TDWC 9.3 to TWS Engine lower level release - United States,security-support,restricted,restricted,techqa-proxy-owner,techqa-2025-05-05,hf://nvidia/TechQA-RAG-Eval/corpus/swg21964202.txt,nvidia/TechQA-RAG-Eval,Apache-2.0,b1c5f1b0b50bd224a2e59fa2acb19db414dadfffca8d0beb64293640f921bb18
swg21964407,IBM Datacap Rulerunner server stops after several aborted batches - United States,operations-support,internal,operations,techqa-proxy-owner,techqa-p2-2026-07-18,hf://nvidia/TechQA-RAG-Eval/corpus/swg21964407.txt,nvidia/TechQA-RAG-Eval,Apache-2.0,6cd3d1dd4e9f6a7ce899c9a257a053ac8d337ca4db2333bdacbb5511cd87a80e
swg21964428,IBM Security Bulletin: Denial of service may affect IBM HTTP Server (CVE-2015-1283) - United States,security-support,restricted,restricted,techqa-proxy-owner,techqa-p2-2026-07-18,hf://nvidia/TechQA-RAG-Eval/corpus/swg21964428.txt,nvidia/TechQA-RAG-Eval,Apache-2.0,1ae6c4e0b0ef7138263b2c154ceb4402cd45302469114f5b9c9f258cceb8c2cb
swg21964501,IBM Security Bulletin: Vulnerability in Diffie-Hellman ciphers affects IBM Image Construction and CompositionTool. (CVE-2015-4000) - United States,security-support,restricted,restricted,techqa-proxy-owner,techqa-2025-05-05,hf://nvidia/TechQA-RAG-Eval/corpus/swg21964501.txt,nvidia/TechQA-RAG-Eval,Apache-2.0,47e0b4389e4539d79360cdffc97206719214cfc5c88941e4d7127385c0d63eb0
swg21964873,IBM Security Bulletin: Security Vulnerability in IBM PureApplication System. (CVE-2015-1920) - United States,security-support,restricted,restricted,techqa-proxy-owner,techqa-2025-05-05,hf://nvidia/TechQA-RAG-Eval/corpus/swg21964873.txt,nvidia/TechQA-RAG-Eval,Apache-2.0,30d69f28972da880d3c83919e756dbe8c307dc7d57e50dd08c8049d66a130490
swg21965419,IBM Security Bulletin: Stack Buffer overflow may affect IBM HTTP Server (CVE-2015-4947) - United States,security-support,restricted,restricted,techqa-proxy-owner,techqa-p2-2026-07-18,hf://nvidia/TechQA-RAG-Eval/corpus/swg21965419.txt,nvidia/TechQA-RAG-Eval,Apache-2.0,ee7c5e85c79445503de1f767d13277810a89686856ef208cecb14a055642b259
swg21965783,IBM QRadar: Enabling On Event and Flow Hashing integrity checks with HMAC - United States,security-support,restricted,restricted,techqa-proxy-owner,techqa-p2-2026-07-18,hf://nvidia/TechQA-RAG-Eval/corpus/swg21965783.txt,nvidia/TechQA-RAG-Eval,Apache-2.0,ff5e8db89d60ff9054aa60acfd388c045c611cc8d9eecc71487d0ff307269896
swg21965955,"IBM Security Bulletin: Multiple vulnerabilities in IBM® Java SDK affect WebSphere Application Server that ships with WebSphere Enterprise Service Bus (CVE-2015-2613, CVE-2015-2601, CVE-2015-4749, CVE-2015-2625, CVE-2015-1931) - United States",security-support,restricted,restricted,techqa-proxy-owner,techqa-2025-05-05,hf://nvidia/TechQA-RAG-Eval/corpus/swg21965955.txt,nvidia/TechQA-RAG-Eval,Apache-2.0,24a5adfa65e860176901f32842a0e8d9a6c613d67ceeb773fde27b8cec94d195
swg21966637,IBM Getting a warning message 'You do not have the correct administrator privileges' when attempting to license a SPSS Statistics product on Mac OS. - United States,security-support,restricted,restricted,techqa-proxy-owner,techqa-p2-2026-07-18,hf://nvidia/TechQA-RAG-Eval/corpus/swg21966637.txt,nvidia/TechQA-RAG-Eval,Apache-2.0,0c7762037b11235aef3071c700655433efbcd1281f81a2b23fe199496b384fe8
swg21966881,IBM Business Process Manager users receive errors that session has expired - United States,security-support,restricted,restricted,techqa-proxy-owner,techqa-2025-05-05,hf://nvidia/TechQA-RAG-Eval/corpus/swg21966881.txt,nvidia/TechQA-RAG-Eval,Apache-2.0,e2d0dafe861516c9df96376d0654c1f5feebc0827aa1e2233fab0a99493aabe2
swg21967265,IBM Security Bulletin: MQSISTOP/STARTMSGFLOW commands with unauthorized user succeed affects IBM WebSphere Message Broker and IBM Integration Bus (CVE-2015-5011) - United States,security-support,restricted,restricted,techqa-proxy-owner,techqa-2025-05-05,hf://nvidia/TechQA-RAG-Eval/corpus/swg21967265.txt,nvidia/TechQA-RAG-Eval,Apache-2.0,f1df8205b085cfa08e9dd0f1c915964dc6196f90126f9ae0352f32559e74adb4
swg21967312,IBM Error when launching Scan task from Datacap Desktop. - United States,operations-support,internal,operations,techqa-proxy-owner,techqa-p2-2026-07-18,hf://nvidia/TechQA-RAG-Eval/corpus/swg21967312.txt,nvidia/TechQA-RAG-Eval,Apache-2.0,e43bbe355a98c1a80d856e3b756fbade88da46cb75241165236973c42de2126a
swg21967589,"IBM Product upgrade installed a second instance of the DE, causing upgrade failure. - United States",engineering-support,internal,engineering,techqa-proxy-owner,techqa-p2-2026-07-18,hf://nvidia/TechQA-RAG-Eval/corpus/swg21967589.txt,nvidia/TechQA-RAG-Eval,Apache-2.0,de4be10e8a1f0815c860019eb69437668ce6894482652bc6edba191cd12ee6b2
swg21967756,IBM Is using a monitored JBoss Application Server with ITCAM for J2EE supported in a Windows service? - United States,engineering-support,internal,engineering,techqa-proxy-owner,techqa-p2-2026-07-18,hf://nvidia/TechQA-RAG-Eval/corpus/swg21967756.txt,nvidia/TechQA-RAG-Eval,Apache-2.0,79e2876b2c13a7792be568639eac3c34334dd51f2aac4b9e934c1c85a110980d
swg21967958,IBM Change HSQLDB password - United States,security-support,restricted,restricted,techqa-proxy-owner,techqa-p2-2026-07-18,hf://nvidia/TechQA-RAG-Eval/corpus/swg21967958.txt,nvidia/TechQA-RAG-Eval,Apache-2.0,424bcba4e0e97b07b4f3c2b7a7285d317ed7ac5ccbd0c5759b24dbeb0316e473
swg21968399,IBM Security Bulletin: IBM WebSphere MQ MQXR insecure passwords (CVE-2015-2012) - United States,security-support,restricted,restricted,techqa-proxy-owner,techqa-2025-05-05,hf://nvidia/TechQA-RAG-Eval/corpus/swg21968399.txt,nvidia/TechQA-RAG-Eval,Apache-2.0,826136b67fcd25eabebdc8f77c79b5661136b3e7fe68109ea12c5413bca50019
swg21968518,IBM SDA does not work for TEPS support files on ITCAM for SOA 7.2 FP1 ifix 5 - United States,engineering-support,internal,engineering,techqa-proxy-owner,techqa-p2-2026-07-18,hf://nvidia/TechQA-RAG-Eval/corpus/swg21968518.txt,nvidia/TechQA-RAG-Eval,Apache-2.0,7645c5344c361ae5261ef521cb23afc970c54413139a1b38fcf640b8e7668744
swg21968549,IBM Couldn't validate parameters error logging in with IBM Datacap - United States,security-support,restricted,restricted,techqa-proxy-owner,techqa-p2-2026-07-18,hf://nvidia/TechQA-RAG-Eval/corpus/swg21968549.txt,nvidia/TechQA-RAG-Eval,Apache-2.0,9d81315b7bff8ef23fc6a64235551e0ec4ae2fe3780d76ef74bdca3eb2973007
swg21969653,IBM BMXAA4198E - The GL attribute TLOAMNEWGLACCOUNT on object {1} requires an organization. - United States,operations-support,internal,operations,techqa-proxy-owner,techqa-p2-2026-07-18,hf://nvidia/TechQA-RAG-Eval/corpus/swg21969653.txt,nvidia/TechQA-RAG-Eval,Apache-2.0,8d8b20249094f07cfa4214ed1a18a4d50234a5cf8809a439a1154eb5e3e57ec5
swg21970391,IBM Is IBM SPSS Statistics 23 supported on Apple Macintosh OSX 10.11 El Capitan? - United States,engineering-support,internal,engineering,techqa-proxy-owner,techqa-p2-2026-07-18,hf://nvidia/TechQA-RAG-Eval/corpus/swg21970391.txt,nvidia/TechQA-RAG-Eval,Apache-2.0,76a14cc155c03e20fb1ce03bb2801a702b66ec326ea623acc1f9bddaddd2ab47
swg21971058,"IBM Security Bulletin: Multiple vulnerabilities identified in IBM® Java SDK affect WebSphere Service Registry and Repository Studio (CVE-2015-4872, CVE-2015-4911, CVE-2015-4893, CVE-2015-4803) - United States",security-support,restricted,restricted,techqa-proxy-owner,techqa-2025-05-05,hf://nvidia/TechQA-RAG-Eval/corpus/swg21971058.txt,nvidia/TechQA-RAG-Eval,Apache-2.0,8918f896602f5a070848153b350b196e3d0110a58fa490b546a7882c0ccb9fe5
swg21971127,IBM Client IP address missing from the X-Forwarded-For header - United States,security-support,restricted,restricted,techqa-proxy-owner,techqa-p2-2026-07-18,hf://nvidia/TechQA-RAG-Eval/corpus/swg21971127.txt,nvidia/TechQA-RAG-Eval,Apache-2.0,59b0234837dd3067c72a0c9ecafaf2f67110bec72268903af1078949836e982c
swg21971485,IBM .NET API error when installing IBM Content Collector (ICC) 4.0.1 - United States,engineering-support,internal,engineering,techqa-proxy-owner,techqa-p2-2026-07-18,hf://nvidia/TechQA-RAG-Eval/corpus/swg21971485.txt,nvidia/TechQA-RAG-Eval,Apache-2.0,ad676eeb038106c22fc2fd6254e2ebdebc4067b65c0eddc2a1ddc8271d296fc3
swg21972012,"IBM Security Bulletin: Malformed client flows abend MQTT channel (CVE-2015-4943, CVE-2015-4941, CVE-2015-4942) - United States",security-support,restricted,restricted,techqa-proxy-owner,techqa-2025-05-05,hf://nvidia/TechQA-RAG-Eval/corpus/swg21972012.txt,nvidia/TechQA-RAG-Eval,Apache-2.0,0a111dde697a4ae25744b3f3f4c4662664dcd4ed625d0902778e84a62cba2c27
swg21972146,IBM Security Bulletin: A security vulnerability has been identified in IBM WebSphere Application Server shipped with IBM Tivoli Netcool Configuration Manager  (CVE-2015-7450) - United States,security-support,restricted,restricted,techqa-proxy-owner,techqa-p2-2026-07-18,hf://nvidia/TechQA-RAG-Eval/corpus/swg21972146.txt,nvidia/TechQA-RAG-Eval,Apache-2.0,bbeb4140a856f33ab6cfe23080c7653083c75db74cdfe215294ad64f52ca6eb1
swg21972681,IBM In FileNet Workplace XT .csv files open as a text file instead of using MS Excel - United States,operations-support,internal,operations,techqa-proxy-owner,techqa-p2-2026-07-18,hf://nvidia/TechQA-RAG-Eval/corpus/swg21972681.txt,nvidia/TechQA-RAG-Eval,Apache-2.0,cddf48c8e265bcb1237f5133150e6b24e2bc7826f7d72164220998a761ba6456
swg21973794,"IBM Optim, Optim Connect, ODM, and Optim zOS licensing - United States",operations-support,internal,operations,techqa-proxy-owner,techqa-p2-2026-07-18,hf://nvidia/TechQA-RAG-Eval/corpus/swg21973794.txt,nvidia/TechQA-RAG-Eval,Apache-2.0,fa33c0724d7422db63b2169a41807f777a44cd92ff54cc42d3e811a634d9d1ce
swg21974106,IBM Late breaking updates to DataPower 7.5 documentation - United States,engineering-support,internal,engineering,techqa-proxy-owner,techqa-p2-2026-07-18,hf://nvidia/TechQA-RAG-Eval/corpus/swg21974106.txt,nvidia/TechQA-RAG-Eval,Apache-2.0,bebbfcf444cfc1b815d8c5bf186e3144dfd3e7fd958b7768f8603aa44c359e20
swg21974466,IBM Security Bulletin: A vulnerability in the GSKit component of IBM WebSphere MQ (CVE-2016-0201) - United States,security-support,restricted,restricted,techqa-proxy-owner,techqa-p2-2026-07-18,hf://nvidia/TechQA-RAG-Eval/corpus/swg21974466.txt,nvidia/TechQA-RAG-Eval,Apache-2.0,25d4b067ca04245ef5d97f4ee6f67c45d83cf39904ab62cff7941b43460962b1
swg21974507,IBM Security Bulletin: Vulnerabilities in the GSKit component of IBM HTTP Server (CVE-2016-0201 and CVE-2015-7420) - United States,security-support,restricted,restricted,techqa-proxy-owner,techqa-p2-2026-07-18,hf://nvidia/TechQA-RAG-Eval/corpus/swg21974507.txt,nvidia/TechQA-RAG-Eval,Apache-2.0,b097ae7d6c48ed64a837d95b793eda8e9d2142730f4ed1b5371ffddef30a7d9b
swg21974546,IBM BigFix Server unable to gather site content from sync.bigfix.com (error: Unexpected HTTP response: 404) - United States,security-support,restricted,restricted,techqa-proxy-owner,techqa-p2-2026-07-18,hf://nvidia/TechQA-RAG-Eval/corpus/swg21974546.txt,nvidia/TechQA-RAG-Eval,Apache-2.0,fdeee17afa873d32b0c831e67e4fa2041d96c9cc734bd8f2b6339f2d6ad780be
swg21974566,IBM Configuring access for HTTP and HTTPS in Jazz for Service Management - United States,security-support,restricted,restricted,techqa-proxy-owner,techqa-p2-2026-07-18,hf://nvidia/TechQA-RAG-Eval/corpus/swg21974566.txt,nvidia/TechQA-RAG-Eval,Apache-2.0,473a5a20ddff44f14df2f9176ba7c175bbd2fef67092b6b1db3605f16861fd75
swg21974598,IBM Security Bulletin: A vulnerability in the GSKit component of IBM MQ Appliance (CVE-2016-0201) - United States,security-support,restricted,restricted,techqa-proxy-owner,techqa-2025-05-05,hf://nvidia/TechQA-RAG-Eval/corpus/swg21974598.txt,nvidia/TechQA-RAG-Eval,Apache-2.0,1546b78caf0ccc22725d1d7b118983145e3c5261550ca3e4744886f2c1c8e779
swg21974599,IBM Security Bulletin: Vulnerability in MD5 Signature and Hash Algorithm affects IBM MQ Appliance (CVE-2015-7575) - United States,security-support,restricted,restricted,techqa-proxy-owner,techqa-2025-05-05,hf://nvidia/TechQA-RAG-Eval/corpus/swg21974599.txt,nvidia/TechQA-RAG-Eval,Apache-2.0,43635869f01dab3854a934cc647312b21562a5cd119d22dbd28736af0f1960f5
swg21974757,IBM Cognos Report Studio in Tivoli Common Reporting Version 3.1 and later fix packs fail to launch on Internet Explorer Version 11 - United States,operations-support,internal,operations,techqa-proxy-owner,techqa-p2-2026-07-18,hf://nvidia/TechQA-RAG-Eval/corpus/swg21974757.txt,nvidia/TechQA-RAG-Eval,Apache-2.0,4ec099394ff5adc84fe2a5c5d09f6a26b3e470a79ff8d9e8f735bd304409d830
swg21975233,IBM Security Bulletin: Vulnerability in MD5 Signature and Hash Algorithm affects WebSphere Message Broker and IBM Integration Bus (CVE-2015-7575) - United States,security-support,restricted,restricted,techqa-proxy-owner,techqa-2025-05-05,hf://nvidia/TechQA-RAG-Eval/corpus/swg21975233.txt,nvidia/TechQA-RAG-Eval,Apache-2.0,f067fc247e613a2d9eca659fee85b6f2ee7f084e27f2956aba0ffc9642ec7084
swg21975568,IBM 'Save and Close' and 'Save' buttons grayed out in desktop configuration - United States,engineering-support,internal,engineering,techqa-proxy-owner,techqa-p2-2026-07-18,hf://nvidia/TechQA-RAG-Eval/corpus/swg21975568.txt,nvidia/TechQA-RAG-Eval,Apache-2.0,c596872f01357a0cf929bffdc2548ef5a71ae7447ba3273d53d57898dcee0781
swg21975747,IBM Security Bulletin: Multiple vulnerabilities have been identified in WebSphere Application Server shipped with WebSphere Service Registry and Repository (CVE-2015-4872 CVE-2015-4911 CVE-2015-4893 CVE-2015-4803) - United States,security-support,restricted,restricted,techqa-proxy-owner,techqa-p2-2026-07-18,hf://nvidia/TechQA-RAG-Eval/corpus/swg21975747.txt,nvidia/TechQA-RAG-Eval,Apache-2.0,eb54c01901f4d86e6d84713a5bd59b2e51c0b3dd5d76ee2763a1fcdb59b60bd4
swg21976068,IBM Gathering detailed JazzSM Page and Widget information - United States,operations-support,internal,operations,techqa-proxy-owner,techqa-p2-2026-07-18,hf://nvidia/TechQA-RAG-Eval/corpus/swg21976068.txt,nvidia/TechQA-RAG-Eval,Apache-2.0,bd3977a43c433322450ff42dc96801a9c54e9bd96d7641becd8aa1474873bc0e
swg21976589,IBM LDAP allows authentication for only some users in Atlas. - United States,security-support,restricted,restricted,techqa-proxy-owner,techqa-p2-2026-07-18,hf://nvidia/TechQA-RAG-Eval/corpus/swg21976589.txt,nvidia/TechQA-RAG-Eval,Apache-2.0,e0d45259bac48465e313f348216d2a437298f6d8ca865028bb004301efe721a8
swg21976776,IBM Microsoft Edge Browser support with ECM client products - United States,engineering-support,internal,engineering,techqa-proxy-owner,techqa-p2-2026-07-18,hf://nvidia/TechQA-RAG-Eval/corpus/swg21976776.txt,nvidia/TechQA-RAG-Eval,Apache-2.0,e94d8379b81a3431688ae10fa13a15e12a499975c57c8b7a43de9e1825893116
swg21976896,"IBM Security Bulletin: Multiple vulnerabilities in IBM Java Runtime affect IBM WebSphere MQ (CVE-2016-0475, CVE-2015-7575, CVE-2016-0448) - United States",security-support,restricted,restricted,techqa-proxy-owner,techqa-2025-05-05,hf://nvidia/TechQA-RAG-Eval/corpus/swg21976896.txt,nvidia/TechQA-RAG-Eval,Apache-2.0,689298b72b3fbec826d2343d2916aec2014ab05655883c13af5e7a84985d3753
swg21977182,"IBM 【セキュリティ情報】IBM MQ Telemetry MQTTチャネルの異常終了(CVE-2015-4943, CVE-2015-4941, CVE-2015-4942) - United States",security-support,restricted,restricted,techqa-proxy-owner,techqa-p2-2026-07-18,hf://nvidia/TechQA-RAG-Eval/corpus/swg21977182.txt,nvidia/TechQA-RAG-Eval,Apache-2.0,f2881951b8ba83c447f6f382a8cf7b3360c2695a6c852d8c7cc3d5ffdd91fc11
swg21977183,IBM 【セキュリティ情報】IBM MQ Telemetry (遠隔測定) (MQXR) 安全でないパスワード  (CVE-2015-2012) - United States,security-support,restricted,restricted,techqa-proxy-owner,techqa-p2-2026-07-18,hf://nvidia/TechQA-RAG-Eval/corpus/swg21977183.txt,nvidia/TechQA-RAG-Eval,Apache-2.0,d092660d28a4e2f4bd93fa357d062e655ed8be6285fbb4e6b418d65aaa138a7f
swg21977398,"IBM After restoring BigFix server database, ILMT/BFI/SUA server may not import all the data since the restore correctly - United States",security-support,restricted,restricted,techqa-proxy-owner,techqa-p2-2026-07-18,hf://nvidia/TechQA-RAG-Eval/corpus/swg21977398.txt,nvidia/TechQA-RAG-Eval,Apache-2.0,8d585c68dcd5b668e8e4decff9c791c44027f8c253d5c2d450b491a5787cdb67
swg21977747,IBM 【セキュリティ情報】 IBM Integration Bus および WebSphere Message BrokerのMD5署名とハッシュアルゴリズムの脆弱性(CVE-2015-7575) - United States,security-support,restricted,restricted,techqa-proxy-owner,techqa-p2-2026-07-18,hf://nvidia/TechQA-RAG-Eval/corpus/swg21977747.txt,nvidia/TechQA-RAG-Eval,Apache-2.0,1d3d22adb6890b0950cc99d70a947529b302dff5684e8e98ad19f602b2b5a257
swg21978064,IBM 【セキュリティ情報】 IBM Integration Bus および WebSphere Message Brokerのサービス運用妨害 (DoS) の脆弱性の脆弱性 (CVE-2014-8901) - United States,security-support,restricted,restricted,techqa-proxy-owner,techqa-p2-2026-07-18,hf://nvidia/TechQA-RAG-Eval/corpus/swg21978064.txt,nvidia/TechQA-RAG-Eval,Apache-2.0,791abee1d8a901db9cbb3cfaedae20b5373be55e7d3aa70c25020ea0e1a08276
swg21978390,IBM Unable to open a profile in FileNet Content Engine Configuration Manager User Interface (CMUI) on Redhat Linux 7.x - United States,engineering-support,internal,engineering,techqa-proxy-owner,techqa-p2-2026-07-18,hf://nvidia/TechQA-RAG-Eval/corpus/swg21978390.txt,nvidia/TechQA-RAG-Eval,Apache-2.0,bfb1fe20b5f9b6ebf2d3f9411b9e0ebd040cd7aac3ca1ff0d57af35e928ced59
swg21978407,IBM File Formats for IBM Content Collector (ICC) Content Search Services Support - United States,operations-support,internal,operations,techqa-proxy-owner,techqa-p2-2026-07-18,hf://nvidia/TechQA-RAG-Eval/corpus/swg21978407.txt,nvidia/TechQA-RAG-Eval,Apache-2.0,fdbec9fed95235f364df0c00def20a4192051ba071eb16fa74716426349d91ca
swg21978428,IBM Tivoli Netcool/OMINbus Java Gateway for ServiceNow (nco_g_servicenow-3_0) - United States,engineering-support,internal,engineering,techqa-proxy-owner,techqa-p2-2026-07-18,hf://nvidia/TechQA-RAG-Eval/corpus/swg21978428.txt,nvidia/TechQA-RAG-Eval,Apache-2.0,fb5891690a3575c01b82d2b3f5654562fd42ff6a1f57b8d14aa59c60502b5dd8
swg21978641,IBM EIF probe not receiving itm events - United States,operations-support,internal,operations,techqa-proxy-owner,techqa-p2-2026-07-18,hf://nvidia/TechQA-RAG-Eval/corpus/swg21978641.txt,nvidia/TechQA-RAG-Eval,Apache-2.0,ac3f1083f128ec501c4c1e3cf8bcd64df2ccba26e00776f28e0a4867cd1218b3
swg21979016,IBM Configure IBM Content Collector to use SSL to communicate with IBM FileNet P8. - United States,security-support,restricted,restricted,techqa-proxy-owner,techqa-p2-2026-07-18,hf://nvidia/TechQA-RAG-Eval/corpus/swg21979016.txt,nvidia/TechQA-RAG-Eval,Apache-2.0,ec454ea609f93157131cf841a327edac3f6bb5f847df4f4d92483ada5742ed8c
swg21979066,IBM Runstats may update unexpected HIGH2KEY and LOW2KEY statistic values which may cause SQL1227N - United States,operations-support,internal,operations,techqa-proxy-owner,techqa-p2-2026-07-18,hf://nvidia/TechQA-RAG-Eval/corpus/swg21979066.txt,nvidia/TechQA-RAG-Eval,Apache-2.0,a1d8f6809c699129ee6074b2e755e40ca6c78a4262a75a581dbf2a7dd639f848
swg21979667,IBM The off-line backup command could fail even when the database is quiesced on DB2  V10.1 and later. - United States,operations-support,internal,operations,techqa-proxy-owner,techqa-p2-2026-07-18,hf://nvidia/TechQA-RAG-Eval/corpus/swg21979667.txt,nvidia/TechQA-RAG-Eval,Apache-2.0,c26435143369efb7bf6313242f1cabec5c9311beed0afb1323aff5d21b4f540d
swg21980030,IBM V10.1 以降では、静止状態のデータベースのオフライン・バックアップが SQL1035N で失敗することがある - United States,operations-support,internal,operations,techqa-proxy-owner,techqa-p2-2026-07-18,hf://nvidia/TechQA-RAG-Eval/corpus/swg21980030.txt,nvidia/TechQA-RAG-Eval,Apache-2.0,a918626c26b9e64b128a09055c423ce77dd63d058589599cb4a300e6145e29ad
swg21980147,IBM How to get debug information when the IBM Content Navigator Installer on the Unix Platform is failling? - United States,engineering-support,internal,engineering,techqa-proxy-owner,techqa-p2-2026-07-18,hf://nvidia/TechQA-RAG-Eval/corpus/swg21980147.txt,nvidia/TechQA-RAG-Eval,Apache-2.0,7d53dfacc4185cc8446dcc821b555b0a1a6bd653509b4aa4a19a7344a35b8645
swg21980148,IBM Can IBM Content Navigator be installed on Windows and be deployed to an Application Server that is running on a Unix Platform. - United States,engineering-support,internal,engineering,techqa-proxy-owner,techqa-p2-2026-07-18,hf://nvidia/TechQA-RAG-Eval/corpus/swg21980148.txt,nvidia/TechQA-RAG-Eval,Apache-2.0,9de7c093b0a5414951a5d90194c4fe2bd339569dee587fbb6bd9b33c8d86ebc7
swg21980860,IBM RDz TSO EXIT IKJEESX0 TERMINATES with RC04 - United States,security-support,restricted,restricted,techqa-proxy-owner,techqa-p2-2026-07-18,hf://nvidia/TechQA-RAG-Eval/corpus/swg21980860.txt,nvidia/TechQA-RAG-Eval,Apache-2.0,8cd6e46aefddfd437face36f6c60e59eca9389fff6ab3b76394d96478fe98287
swg21981870,IBM Missing Icon pulldown options in DASH main menu after 3.1.2.1 Install - United States,engineering-support,internal,engineering,techqa-proxy-owner,techqa-2025-05-05,hf://nvidia/TechQA-RAG-Eval/corpus/swg21981870.txt,nvidia/TechQA-RAG-Eval,Apache-2.0,5396ed2ba2db0f9d87e5025a71dec22862270806e37cfc7fc36cf2410d908100
swg21981877,"IBM Scroll bar in search results resets to the top position in Internet Explorer V9, V10, and V11 - United States",engineering-support,internal,engineering,techqa-proxy-owner,techqa-p2-2026-07-18,hf://nvidia/TechQA-RAG-Eval/corpus/swg21981877.txt,nvidia/TechQA-RAG-Eval,Apache-2.0,2f52ebb14848d8549cdc9bab62f96a278315b21ef6ab674d6f187e6934c833a1
swg21981880,IBM Viewing Custodian Notes in Atlas Preservation Plan - United States,operations-support,internal,operations,techqa-proxy-owner,techqa-p2-2026-07-18,hf://nvidia/TechQA-RAG-Eval/corpus/swg21981880.txt,nvidia/TechQA-RAG-Eval,Apache-2.0,facc6c7364b4edbd01640b8a1955c10bfc53fabdf23d8b1c813dc337c9c6a97f
swg21981881,IBM Configuring logging for Atlas Extensions in Atlas 6.0.3.3 - United States,engineering-support,internal,engineering,techqa-proxy-owner,techqa-p2-2026-07-18,hf://nvidia/TechQA-RAG-Eval/corpus/swg21981881.txt,nvidia/TechQA-RAG-Eval,Apache-2.0,1b1dd820697e0677b29a346d55ca0c7f4e02c1e1d2da9ad84dd54a78412502cf
swg21982008,IBM Transformation Extender Oracle adapter does not support SYS_REFCURSOR return type in an Oracle stored procedure / function - United States,operations-support,internal,operations,techqa-proxy-owner,techqa-2025-05-05,hf://nvidia/TechQA-RAG-Eval/corpus/swg21982008.txt,nvidia/TechQA-RAG-Eval,Apache-2.0,13cb71299743f1bf4353e06215ddc067c6a0cfbb678a21010392ff910643dc18
swg21982284,"IBM 【セキュリティ情報】 IBM WebSphere MQのIBM Java Runtime の複数の脆弱性の影響  (CVE-2016-0475, CVE-2015-7575, CVE-2016-0448) - United States",security-support,restricted,restricted,techqa-proxy-owner,techqa-p2-2026-07-18,hf://nvidia/TechQA-RAG-Eval/corpus/swg21982284.txt,nvidia/TechQA-RAG-Eval,Apache-2.0,17031942ffeecee6894a7bf52841a9697a1471d50e9a675c94085c37d5dea05c
swg21982354,IBM Server Error Message when running BIRT Reports after upgrading to Atlas 6.0.3.3 - United States,engineering-support,internal,engineering,techqa-proxy-owner,techqa-p2-2026-07-18,hf://nvidia/TechQA-RAG-Eval/corpus/swg21982354.txt,nvidia/TechQA-RAG-Eval,Apache-2.0,7116abf1d4201db1b86cf5754f30438bbe41f10913b874f9ba1fa202498f7797
swg21982451,IBM Search option for a reserved word or character in documents in Atlas - United States,operations-support,internal,operations,techqa-proxy-owner,techqa-p2-2026-07-18,hf://nvidia/TechQA-RAG-Eval/corpus/swg21982451.txt,nvidia/TechQA-RAG-Eval,Apache-2.0,a7869ada546f31c294855c0f68c3769dd0e5d648bebcca1f31e0212b86bafc2f
swg21982458,IBM Identifying Indexing errors in Atlas database - United States,security-support,restricted,restricted,techqa-proxy-owner,techqa-p2-2026-07-18,hf://nvidia/TechQA-RAG-Eval/corpus/swg21982458.txt,nvidia/TechQA-RAG-Eval,Apache-2.0,8189c93ed07d79f1cc13b45d7b827168f5472692a5e442a26ac381e05a1ba0f7
swg21982857,IBM User receiving Notice Sender Execution Failed Alert after upgrading to Atlas 6.0.3.3 - United States,operations-support,internal,operations,techqa-proxy-owner,techqa-p2-2026-07-18,hf://nvidia/TechQA-RAG-Eval/corpus/swg21982857.txt,nvidia/TechQA-RAG-Eval,Apache-2.0,b208e21d53990fe95ac845d54ec789a98ece6005efd63c7c09a464f43fb2a73e
swg21983129,IBM How to find details of Corrupted Object from the entries in db2diag.log? - United States,operations-support,internal,operations,techqa-proxy-owner,techqa-p2-2026-07-18,hf://nvidia/TechQA-RAG-Eval/corpus/swg21983129.txt,nvidia/TechQA-RAG-Eval,Apache-2.0,eae59865922618be093d1c00a2b741d72b190a21d3d22948a27f07ca8ca0dab7
swg21983457,IBM Security Bulletin: IBM WebSphere MQ JMS client deserialization RCE vulnerability (CVE-2016-0360) - United States,security-support,restricted,restricted,techqa-proxy-owner,techqa-p2-2026-07-18,hf://nvidia/TechQA-RAG-Eval/corpus/swg21983457.txt,nvidia/TechQA-RAG-Eval,Apache-2.0,ec3c4a315b4c847c39de16b52511f232b9d68ad46c2e60b87b73a93433db6769
swg21983638,IBM Can an update query be run against the C&DS repository to update job results? - United States,engineering-support,internal,engineering,techqa-proxy-owner,techqa-p2-2026-07-18,hf://nvidia/TechQA-RAG-Eval/corpus/swg21983638.txt,nvidia/TechQA-RAG-Eval,Apache-2.0,7e56a21569f1a4350d441e10ca81fca3d53201f9be788de32078012caa074131
swg21983739,"IBM Data Server Manager (DSM) showing SQLCODE=-206 ""<name> is not valid in the context where it is used."" - United States",engineering-support,internal,engineering,techqa-proxy-owner,techqa-p2-2026-07-18,hf://nvidia/TechQA-RAG-Eval/corpus/swg21983739.txt,nvidia/TechQA-RAG-Eval,Apache-2.0,8ab91bd803d6002fb57db3d67c6bc82d9f10e0f62d347c6bbd5655476d5b57a9
swg21983839,IBM Problems installing NMA agent  (N4 agent) on Linux x86-64 - United States,engineering-support,internal,engineering,techqa-proxy-owner,techqa-p2-2026-07-18,hf://nvidia/TechQA-RAG-Eval/corpus/swg21983839.txt,nvidia/TechQA-RAG-Eval,Apache-2.0,99e7405e72476b59b73d61d41c7b7dc8002a25d64e5b90020ad0795ae7d5b9ce
swg21983904,IBM SCM check analyses are showing as <not activated> the SCA user interface - United States,security-support,restricted,restricted,techqa-proxy-owner,techqa-p2-2026-07-18,hf://nvidia/TechQA-RAG-Eval/corpus/swg21983904.txt,nvidia/TechQA-RAG-Eval,Apache-2.0,f07096ce24962a3c1ea7f6505d534b0f98ae1ea3909b5e392bfc1e0dc0c41598
swg21983912,IBM Identifying people in scope across Matters in Atlas - United States,operations-support,internal,operations,techqa-proxy-owner,techqa-p2-2026-07-18,hf://nvidia/TechQA-RAG-Eval/corpus/swg21983912.txt,nvidia/TechQA-RAG-Eval,Apache-2.0,6539b42b1a5abaf12077860cafdc2807e53b3adc14e31043653c166aab8caebf
swg21984301,IBM Component parameters missing for Enable Hold and Virtual Interview Multiple Response functionality - United States,engineering-support,internal,engineering,techqa-proxy-owner,techqa-p2-2026-07-18,hf://nvidia/TechQA-RAG-Eval/corpus/swg21984301.txt,nvidia/TechQA-RAG-Eval,Apache-2.0,7e24e6a6eca921e009a3fadfe7d8627f5db4c78a00799c0750d4fd3e9b2c20d9
swg21984463,IBM Finding if Table created as NOT LOGGED INITIALLY - United States,operations-support,internal,operations,techqa-proxy-owner,techqa-p2-2026-07-18,hf://nvidia/TechQA-RAG-Eval/corpus/swg21984463.txt,nvidia/TechQA-RAG-Eval,Apache-2.0,5dbec1ec2bcb39c560bc537182d6eb0bbd1b175bc94dcde84679be8205968eef
swg21984540,IBM Can't disable DASH TimeSet and dataRefresh in Events configuration - United States,engineering-support,internal,engineering,techqa-proxy-owner,techqa-p2-2026-07-18,hf://nvidia/TechQA-RAG-Eval/corpus/swg21984540.txt,nvidia/TechQA-RAG-Eval,Apache-2.0,92b9eb662338415d67224d78fd64c5fa7fe703bddcf094232549a2aba5b98abe
swg21984588,IBM MQ 8.0.0.4 FAILS TO INSTALL ON CERTAIN IBM PURE APPLICATION SYSTEM LEVELS - United States,engineering-support,internal,engineering,techqa-proxy-owner,techqa-p2-2026-07-18,hf://nvidia/TechQA-RAG-Eval/corpus/swg21984588.txt,nvidia/TechQA-RAG-Eval,Apache-2.0,c24c48e7994f96680d8dc93dae07108ad05cae91241d7c4c700eeb515992784e
swg21985013,"IBM Security Bulletin: IBM Integration Bus and WebSphere Message Broker, upon installation, set incorrect permissions for an object on unix platforms ( CVE-2016-0394 ) - United States",security-support,restricted,restricted,techqa-proxy-owner,techqa-2025-05-05,hf://nvidia/TechQA-RAG-Eval/corpus/swg21985013.txt,nvidia/TechQA-RAG-Eval,Apache-2.0,404d404a4e9004b65327c7a0fa5cf25fadd5db64ad2420da1286d7fac82017e5
swg21985017,IBM Security Bulletin: Integration server  HTTP listener exposes stack trace in WebSphere Message Broker and IBM Integration Bus - United States,security-support,restricted,restricted,techqa-proxy-owner,techqa-2025-05-05,hf://nvidia/TechQA-RAG-Eval/corpus/swg21985017.txt,nvidia/TechQA-RAG-Eval,Apache-2.0,760a2e544eeb0aae816f13fc4367f6d2332c2f6bed2cb34290af65ba6668a632
swg21985630,IBM Using launchpad.sh or silent_MS_linux.bin results in end-of-file message. - United States,engineering-support,internal,engineering,techqa-proxy-owner,techqa-p2-2026-07-18,hf://nvidia/TechQA-RAG-Eval/corpus/swg21985630.txt,nvidia/TechQA-RAG-Eval,Apache-2.0,40d15b120282ddbb4ff24200dee81d68e953bda066072645c5d715adc01078b0
swg21985946,IBM Upgrading to Jazz for Service Management Version 1.1.3.0 using Installation Manager results in a permission denied error - United States,engineering-support,internal,engineering,techqa-proxy-owner,techqa-p2-2026-07-18,hf://nvidia/TechQA-RAG-Eval/corpus/swg21985946.txt,nvidia/TechQA-RAG-Eval,Apache-2.0,2e9e4a5367219012518cf73a4bdbd77a8e1f3041cbcb8b370c801d8d12d0fc8b
swg21986219,IBM Launcher failure when 'On Success' is set to Delete and 'On Failure' is set to Commit - United States,operations-support,internal,operations,techqa-proxy-owner,techqa-p2-2026-07-18,hf://nvidia/TechQA-RAG-Eval/corpus/swg21986219.txt,nvidia/TechQA-RAG-Eval,Apache-2.0,f31fba9ac3bc0f6c4bc412869fbb1102d7c12e2054d7f49962a0700e40cfabf2
swg21986534,IBM Newly accessed tables result in increasing of dbheap - United States,operations-support,internal,operations,techqa-proxy-owner,techqa-p2-2026-07-18,hf://nvidia/TechQA-RAG-Eval/corpus/swg21986534.txt,nvidia/TechQA-RAG-Eval,Apache-2.0,91171cb24567ab90cb1aafb9c66f931589240c47c54122430ec5a05f78c918be
swg21986827,IBM 【セキュリティ情報】 IBM Integration Bus および WebSphere Message Broker HTTPリスナーのスタックトレース公開の脆弱性 (CVE-2016-2961) - United States,security-support,restricted,restricted,techqa-proxy-owner,techqa-p2-2026-07-18,hf://nvidia/TechQA-RAG-Eval/corpus/swg21986827.txt,nvidia/TechQA-RAG-Eval,Apache-2.0,7496ed8677f0550a2acd2ad5a06276e2c30e2cf250966e7ec13c89cf44ed4aba
swg21987296,IBM Case insensitive searches in IBM Content Navigator - United States,operations-support,internal,operations,techqa-proxy-owner,techqa-p2-2026-07-18,hf://nvidia/TechQA-RAG-Eval/corpus/swg21987296.txt,nvidia/TechQA-RAG-Eval,Apache-2.0,fa93b5e5079b935c80ee2e0a57099168502b19a21264db941d5310b809f30fb4
swg21988389,IBM Map does not complete when using xmllib functions on z/OS - United States,operations-support,internal,operations,techqa-proxy-owner,techqa-p2-2026-07-18,hf://nvidia/TechQA-RAG-Eval/corpus/swg21988389.txt,nvidia/TechQA-RAG-Eval,Apache-2.0,6f42fcff83cc6c13a13c3a534d84b499a715678f2f21f745903dfbb3002396ad
swg21988939,IBM ADMIN_CMD('load from ...') using JDBC in XA transaction gets SQL30090N - United States,operations-support,internal,operations,techqa-proxy-owner,techqa-p2-2026-07-18,hf://nvidia/TechQA-RAG-Eval/corpus/swg21988939.txt,nvidia/TechQA-RAG-Eval,Apache-2.0,36082066e85ddf8d6c79ddc1c8c422f4ed374093b7c6bfb8d84330da610d2905
swg21989702,"IBM DB2 LUW precompile, prep may write different code to DB2 z/OS - United States",engineering-support,internal,engineering,techqa-proxy-owner,techqa-p2-2026-07-18,hf://nvidia/TechQA-RAG-Eval/corpus/swg21989702.txt,nvidia/TechQA-RAG-Eval,Apache-2.0,250c722747f379ebd111cc19f6a32fc7c15ce9a7f3417f03bc5540e61b252221
swg21991414,IBM How can uninstall Data Studio 3.1.1 where Control Panel uninstall process gets an error? - United States,engineering-support,internal,engineering,techqa-proxy-owner,techqa-p2-2026-07-18,hf://nvidia/TechQA-RAG-Eval/corpus/swg21991414.txt,nvidia/TechQA-RAG-Eval,Apache-2.0,79887ddab7487f2f51cc1b0fdee40c8dfd9dcc446a9dec693e307eabd9e12dfc
swg21991690,IBM Application Error in IBM Content Collector Configuration Manager when saving a task route - United States,security-support,restricted,restricted,techqa-proxy-owner,techqa-p2-2026-07-18,hf://nvidia/TechQA-RAG-Eval/corpus/swg21991690.txt,nvidia/TechQA-RAG-Eval,Apache-2.0,2b513ab0e439fda4e314f4019e4315b5d45069136c8a562410eaf5322ca965f2
swg21991890,IBM NUM_IOSERVERS=AUTOMATIC behaviour is changed from 10.5FP7 - United States,engineering-support,internal,engineering,techqa-proxy-owner,techqa-p2-2026-07-18,hf://nvidia/TechQA-RAG-Eval/corpus/swg21991890.txt,nvidia/TechQA-RAG-Eval,Apache-2.0,b394d2340eedeee7f543dee03b7535cd3113edc2508b3ca1cb1ea91aeb1b3cef
swg21993043,IBM Security Bulletin: WebSphere Message Broker and IBM Integration Bus are affected by Open Source Tomcat vulnerability (CVE-2016-3092) - United States,security-support,restricted,restricted,techqa-proxy-owner,techqa-2025-05-05,hf://nvidia/TechQA-RAG-Eval/corpus/swg21993043.txt,nvidia/TechQA-RAG-Eval,Apache-2.0,e7a58b9887741087d39861751ffbb3c2ca419ebe1a455f47eeb183356b0950d7
swg21993579,IBM Upgrading Liberty profile for CICS TS and z/OS Connect EE to latest Fix pack - United States,engineering-support,internal,engineering,techqa-proxy-owner,techqa-p2-2026-07-18,hf://nvidia/TechQA-RAG-Eval/corpus/swg21993579.txt,nvidia/TechQA-RAG-Eval,Apache-2.0,f5147e5518d0ae9205f5148ef4e70c02e82dfaf580724afa63f36a83bb6fda80
swg21994039,IBM How to override the directory location for IBM P8 Content Platform Engine (CPE) logs. - United States,operations-support,internal,operations,techqa-proxy-owner,techqa-2025-05-05,hf://nvidia/TechQA-RAG-Eval/corpus/swg21994039.txt,nvidia/TechQA-RAG-Eval,Apache-2.0,5f4775f80f51ca776d85e573415dd100bcda7419c7285039984d474619527b1a
swg21994175,IBM Content Navigator v2.0.3 is adding a .dat extension to a CSV file during Download action on a document. - United States,operations-support,internal,operations,techqa-proxy-owner,techqa-p2-2026-07-18,hf://nvidia/TechQA-RAG-Eval/corpus/swg21994175.txt,nvidia/TechQA-RAG-Eval,Apache-2.0,9ebf94cafb832063ff47ee285eab2e456a2f8f1352b6bdf0550bfbc0226ed2a9
swg21994741,IBM Learning more about EJBDeploy - United States,engineering-support,internal,engineering,techqa-proxy-owner,techqa-2025-05-05,hf://nvidia/TechQA-RAG-Eval/corpus/swg21994741.txt,nvidia/TechQA-RAG-Eval,Apache-2.0,a1aea4cfcfdc994a4fda3f05f38c38ed4976537d9196aec4378619b753acc76b
swg21994742,IBM TroubleShooting: WebSphere Application Server Toolkit EJBDeploy problems - United States,engineering-support,internal,engineering,techqa-proxy-owner,techqa-p2-2026-07-18,hf://nvidia/TechQA-RAG-Eval/corpus/swg21994742.txt,nvidia/TechQA-RAG-Eval,Apache-2.0,9a7fad62293b3e822a5fd2ab72eb438dfd9c9d85ff16519631f1ad924a8fe4d9
swg21995004,IBM Security Bulletin: The WebAdmin context for WebSphere Message Broker Version 8 allows directory listings (CVE-2016-6080) - United States,security-support,restricted,restricted,techqa-proxy-owner,techqa-2025-05-05,hf://nvidia/TechQA-RAG-Eval/corpus/swg21995004.txt,nvidia/TechQA-RAG-Eval,Apache-2.0,40b6cc027132b11b4cefdeeb92bd49da8cc795e646c7d064bad1ae885bb82a7f
swg21995079,IBM Security Bulletin: Authentication vulnerability affects IBM Integration Bus  V10.0.0.4 onwards (CVE-2016-8918 ) - United States,security-support,restricted,restricted,techqa-proxy-owner,techqa-p2-2026-07-18,hf://nvidia/TechQA-RAG-Eval/corpus/swg21995079.txt,nvidia/TechQA-RAG-Eval,Apache-2.0,248ef9f18f351ee8dee874135706acd6f760f11e370a7084cae35320a9fddf54
swg21995099,IBM Security Bulletin: IBM MQ and IBM MQ Appliance are vulnerable to SWEET32 Birthday attack (CVE-2016-2183) - United States,security-support,restricted,restricted,techqa-proxy-owner,techqa-p2-2026-07-18,hf://nvidia/TechQA-RAG-Eval/corpus/swg21995099.txt,nvidia/TechQA-RAG-Eval,Apache-2.0,ecb85a5ec73b288fd678dd94a89954350969cdf4955f3752f05448e4df0429e2
swg21995100,IBM Fix Pack 8.0.0.6 for WebSphere MQ v8 - United States,engineering-support,internal,engineering,techqa-proxy-owner,techqa-p2-2026-07-18,hf://nvidia/TechQA-RAG-Eval/corpus/swg21995100.txt,nvidia/TechQA-RAG-Eval,Apache-2.0,d38108f0872dad78f24f4b3782bd7d24fad1a4d2152d27b75252027039106aee
swg21995397,IBM Troubleshoot: Logging Problems in IBM WebSphere Application Server - United States,security-support,restricted,restricted,techqa-proxy-owner,techqa-2025-05-05,hf://nvidia/TechQA-RAG-Eval/corpus/swg21995397.txt,nvidia/TechQA-RAG-Eval,Apache-2.0,34423d1941e82196146affb52a25df9c69c913858844ef7220edbf8b471f934d
swg21995532,IBM 【セキュリティ情報】 IBM Integration Bus およびWebSphere Message Broker インストール時にオブジェクトに対して誤った権限を設定する脆弱性 (CVE-2016-0394) - United States,security-support,restricted,restricted,techqa-proxy-owner,techqa-p2-2026-07-18,hf://nvidia/TechQA-RAG-Eval/corpus/swg21995532.txt,nvidia/TechQA-RAG-Eval,Apache-2.0,ba6f66ee0d912936dea372cd1f53f4c025cbb9370032c1eaf54442c91988b3bb
swg21996128,IBM JDBC を利用した XA 環境下で ADMIN_CMD('load from ...') を実行すると SQL30090N が返る - United States,operations-support,internal,operations,techqa-proxy-owner,techqa-p2-2026-07-18,hf://nvidia/TechQA-RAG-Eval/corpus/swg21996128.txt,nvidia/TechQA-RAG-Eval,Apache-2.0,3dadbff1d6b219fd839d2eedc02414ae8709f34d1319199749f0e71b9cce0075
swg21996508,"IBM STREAMS 4.1.1.1 and 4.1.1.2  JOBS DO NOT INHERIT THE ENVIRONMENT VARIABLES SET IN .BASHRC, WHEN STREAMS IS RUN AS A SYSTEM SERVICE - United States",operations-support,internal,operations,techqa-proxy-owner,techqa-p2-2026-07-18,hf://nvidia/TechQA-RAG-Eval/corpus/swg21996508.txt,nvidia/TechQA-RAG-Eval,Apache-2.0,164aa2791b9fb8902555fe7cc2e038f2e304f8a234e8dc7f9c6fc3d352af17f0
swg21997033,IBM Dataserver services changing from Healthy to Vulnerable - United States,operations-support,internal,operations,techqa-proxy-owner,techqa-p2-2026-07-18,hf://nvidia/TechQA-RAG-Eval/corpus/swg21997033.txt,nvidia/TechQA-RAG-Eval,Apache-2.0,3342ea2ff0e165e4bc46967e6e0bac8f8e734d78ff69c530b4213a2cf9b4b02c
swg21998312,IBM StoredIQ support for TLS v1.2 - United States,security-support,restricted,restricted,techqa-proxy-owner,techqa-p2-2026-07-18,hf://nvidia/TechQA-RAG-Eval/corpus/swg21998312.txt,nvidia/TechQA-RAG-Eval,Apache-2.0,2f27264f13398614d5143a9800991968a6f86359961c1da9195284562c8362db
swg21998452,IBM Action required for IBM Integration Bus Hypervisor Edition V9.0 and WebSphere Message Broker Hypervisor Edition V8.0 for security vulnerabilities in Red Hat Linux - United States,security-support,restricted,restricted,techqa-proxy-owner,techqa-2025-05-05,hf://nvidia/TechQA-RAG-Eval/corpus/swg21998452.txt,nvidia/TechQA-RAG-Eval,Apache-2.0,e9143dc199c406876a1528bfad44d4e44b0d7e519b618cdbbb216ac93ef1d3c8
swg21998655,IBM Security Bulletin: Malicious File Download vulnerability in IBM Business Process Manager (BPM) and WebSphere Lombardi Edition (WLE) - CVE-2016-9693 - United States,security-support,restricted,restricted,techqa-proxy-owner,techqa-2025-05-05,hf://nvidia/TechQA-RAG-Eval/corpus/swg21998655.txt,nvidia/TechQA-RAG-Eval,Apache-2.0,2574ce7b902d043bcf372e36f153a811d33a712a8ff72d0128bd758b8f3ca7e7
swg21998663,IBM Security Bulletin: IBM MQ administration command could cause denial of service (CVE-2016-8971) - United States,security-support,restricted,restricted,techqa-proxy-owner,techqa-p2-2026-07-18,hf://nvidia/TechQA-RAG-Eval/corpus/swg21998663.txt,nvidia/TechQA-RAG-Eval,Apache-2.0,3435105ada042f7f6b48b4ae8045f4d07cda793f25b7d7fc886e92e0fa66c4c0
swg21999232,IBM Security Bulletin: IBM WebSphere MQ 管理コマンドによるサービス運用妨害 (DoS) の脆弱性(CVE-2016-8971) - United States,security-support,restricted,restricted,techqa-proxy-owner,techqa-p2-2026-07-18,hf://nvidia/TechQA-RAG-Eval/corpus/swg21999232.txt,nvidia/TechQA-RAG-Eval,Apache-2.0,edb0f6c151fef6036d3a1b8bf3b21353234027c279f233aaf3c01f22712ca561
swg21999583,IBM Support for Java 6 with Business Process Manager and Business Monitor ending April 2018 - United States,security-support,restricted,restricted,techqa-proxy-owner,techqa-p2-2026-07-18,hf://nvidia/TechQA-RAG-Eval/corpus/swg21999583.txt,nvidia/TechQA-RAG-Eval,Apache-2.0,549f40f7174c563a0f0699ea8db5763512d38d40d5e19f985ceffabca6164950
swg21999690,IBM 【セキュリティ情報】IBM MQ および IBM MQ Appliance における SWEET32：誕生日攻撃 の脆弱性の影響について(CVE-2016-2183) - United States,security-support,restricted,restricted,techqa-proxy-owner,techqa-p2-2026-07-18,hf://nvidia/TechQA-RAG-Eval/corpus/swg21999690.txt,nvidia/TechQA-RAG-Eval,Apache-2.0,b6e1f3ae2a6bfaf6a2fc6bdf215879ea7c8f685e488d5f32e948e8c239f0ce53
swg21999724,"IBM Security Bulletin: Vulnerabilities in OpenSSL affect IBM MQ Advanced Message Security (CVE-2016-2177, CVE-2016-2178) - United States",security-support,restricted,restricted,techqa-proxy-owner,techqa-2025-05-05,hf://nvidia/TechQA-RAG-Eval/corpus/swg21999724.txt,nvidia/TechQA-RAG-Eval,Apache-2.0,f2fbff5d60d7174669d61efaf88f3a4b2dcf1774b2aec3bc30df2a7927b43a87
swg22000474,"IBM 【セキュリティ情報】OpenSSLの脆弱性がIBM WebSphere MQ Advanced Message Security に与える影響について(CVE-2016-2177, CVE-2016-2178) - United States",security-support,restricted,restricted,techqa-proxy-owner,techqa-p2-2026-07-18,hf://nvidia/TechQA-RAG-Eval/corpus/swg22000474.txt,nvidia/TechQA-RAG-Eval,Apache-2.0,d2eccd739ae75e2ccb676492baa177167986a34d4ef2b4d3fddc68e0236ce289
swg22000563,IBM Content Navigator is not affected by the Apache Struts 2.x Vulnerability (CVE-2017-5638) - United States,security-support,restricted,restricted,techqa-proxy-owner,techqa-p2-2026-07-18,hf://nvidia/TechQA-RAG-Eval/corpus/swg22000563.txt,nvidia/TechQA-RAG-Eval,Apache-2.0,38412c232d6e9467b1ffa9e405d7bbdc950e9637e9c2497a2e841bd5679ac0b4
swg22000947,IBM Action required for IBM Integration Bus Hypervisor Edition V9.0 and WebSphere Message Broker Hypervisor Edition V8.0 for security vulnerabilities in Red Hat Linux - United States,security-support,restricted,restricted,techqa-proxy-owner,techqa-p2-2026-07-18,hf://nvidia/TechQA-RAG-Eval/corpus/swg22000947.txt,nvidia/TechQA-RAG-Eval,Apache-2.0,babe4a391ea5523e01e508da21687c513a0493f1010cf6f980322d99728c4039
swg22001418,IBM FAQ for IBM SPSS Statistics Subscription - United States,engineering-support,internal,engineering,techqa-proxy-owner,techqa-p2-2026-07-18,hf://nvidia/TechQA-RAG-Eval/corpus/swg22001418.txt,nvidia/TechQA-RAG-Eval,Apache-2.0,17fc365a9577fde83fc4c7f8120dc6260b7fb6941b36d993adc6c2a1bca35a6d
swg22001558,IBM Unable to login to StoredIQ Dataserver and Gateway using ssh - United States,operations-support,internal,operations,techqa-proxy-owner,techqa-p2-2026-07-18,hf://nvidia/TechQA-RAG-Eval/corpus/swg22001558.txt,nvidia/TechQA-RAG-Eval,Apache-2.0,6ca9a0856c14fa1436a5a51cc7ba5cf1cf9decbf14051feea02f9a02d1ab6e65
swg22001607,IBM StoredIQ Dataserver login page is not coming up in the browser - United States,operations-support,internal,operations,techqa-proxy-owner,techqa-p2-2026-07-18,hf://nvidia/TechQA-RAG-Eval/corpus/swg22001607.txt,nvidia/TechQA-RAG-Eval,Apache-2.0,5a29b77d5a9b8de731cbfcdadce6525887b6286038e2d2f6f3ae3e3db7938abb
swg22001630,IBM Security Bulletin: A vulnerability in IBM Java Runtime affects IBM WebSphere MQ (CVE-2016-3485) - United States,security-support,restricted,restricted,techqa-proxy-owner,techqa-p2-2026-07-18,hf://nvidia/TechQA-RAG-Eval/corpus/swg22001630.txt,nvidia/TechQA-RAG-Eval,Apache-2.0,86bb894ed7cff442fd6fb8bc6c18b80e1ff651700655d7f354b43b428ab512f8
swg22002063,IBM Security Bulletin: Vulnerability identified in OpenSSL shipped with IBM API Connect (CVE-2016-8610) - United States,security-support,restricted,restricted,techqa-proxy-owner,techqa-p2-2026-07-18,hf://nvidia/TechQA-RAG-Eval/corpus/swg22002063.txt,nvidia/TechQA-RAG-Eval,Apache-2.0,01f73b1190bf19145c5af5cf0aae3e7fa0f50dec13a558d18efa54cad42510fb
swg22002442,"IBM Files requiring modification when updating, upgrading, moving, or migrating a System Monitor MSSQL database in IBM Enterprise Content Management System Monitor 5.2 - United States",engineering-support,internal,engineering,techqa-proxy-owner,techqa-p2-2026-07-18,hf://nvidia/TechQA-RAG-Eval/corpus/swg22002442.txt,nvidia/TechQA-RAG-Eval,Apache-2.0,7ae4ce396fe3d5f8a9548fc53a05f2efa3cf0fc98fe64df4d8573895e8dd189a
swg22002443,IBM FileNet Workplace XT war and ear files are unusually small - United States,engineering-support,internal,engineering,techqa-proxy-owner,techqa-2025-05-05,hf://nvidia/TechQA-RAG-Eval/corpus/swg22002443.txt,nvidia/TechQA-RAG-Eval,Apache-2.0,b5865c06640638fc8808fa94815393792770ba1391142e5176619bf59d877f8c
swg22002444,IBM The version of the IBM Content Search Services client embedded in the IBM FileNet Content Platform Engine is not compatible with the IBM FileNet Content Search Services server. - United States,engineering-support,internal,engineering,techqa-proxy-owner,techqa-p2-2026-07-18,hf://nvidia/TechQA-RAG-Eval/corpus/swg22002444.txt,nvidia/TechQA-RAG-Eval,Apache-2.0,2767c640c14ba9e92abaa3024d47f2870e32da63b4adf97e160f21533478ec31
swg22002589,IBM Deleting Box folders and content from IBM Case Manager 5.3.0 - United States,operations-support,internal,operations,techqa-proxy-owner,techqa-p2-2026-07-18,hf://nvidia/TechQA-RAG-Eval/corpus/swg22002589.txt,nvidia/TechQA-RAG-Eval,Apache-2.0,fa0c5688906712810144ca1da93e8719c9ad2bfebb58cfb51c9d54cf3216c064
swg22002975,IBM Security Bulletin: A security vulnerability has been identified in IBM Tivoli Network Manager IP Edition shipped with WebSphere Application Server (CVE-2017-1194) - United States,security-support,restricted,restricted,techqa-proxy-owner,techqa-2025-05-05,hf://nvidia/TechQA-RAG-Eval/corpus/swg22002975.txt,nvidia/TechQA-RAG-Eval,Apache-2.0,a7897abf7a1ec60554b01bf08d1adfa82e6a92d94b59a7e391d04d751dd7a826
swg22003510,IBM Security Bulletin: Incorrect saved channel status enquiry could cause denial of service for IBM MQ (CVE-2017-1236) - United States,security-support,restricted,restricted,techqa-proxy-owner,techqa-2025-05-05,hf://nvidia/TechQA-RAG-Eval/corpus/swg22003510.txt,nvidia/TechQA-RAG-Eval,Apache-2.0,f80201e14fa0d8258f6b1d4e4536e324173d8242e0a34474e1d31303f5e63659
swg22003852,IBM Security Bulletin: IBM MQ and IBM MQ Appliance Shared memory leak caused by MQ applications using dynamic queues. (CVE-2017-1283) - United States,security-support,restricted,restricted,techqa-proxy-owner,techqa-2025-05-05,hf://nvidia/TechQA-RAG-Eval/corpus/swg22003852.txt,nvidia/TechQA-RAG-Eval,Apache-2.0,360fde7a1e4b250acced61f9dcf0904f53208b153bcfbb31e3bef7ace989e93a
swg22004378,IBM Security Bulletin: IBM MQ is affected by a potential denial of service to channel processes (CVE-2017-1557) - United States,security-support,restricted,restricted,techqa-proxy-owner,techqa-p2-2026-07-18,hf://nvidia/TechQA-RAG-Eval/corpus/swg22004378.txt,nvidia/TechQA-RAG-Eval,Apache-2.0,785ca655630022de83d236813cb553622883a3e05c7318d220b7a679520022c8
swg22004607,"IBM The import task failed with ""INFO: Upload replication check failed with error: getservbyname_r failed (Java::JavaLang::RuntimeException)"" after patching BigFix/ILMT RedHat Linux server. - United States",engineering-support,internal,engineering,techqa-proxy-owner,techqa-p2-2026-07-18,hf://nvidia/TechQA-RAG-Eval/corpus/swg22004607.txt,nvidia/TechQA-RAG-Eval,Apache-2.0,608a3592dd99ffd6b9eab44ca95d471a3d0e284d369c0add292f451a72d35cc6
swg22004617,IBM What are the analyzer.db.updateMode parameter values for Case Foundation Case Analyzer? - United States,operations-support,internal,operations,techqa-proxy-owner,techqa-p2-2026-07-18,hf://nvidia/TechQA-RAG-Eval/corpus/swg22004617.txt,nvidia/TechQA-RAG-Eval,Apache-2.0,9499ae1f96b9c3e3cb09921c43ecec4f6e59017631d2a7e402ed4a6df0366cfd
swg22004767,IBM Security Bulletin: Security vulnerability has been identified in Oracle MySQL shipped with IBM Tivoli Network Manager IP Edition (CVE-2017-3523) - United States,security-support,restricted,restricted,techqa-proxy-owner,techqa-p2-2026-07-18,hf://nvidia/TechQA-RAG-Eval/corpus/swg22004767.txt,nvidia/TechQA-RAG-Eval,Apache-2.0,f77ffd32eecc0d9817f90cf089bdbcc793c5ae0c8ac4cd9f6028390450886b0a
swg22005055,IBM Security Bulletin: IBM MQ Appliance is affected by a Network Security Services (NSS) vulnerability (CVE-2017-5461) - United States,security-support,restricted,restricted,techqa-proxy-owner,techqa-2025-05-05,hf://nvidia/TechQA-RAG-Eval/corpus/swg22005055.txt,nvidia/TechQA-RAG-Eval,Apache-2.0,a1d1bc64f832c2bf51bef420ec95ec87cbcf83df0e778e0a1880913f51005967
swg22005197,IBM Tivoli Netcool/OMINbus Integrations Release Notice - Probe for Nokia Network Functions Manager for Packet (nco-p-nokia-nfmp-1_0) - United States,engineering-support,internal,engineering,techqa-proxy-owner,techqa-p2-2026-07-18,hf://nvidia/TechQA-RAG-Eval/corpus/swg22005197.txt,nvidia/TechQA-RAG-Eval,Apache-2.0,7e620f231bb7e4fcb7ee6aa8fafdebbbaf809f9b6e6c205d14f0c8503f14cd12
swg22005280,"IBM Security Bulletin: Multiple Security Vulnerabilities in IBM HTTP Server (CVE-2017-7679, CVE-2017-7668, CVE-2017-3167) - United States",security-support,restricted,restricted,techqa-proxy-owner,techqa-p2-2026-07-18,hf://nvidia/TechQA-RAG-Eval/corpus/swg22005280.txt,nvidia/TechQA-RAG-Eval,Apache-2.0,1f85f6eb3cab1362da5e511017636c75de60438f4a4a153ae04e5ca591bc04ba
swg22005345,IBM Security Bulletin: Multiple vulnerabilities in IBM Java Runtime affect WebSphere Message Broker and IBM Integration Bus - United States,security-support,restricted,restricted,techqa-proxy-owner,techqa-p2-2026-07-18,hf://nvidia/TechQA-RAG-Eval/corpus/swg22005345.txt,nvidia/TechQA-RAG-Eval,Apache-2.0,2bd34db7ae466117034f61d5e5b8ccb04410f6fd1076d73d4a79b08d534cf7e0
swg22005352,IBM Upgrade Rational Application Developer 9.6 to use Websphere Application Server ILAN - United States,engineering-support,internal,engineering,techqa-proxy-owner,techqa-p2-2026-07-18,hf://nvidia/TechQA-RAG-Eval/corpus/swg22005352.txt,nvidia/TechQA-RAG-Eval,Apache-2.0,9cf0f057f40adcd93162406e3eb9e5556427f9b9fcd6743c1b2ef57b3a27a0d7
swg22005400,IBM Security Bulletin: IBM MQ and IBM MQ Appliance MQOPEN call might succeed when it should have failed.  (CVE-2017-1341 ) - United States,security-support,restricted,restricted,techqa-proxy-owner,techqa-2025-05-05,hf://nvidia/TechQA-RAG-Eval/corpus/swg22005400.txt,nvidia/TechQA-RAG-Eval,Apache-2.0,14631e562afd75f3b172c41b42602cbb7b1e456a1ea8f6e3f4f9cefebd176a68
swg22005415,IBM Security Bulletin: IBM MQ termination of a client application causes denial of service (CVE-2017-1235) - United States,security-support,restricted,restricted,techqa-proxy-owner,techqa-2025-05-05,hf://nvidia/TechQA-RAG-Eval/corpus/swg22005415.txt,nvidia/TechQA-RAG-Eval,Apache-2.0,d9330b77739f8e3fa127b300909412ef5876fc87d3d236cc0755ae4b26d7d90b
swg22005832,IBM Fix Pack 8.0.0.7 for WebSphere MQ v8 - United States,engineering-support,internal,engineering,techqa-proxy-owner,techqa-p2-2026-07-18,hf://nvidia/TechQA-RAG-Eval/corpus/swg22005832.txt,nvidia/TechQA-RAG-Eval,Apache-2.0,9ceebd08c1b1b41c2b4956edd889e670a2640394e14934c5dc24575d00deb2f9
swg22006126,IBM Security Bulletin:  Multiple vulnerabilities in IBM Java Runtime affect API Connect - United States,security-support,restricted,restricted,techqa-proxy-owner,techqa-2025-05-05,hf://nvidia/TechQA-RAG-Eval/corpus/swg22006126.txt,nvidia/TechQA-RAG-Eval,Apache-2.0,1c151c5e8449eaf3be8e56e39685c80c2e6c3a7d836356f8edd4b61914812ea1
swg22007002,IBM Security Bulletin: Multiple Vulnerabilities in IBM® Java SDK affects WebSphere Application Server July 2017 CPU - United States,security-support,restricted,restricted,techqa-proxy-owner,techqa-p2-2026-07-18,hf://nvidia/TechQA-RAG-Eval/corpus/swg22007002.txt,nvidia/TechQA-RAG-Eval,Apache-2.0,b611c288271d645504f8c40d8e364dc110b5c5013b616704a48821906d52c0a6
swg22007765,IBM Wrap table column text in list tab - United States,operations-support,internal,operations,techqa-proxy-owner,techqa-p2-2026-07-18,hf://nvidia/TechQA-RAG-Eval/corpus/swg22007765.txt,nvidia/TechQA-RAG-Eval,Apache-2.0,84ae5d1b90503dad7efda989c614dde8fc4390561b07e8515434c02b81c60d79
swg22008382,IBM Security Bulletin:  Multiple vulnerabilities in IBM Java Runtime affect API Connect - United States,security-support,restricted,restricted,techqa-proxy-owner,techqa-2025-05-05,hf://nvidia/TechQA-RAG-Eval/corpus/swg22008382.txt,nvidia/TechQA-RAG-Eval,Apache-2.0,526fca09878b05c5ac73a8caec44cc6d9b4e65b48e95db29c187b4beedd1ff14
swg22008470,IBM Security Bulletin: WebSphere Message Broker and IBM Integration Bus are affected by information disclosure vulnerability (CVE-2017-1126) - United States,security-support,restricted,restricted,techqa-proxy-owner,techqa-2025-05-05,hf://nvidia/TechQA-RAG-Eval/corpus/swg22008470.txt,nvidia/TechQA-RAG-Eval,Apache-2.0,f101c852a93b9a91ea6c56295ef0859cb567906b90ccdb34b8e847b09c548bed
swg22008493,IBM Security Bulletin: IBM Tivoli Network Manager IP Edition is affected by an Apache CXF vulnerability (CVE-2017-3156) - United States,security-support,restricted,restricted,techqa-proxy-owner,techqa-p2-2026-07-18,hf://nvidia/TechQA-RAG-Eval/corpus/swg22008493.txt,nvidia/TechQA-RAG-Eval,Apache-2.0,328d7610c48beac17ca13235ef516973b12a17f7a8b4fa094aaaf4a4618a29de
swg22008622,IBM No data in some workspaces for MySQL agent - United States,engineering-support,internal,engineering,techqa-proxy-owner,techqa-p2-2026-07-18,hf://nvidia/TechQA-RAG-Eval/corpus/swg22008622.txt,nvidia/TechQA-RAG-Eval,Apache-2.0,ff0c2619641b070572a2ae53c5143ff91189796205195d7f2cf60c61a6d7f031
swg22008829,IBM Security Bulletin:IBM Integration Bus is affected by deserialization RCE vulnerability in IBM WebSphere JMS Client - United States,security-support,restricted,restricted,techqa-proxy-owner,techqa-2025-05-05,hf://nvidia/TechQA-RAG-Eval/corpus/swg22008829.txt,nvidia/TechQA-RAG-Eval,Apache-2.0,c7ff9bb80444fb80eddc70cf1ab277f2eb5d04b4db961df39a4cb5708fa67c75
swg22009436,IBM Action required for IBM Integration Bus Hypervisor Edition V9.0 and WebSphere Message Broker Hypervisor Edition V8.0 for security vulnerabilities in Red Hat Linux - United States,security-support,restricted,restricted,techqa-proxy-owner,techqa-2025-05-05,hf://nvidia/TechQA-RAG-Eval/corpus/swg22009436.txt,nvidia/TechQA-RAG-Eval,Apache-2.0,54033fda535d7d984916bcf2ad93c1f87401fa6a35ae7f51357c99d65ab9e589
swg22009796,IBM Security Bulletin: IBM MQ Appliance is affected by a GNU C library (glibc) vulnerability (CVE-2017-8804) - United States,security-support,restricted,restricted,techqa-proxy-owner,techqa-2025-05-05,hf://nvidia/TechQA-RAG-Eval/corpus/swg22009796.txt,nvidia/TechQA-RAG-Eval,Apache-2.0,cc88c75101ca1a2c28367cbe1f67f066141f864e67caa8d6c8fad293f9f88ad3
swg22009818,IBM Guardium STAP does not connect properly and does not show in the S-TAP Control - I see some specific errors in some log files. - United States,operations-support,internal,operations,techqa-proxy-owner,techqa-p2-2026-07-18,hf://nvidia/TechQA-RAG-Eval/corpus/swg22009818.txt,nvidia/TechQA-RAG-Eval,Apache-2.0,02bd282fc66135208cc2de235ce2096c9a1fad5c5643cbfd066824efdfd8a668
swg22009842,IBM Security Bulletin: IBM MQ Appliance is affected by a Network Security Services (NSS) vulnerability (CVE-2017-7805) - United States,security-support,restricted,restricted,techqa-proxy-owner,techqa-2025-05-05,hf://nvidia/TechQA-RAG-Eval/corpus/swg22009842.txt,nvidia/TechQA-RAG-Eval,Apache-2.0,adb1fc23f4eadd5eeaf3c1e9b054c7c507de1df25b87cc1337caec84b80a6d69
swg22009938,IBM New IBM License Metric Tool online Support experience! - United States,security-support,restricted,restricted,techqa-proxy-owner,techqa-p2-2026-07-18,hf://nvidia/TechQA-RAG-Eval/corpus/swg22009938.txt,nvidia/TechQA-RAG-Eval,Apache-2.0,6f8472cd7d7023e23bd6821a3a91b7d4b8d153f184748b238d1bccbbafda79a2
swg22009964,"IBM Security Bulletin: Multiple vulnerabilities in Node.js affect IBM API Connect (CVE-2017-1000381, CVE-2017-11499) - United States",security-support,restricted,restricted,techqa-proxy-owner,techqa-2025-05-05,hf://nvidia/TechQA-RAG-Eval/corpus/swg22009964.txt,nvidia/TechQA-RAG-Eval,Apache-2.0,18a21b5877944e61211639e7b02503a78c3f05ef60f7e46d9a08e6e2a9a4b817
swg22010090,IBM Security Bulletin: Multiple vulnerabilities in IBM Java Runtime affect IBM Integration Bus and WebSphere Message Broker - United States,security-support,restricted,restricted,techqa-proxy-owner,techqa-p2-2026-07-18,hf://nvidia/TechQA-RAG-Eval/corpus/swg22010090.txt,nvidia/TechQA-RAG-Eval,Apache-2.0,53516e8d16c2f9a692c929261461cad4299d9503429d3045775d75819588c9fc
swg22010419,IBM Security Bulletin: Information disclosure in WebSphere Application Server (CVE-2017-1681) - United States,security-support,restricted,restricted,techqa-proxy-owner,techqa-2025-05-05,hf://nvidia/TechQA-RAG-Eval/corpus/swg22010419.txt,nvidia/TechQA-RAG-Eval,Apache-2.0,dd0b125a644345053b4e93c492b170a673c1a52f55238f331874d1a97f153332
swg22010680,IBM Security Bulletin: Vulnerability in Apache Commons FileUpload affects IBM WebSphere Service Registry and Repository (CVE-2016-1000031) - United States,security-support,restricted,restricted,techqa-proxy-owner,techqa-2025-05-05,hf://nvidia/TechQA-RAG-Eval/corpus/swg22010680.txt,nvidia/TechQA-RAG-Eval,Apache-2.0,3e4ea2ba698dd700d6f18ad49fa17013fc08f76a2fb4897949280da52a6de070
swg22010832,IBM Action required for IBM Integration Bus Hypervisor Edition V9.0 and WebSphere Message Broker Hypervisor Edition V8.0 for security vulnerabilities in Red Hat Linux - United States,security-support,restricted,restricted,techqa-proxy-owner,techqa-2025-05-05,hf://nvidia/TechQA-RAG-Eval/corpus/swg22010832.txt,nvidia/TechQA-RAG-Eval,Apache-2.0,6f92a730d56f2852ed467e92f15193a587660f11e6c255c57f81aea007257854
swg22010861,IBM Fix Pack 8.0.0.8 for IBM MQ V8 - United States,engineering-support,internal,engineering,techqa-proxy-owner,techqa-p2-2026-07-18,hf://nvidia/TechQA-RAG-Eval/corpus/swg22010861.txt,nvidia/TechQA-RAG-Eval,Apache-2.0,a481d00adf8591a3710a512543db625fe14f8924bba6df0677b82456df8b36e6
swg22010993,"IBM Security Bulletin: Multiple vulnerabilities affect Java Server Faces (JSF) used by WebSphere Application Server shipped with Jazz for Service Management (CVE-2017-1583, CVE-2011-4343) - United States",security-support,restricted,restricted,techqa-proxy-owner,techqa-2025-05-05,hf://nvidia/TechQA-RAG-Eval/corpus/swg22010993.txt,nvidia/TechQA-RAG-Eval,Apache-2.0,f2cb0b72ab4fc2b369a9c9cd7fac4432908f5de3051d6404f1eebf81299eaacc
swg22011689,IBM Security Bulletin: Apache Commons FileUpload Vulnerabilities in IBM WebSphere MQ File Transfer Edition component (CVE-2016-1000031) - United States,security-support,restricted,restricted,techqa-proxy-owner,techqa-2025-05-05,hf://nvidia/TechQA-RAG-Eval/corpus/swg22011689.txt,nvidia/TechQA-RAG-Eval,Apache-2.0,ad39d7abe41413680e46e51d14917979b66338d1141b6095f5d639e98d3f5fe6
swg22011695,IBM Security Bulletin: IBM Integration Bus is affected by Web UI security vulnerability (CVE-2017-1694) - United States,security-support,restricted,restricted,techqa-proxy-owner,techqa-p2-2026-07-18,hf://nvidia/TechQA-RAG-Eval/corpus/swg22011695.txt,nvidia/TechQA-RAG-Eval,Apache-2.0,ba8de79f1128590b951a10138a32e9484fb04fc417256821c9df57c14c2c8504
swg22011696,IBM Action required for IBM Integration Bus Hypervisor Edition V9.0 and WebSphere Message Broker Hypervisor Edition V8.0 for security vulnerabilities in Red Hat Linux - United States,security-support,restricted,restricted,techqa-proxy-owner,techqa-2025-05-05,hf://nvidia/TechQA-RAG-Eval/corpus/swg22011696.txt,nvidia/TechQA-RAG-Eval,Apache-2.0,22691e476bc255463376ddedf73c3eb860f97cef7cb325ef76c64c6e9a2e7174
swg22012342,IBM Security Bulletin: Information disclosure in WebSphere Application Server Admin Console (CVE-2017-1741) - United States,security-support,restricted,restricted,techqa-proxy-owner,techqa-2025-05-05,hf://nvidia/TechQA-RAG-Eval/corpus/swg22012342.txt,nvidia/TechQA-RAG-Eval,Apache-2.0,c509544b8a4d9b7ba5f43435d48f8e88e5d8fdb31263527de71dc227d602a308
swg22012345,IBM Security Bulletin: Potential Privilege Escalation in WebSphere Application Server Admin Console (CVE-2017-1731) - United States,security-support,restricted,restricted,techqa-proxy-owner,techqa-2025-05-05,hf://nvidia/TechQA-RAG-Eval/corpus/swg22012345.txt,nvidia/TechQA-RAG-Eval,Apache-2.0,3183f6ec3c693960d684b3e877d80387cc548820e0539b3d0749cd779154f452
swg22012983,IBM Security Bulletin: IBM MQ clients connecting to an MQ queue manager can cause a SIGSEGV in the amqrmppa channel process terminating it. (CVE-2018-1371) - United States,security-support,restricted,restricted,techqa-proxy-owner,techqa-p2-2026-07-18,hf://nvidia/TechQA-RAG-Eval/corpus/swg22012983.txt,nvidia/TechQA-RAG-Eval,Apache-2.0,aaffb8b4809920dfec5c965d676c2f0f61c782109e34fc9c53abb66d29d45ad3
swg22012992,IBM Security Bulletin: IBM MQ Clients can send a specially crafted message that could cause a channel to SIGSEGV. (CVE-2017-1747) - United States,security-support,restricted,restricted,techqa-proxy-owner,techqa-p2-2026-07-18,hf://nvidia/TechQA-RAG-Eval/corpus/swg22012992.txt,nvidia/TechQA-RAG-Eval,Apache-2.0,615ffac98db072d443fd2be2b298439963aee6a49a7489deb33f94e01b2c92bb
swg22013054,IBM Security Bulletin: API Connect is affected by a cross-site scripting vulnerability,security-support,restricted,restricted,techqa-proxy-owner,techqa-2025-05-05,hf://nvidia/TechQA-RAG-Eval/corpus/swg22013054.txt,nvidia/TechQA-RAG-Eval,Apache-2.0,fa4424e2d6c1e5c1beadef726fe806921bdfff764e9c3bee28570a5e2a244c41
swg22013088,IBM Security Bulletin: IBM API Connect is affected by Node.js tough-cookie module vulnerability to a denial of service (CVE-2016-1000232) - United States,security-support,restricted,restricted,techqa-proxy-owner,techqa-2025-05-05,hf://nvidia/TechQA-RAG-Eval/corpus/swg22013088.txt,nvidia/TechQA-RAG-Eval,Apache-2.0,fc2355188714bfa3632119569731ca06bac87978a12e650c4ca4ce9a9d4e3b9d
swg22013168,IBM Security Bulletin: API Connect is affected by a Node.js denial of service vulnerability (CVE-2017-14919) - United States,security-support,restricted,restricted,techqa-proxy-owner,techqa-p2-2026-07-18,hf://nvidia/TechQA-RAG-Eval/corpus/swg22013168.txt,nvidia/TechQA-RAG-Eval,Apache-2.0,782a68884d9a635cefc5b281c32227321477f0507f48c5091c28dc96530c29d6
swg22013294,IBM Access and download SPSS software - United States,operations-support,internal,operations,techqa-proxy-owner,techqa-p2-2026-07-18,hf://nvidia/TechQA-RAG-Eval/corpus/swg22013294.txt,nvidia/TechQA-RAG-Eval,Apache-2.0,09a469b56472a6b1c40bea9dd30d2d48d7eead6f76aee6ed26a7c66869890fe7
swg22013955,IBM Security Bulletin: Multiple Vulnerabilities identified in IBM® Java SDK affect WebSphere Service Registry and Repository and WebSphere Service Registry and Repository Studio - United States,security-support,restricted,restricted,techqa-proxy-owner,techqa-2025-05-05,hf://nvidia/TechQA-RAG-Eval/corpus/swg22013955.txt,nvidia/TechQA-RAG-Eval,Apache-2.0,52d236a91c55f7d7c2a27e2c594bbf0c9a524ba5803caea15159388da422a0cc
swg22014367,IBM Security Bulletin: Vulnerabilities in OpenSSL affect WebSphere MQ 5.3 and MQ 8 for HPE NonStop Server (CVE-2017-3735) - United States,security-support,restricted,restricted,techqa-proxy-owner,techqa-2025-05-05,hf://nvidia/TechQA-RAG-Eval/corpus/swg22014367.txt,nvidia/TechQA-RAG-Eval,Apache-2.0,5433184a10615bba3a7298805dfe6f50ed8b4402588fb3a3ae6b86572b6d793b
swg22015103,IBM Fix Pack 8.0.0.9 for WebSphere MQ v8 - United States,engineering-support,internal,engineering,techqa-proxy-owner,techqa-p2-2026-07-18,hf://nvidia/TechQA-RAG-Eval/corpus/swg22015103.txt,nvidia/TechQA-RAG-Eval,Apache-2.0,dd2abb5e63a72e15654ba34c336301dfe770e53365cb1717e32380c6f8954fa4
swg24006386,IBM MS81: WebSphere MQ Internet Pass-Thru - United States,security-support,restricted,restricted,techqa-proxy-owner,techqa-p2-2026-07-18,hf://nvidia/TechQA-RAG-Eval/corpus/swg24006386.txt,nvidia/TechQA-RAG-Eval,Apache-2.0,3263c97940bd57cc020d7a29d1329b8aaffe48daea6752ae6ac21f02cbf63cbe
swg24017225,IBM IA9Z:  WebSphere Message Broker - Job Execution Node - United States,engineering-support,internal,engineering,techqa-proxy-owner,techqa-p2-2026-07-18,hf://nvidia/TechQA-RAG-Eval/corpus/swg24017225.txt,nvidia/TechQA-RAG-Eval,Apache-2.0,ebcc2377f41ba664b9b1dc1b8dc9ba42e3e6b0a6f350bd7d58af445d6746e83f
swg24027476,IBM Required WebSphere Interim Fixes for WebSphere Portal V6.1.0.5 and 6.1.5.2 - United States,security-support,restricted,restricted,techqa-proxy-owner,techqa-p2-2026-07-18,hf://nvidia/TechQA-RAG-Eval/corpus/swg24027476.txt,nvidia/TechQA-RAG-Eval,Apache-2.0,04d0af2a1f9d255d6b78746501c116351a3d9ec9258dd801ff588aa4f6cba4f4
swg24027857,IBM Recommended Updates for WebSphere Portal and IBM Web Content Manager V7.0 - United States,engineering-support,internal,engineering,techqa-proxy-owner,techqa-p2-2026-07-18,hf://nvidia/TechQA-RAG-Eval/corpus/swg24027857.txt,nvidia/TechQA-RAG-Eval,Apache-2.0,1a13c9f4ee94de419e45ce22f0d8321c5d8d714af8b060e94aede8c011a0e0d4
swg24029137,IBM Required WebSphere Interim Fixes for WebSphere Portal V7.0.0.1 - United States,engineering-support,internal,engineering,techqa-proxy-owner,techqa-p2-2026-07-18,hf://nvidia/TechQA-RAG-Eval/corpus/swg24029137.txt,nvidia/TechQA-RAG-Eval,Apache-2.0,0db96c5950e60ddfc8ee201cce7d6245c9820aa176099a2f2c791f9ab4abc21e
swg24031230,IBM Version 7.5 Refresh Pack 1 for the IBM Business Process Manager products - United States,security-support,restricted,restricted,techqa-proxy-owner,techqa-p2-2026-07-18,hf://nvidia/TechQA-RAG-Eval/corpus/swg24031230.txt,nvidia/TechQA-RAG-Eval,Apache-2.0,49d27593a200704c4cac7f2f7dfb94667993d4f02a0f535af6c7f397d81d1079
swg24031674,"IBM Download Parascript FieldScript for IBM Datacap Taskmaster Capture V8.0.1, V8.1.0, and IBM Datacap V9.0.0. - United States",engineering-support,internal,engineering,techqa-proxy-owner,techqa-p2-2026-07-18,hf://nvidia/TechQA-RAG-Eval/corpus/swg24031674.txt,nvidia/TechQA-RAG-Eval,Apache-2.0,c10ca2bbf244a1ec8359b7f6b2eb9ba293acb4f2d6261153045c5ec9b6d8b20f
swg24032010,IBM IAM9:  Message Broker – WebSphere Decision Service Node - United States,engineering-support,internal,engineering,techqa-proxy-owner,techqa-2025-05-05,hf://nvidia/TechQA-RAG-Eval/corpus/swg24032010.txt,nvidia/TechQA-RAG-Eval,Apache-2.0,aa86bf0fad1442580fa17bc0207deeb2e30d9c27bf9c5a3c7dba2d7b6cfffc49
swg24033777,IBM Version 8.0 Refresh Pack 1 for the IBM Business Process Manager products - United States,engineering-support,internal,engineering,techqa-proxy-owner,techqa-p2-2026-07-18,hf://nvidia/TechQA-RAG-Eval/corpus/swg24033777.txt,nvidia/TechQA-RAG-Eval,Apache-2.0,d98157f3c24584bc0b30e636e0d767655f6603d3f9b9fd4bf28573a3fad14ca3
swg24034421,IBM Switching Business Process Choreographer Explorer back to using HTTP from HTTPS - United States,security-support,restricted,restricted,techqa-proxy-owner,techqa-p2-2026-07-18,hf://nvidia/TechQA-RAG-Eval/corpus/swg24034421.txt,nvidia/TechQA-RAG-Eval,Apache-2.0,14e06705097aaea68cba6a35b549b353831ffc95e7d7f66fbeddccdbb3b76a99
swg24035040,IBM Rational Host Access Transformation Services 9.0 - United States,engineering-support,internal,engineering,techqa-proxy-owner,techqa-2025-05-05,hf://nvidia/TechQA-RAG-Eval/corpus/swg24035040.txt,nvidia/TechQA-RAG-Eval,Apache-2.0,1f7d06ff7463552d90ff4372e32c1eb69f183f49edafd86deef3b1489a0dc8f1
swg24035571,IBM ITCAM Extended Agent for Oracle Database: 6.3.1-TIV-ITM_EXT-FP0002 - United States,engineering-support,internal,engineering,techqa-proxy-owner,techqa-p2-2026-07-18,hf://nvidia/TechQA-RAG-Eval/corpus/swg24035571.txt,nvidia/TechQA-RAG-Eval,Apache-2.0,7fc3c03ed782e155ccec86813e9f3fe8b8b17bd20d6d5c0c36a7545407b3581e
swg24037612,IBM Recommended interim fixes for IBM Business Process Manager V8.5 Refresh Pack 5 - United States,engineering-support,internal,engineering,techqa-proxy-owner,techqa-p2-2026-07-18,hf://nvidia/TechQA-RAG-Eval/corpus/swg24037612.txt,nvidia/TechQA-RAG-Eval,Apache-2.0,c7902ea1733efd66035284952810619699e796f0852e90739bacc8b3ea1838f8
swg24037641,IBM Packaging Utility 1.8 - United States,engineering-support,internal,engineering,techqa-proxy-owner,techqa-p2-2026-07-18,hf://nvidia/TechQA-RAG-Eval/corpus/swg24037641.txt,nvidia/TechQA-RAG-Eval,Apache-2.0,fc57a9f1b3011ac6d94e82d523f41b21cdc4c754350e0ee1c62507eb21fd5199
swg24037734,IBM Download Version 8.0.1 Fix Pack 3 for the IBM Business Process Manager products - United States,engineering-support,internal,engineering,techqa-proxy-owner,techqa-p2-2026-07-18,hf://nvidia/TechQA-RAG-Eval/corpus/swg24037734.txt,nvidia/TechQA-RAG-Eval,Apache-2.0,df18c63cb0fab16078b9ea3be14dcd7af807575f2761dd1af5467a71b10df51c
swg24039150,"IBM ITCAM Agent for SAP Applications, 7.1.1.1-TIV-ITM_SAP-IF0001 - United States",security-support,restricted,restricted,techqa-proxy-owner,techqa-p2-2026-07-18,hf://nvidia/TechQA-RAG-Eval/corpus/swg24039150.txt,nvidia/TechQA-RAG-Eval,Apache-2.0,5d14956e2b27295cca12074a7d80b7d3cf1bdfa4d86ab79bc8d9512e06576647
swg24039229,IBM Monitoring for Virtual Environments: VMware VI 7.2.0.2-TIV-ITM_VMWVI_RPT-IF0001 - United States,engineering-support,internal,engineering,techqa-proxy-owner,techqa-p2-2026-07-18,hf://nvidia/TechQA-RAG-Eval/corpus/swg24039229.txt,nvidia/TechQA-RAG-Eval,Apache-2.0,c7519525a3476c90d610e7ba8fc851bade6ea1dca46504cd156cbac33745ade9
swg24039235,IBM Operational Decision Manager V8.5.1.2 Fix Pack - United States,engineering-support,internal,engineering,techqa-proxy-owner,techqa-2025-05-05,hf://nvidia/TechQA-RAG-Eval/corpus/swg24039235.txt,nvidia/TechQA-RAG-Eval,Apache-2.0,7e1f25dac32194a189b53835a37a91c9f465417340905875c9776c93caacc1e2
swg24039742,IBM Tivoli Business Service Manager V6.1.1 Fix Pack 3(6.1.1-TIV-BSM-FP0003) - United States,security-support,restricted,restricted,techqa-proxy-owner,techqa-2025-05-05,hf://nvidia/TechQA-RAG-Eval/corpus/swg24039742.txt,nvidia/TechQA-RAG-Eval,Apache-2.0,af0f8b8cae543c4c62db26f0be61bd63ee34b4f93db02093508f8d97a4e32399
swg24040117,IBM Download IBM Integration Bus Healthcare Pack V4.0 - United States,engineering-support,internal,engineering,techqa-proxy-owner,techqa-p2-2026-07-18,hf://nvidia/TechQA-RAG-Eval/corpus/swg24040117.txt,nvidia/TechQA-RAG-Eval,Apache-2.0,e543fbe1246759e2a30bfe3598d4a6b98b734fd133e8ab91befa18b2731c6f66
swg24040390,IBM Tivoli Monitoring 6.3.0 Fix Pack 6 (6.3.0-TIV-ITM-FP0006) - United States,security-support,restricted,restricted,techqa-proxy-owner,techqa-p2-2026-07-18,hf://nvidia/TechQA-RAG-Eval/corpus/swg24040390.txt,nvidia/TechQA-RAG-Eval,Apache-2.0,4f4ebd82e830a144e68a1556e83945024345c195827686d26b11fc0dc6be7667
swg24041224,IBM Downloading IBM SPSS Statistics 24 - United States,security-support,restricted,restricted,techqa-proxy-owner,techqa-p2-2026-07-18,hf://nvidia/TechQA-RAG-Eval/corpus/swg24041224.txt,nvidia/TechQA-RAG-Eval,Apache-2.0,b988a9a971509ef0779c9ea5983178a4226e9ccc6519bd6a225e3af17c8c0ac6
swg24041303,IBM Version 8.5.6.0 Cumulative Fix 2 for the IBM Business Process Manager products - United States,engineering-support,internal,engineering,techqa-proxy-owner,techqa-p2-2026-07-18,hf://nvidia/TechQA-RAG-Eval/corpus/swg24041303.txt,nvidia/TechQA-RAG-Eval,Apache-2.0,c1f70df5bd30bda78d04fc2cd39fb8566eeedf0a595d287158b02158f139ad37
swg24041394,"IBM PI50993:Apache HTTPComponents vulnerabilities in WebSphere Application Server (CVE-2012-6153, CVE-2014-3577) - United States",security-support,restricted,restricted,techqa-proxy-owner,techqa-2025-05-05,hf://nvidia/TechQA-RAG-Eval/corpus/swg24041394.txt,nvidia/TechQA-RAG-Eval,Apache-2.0,109cc720386225fcd5f7ce3fc3bfa0ffd21fbc2093d02850881b4b1f7865d9f9
swg24041563,IBM ITCAM Agent for WebSphere DataPower Applications: 7.1.0-TIV-ITM_WDP-FP0003 - United States,security-support,restricted,restricted,techqa-proxy-owner,techqa-2025-05-05,hf://nvidia/TechQA-RAG-Eval/corpus/swg24041563.txt,nvidia/TechQA-RAG-Eval,Apache-2.0,c6e8b681060c666508dc702eeb8cd2e093245b96d82e480de4e759c38b5f1ec1
swg24041964,IBM PI53566:on demand router memory leak when upgrading applications under load - United States,engineering-support,internal,engineering,techqa-proxy-owner,techqa-p2-2026-07-18,hf://nvidia/TechQA-RAG-Eval/corpus/swg24041964.txt,nvidia/TechQA-RAG-Eval,Apache-2.0,064ae729f3437856f16ce0196dd5333aada071b657128126042c713f7b82be2d
swg24041994,IBM ITCAM for Microsoft (R) App : SQL Server 6.3.1.8-TIV-ITM_SQL-IF0001 - United States,engineering-support,internal,engineering,techqa-proxy-owner,techqa-p2-2026-07-18,hf://nvidia/TechQA-RAG-Eval/corpus/swg24041994.txt,nvidia/TechQA-RAG-Eval,Apache-2.0,7b887df0b7327c4379b924ef184c5095a060ba55e0419117580260b1abdb36df
swg24042177,IBM WebSphere Application Server 7.0 Test Environment Extension 7.0.0.41 - United States,engineering-support,internal,engineering,techqa-proxy-owner,techqa-2025-05-05,hf://nvidia/TechQA-RAG-Eval/corpus/swg24042177.txt,nvidia/TechQA-RAG-Eval,Apache-2.0,6091ad5d13fd774380d63bf87d8891019b1f1aa9d91595e25cb252279312343c
swg24042191,IBM Download Jazz for Service Management Version 1.1.3.0 - United States,engineering-support,internal,engineering,techqa-proxy-owner,techqa-2025-05-05,hf://nvidia/TechQA-RAG-Eval/corpus/swg24042191.txt,nvidia/TechQA-RAG-Eval,Apache-2.0,6651280123eaf1d28564e71a9d8803f84af452f16c6c4da3b43ba358ebf14f63
swg24042283,IBM Tivoli Monitoring: HMC Base Agent 6.2.2.3-TIV-ITM_HMC_BASE-IF0004 - United States,security-support,restricted,restricted,techqa-proxy-owner,techqa-p2-2026-07-18,hf://nvidia/TechQA-RAG-Eval/corpus/swg24042283.txt,nvidia/TechQA-RAG-Eval,Apache-2.0,cd56617b44bba36fe35015958080d26e8845b43adb0ad43f811a856033ed5018
swg24042387,IBM Content Collector V4.0.1 Fix Pack 3 - United States,security-support,restricted,restricted,techqa-proxy-owner,techqa-p2-2026-07-18,hf://nvidia/TechQA-RAG-Eval/corpus/swg24042387.txt,nvidia/TechQA-RAG-Eval,Apache-2.0,dcc5c241e44f78ba83b3337ee3c49eff6edf6c9d093ebc53607ed4e519168edd
swg24042656,"IBM Download IBM Tivoli Network Manager IP Edition Version 4.2.0.1 for AIX, Linux - United States",engineering-support,internal,engineering,techqa-proxy-owner,techqa-p2-2026-07-18,hf://nvidia/TechQA-RAG-Eval/corpus/swg24042656.txt,nvidia/TechQA-RAG-Eval,Apache-2.0,0f4ecc2642646b0b30d1d5e7fdf05bc256eb63feefe82a3210650ac1e4559eee
swg24042833,IBM PI69518:group search fails with a classcast exception after upgrade to 8.5.5.10 - United States,security-support,restricted,restricted,techqa-proxy-owner,techqa-2025-05-05,hf://nvidia/TechQA-RAG-Eval/corpus/swg24042833.txt,nvidia/TechQA-RAG-Eval,Apache-2.0,52c50a8124f2aca3b6b0ff11f2bdea3a693a9a94df31c90ec91f1e4c170efd14
swg24043057,IBM ITCAM Agents for WebSphere Messaging Version 7.3.0 Fix Pack 02 (7.3.0-TIV-XEforMsg-FP0002) - United States,engineering-support,internal,engineering,techqa-proxy-owner,techqa-2025-05-05,hf://nvidia/TechQA-RAG-Eval/corpus/swg24043057.txt,nvidia/TechQA-RAG-Eval,Apache-2.0,e01e3246aaa8e5cb738865b4a49f24c0d4c931263af0b9906f5d158990d06f3c
swg24043263,"IBM Tivoli Log File Agent, Version 6.3.0 Fix Pack 02 (6.3.0-TIV-ITM_LFA-FP0002) - United States",security-support,restricted,restricted,techqa-proxy-owner,techqa-p2-2026-07-18,hf://nvidia/TechQA-RAG-Eval/corpus/swg24043263.txt,nvidia/TechQA-RAG-Eval,Apache-2.0,0f3b826a4dcff167d4f77f96efbf85754f6fc91775679c8438e0442add4faecd
swg24043574,IBM SPSS Statistics 24.0 Fix Pack 2 - United States,security-support,restricted,restricted,techqa-proxy-owner,techqa-p2-2026-07-18,hf://nvidia/TechQA-RAG-Eval/corpus/swg24043574.txt,nvidia/TechQA-RAG-Eval,Apache-2.0,21c0b7e36ad76c3843f679a80bb67a0eadb0b68b3255bdd4f6b6a443e9767dfb
swg24043575,"IBM Tivoli Network Manager IP Edition 4.2.0 Fix Pack 3, 4.2.0-TIV-ITNMIP-FP0003 - United States",engineering-support,internal,engineering,techqa-proxy-owner,techqa-p2-2026-07-18,hf://nvidia/TechQA-RAG-Eval/corpus/swg24043575.txt,nvidia/TechQA-RAG-Eval,Apache-2.0,a0bf612a7949a2d52fc153ca56453b54a19ebef4fa6c51f29f4f8a0c964d18b3
swg24044440,IBM Tivoli Composite Application Manager for Applications 721 FP2: Monitoring Agent for Sybase Server 620 FP2 (6.2.0-TIV-ITM_SYB-FP0002) - United States,security-support,restricted,restricted,techqa-proxy-owner,techqa-p2-2026-07-18,hf://nvidia/TechQA-RAG-Eval/corpus/swg24044440.txt,nvidia/TechQA-RAG-Eval,Apache-2.0,376320f0151527c1b11748f1671af1153047bee74b64e45ea942e06d9093f9c6
swg24044840,IBM ITCAM  for Microsoft (R) App : SQL Server 6.3.1.13-TIV-ITM_SQL-IF0001 - United States,security-support,restricted,restricted,techqa-proxy-owner,techqa-p2-2026-07-18,hf://nvidia/TechQA-RAG-Eval/corpus/swg24044840.txt,nvidia/TechQA-RAG-Eval,Apache-2.0,2713dade11f8841ac95c5d707689e76bf6c0a77e31907b7720a4ce30e52ae401
swg27006041,IBM Recommended fixes for IBM Integration Bus and WebSphere Message Broker - United States,operations-support,internal,operations,techqa-proxy-owner,techqa-p2-2026-07-18,hf://nvidia/TechQA-RAG-Eval/corpus/swg27006041.txt,nvidia/TechQA-RAG-Eval,Apache-2.0,81275423bca26f599c8e1e559ca4aa69e15ad41f29bc8e90f4e98aed9154651b
swg27012957,IBM WebSphere Portal Support Statement Addendum - Unsupported Products - United States,engineering-support,internal,engineering,techqa-proxy-owner,techqa-p2-2026-07-18,hf://nvidia/TechQA-RAG-Eval/corpus/swg27012957.txt,nvidia/TechQA-RAG-Eval,Apache-2.0,9fa509dd155bd44038fb8e62713f6f2520e68499dcf3335cdb16730336b738a8
swg27016293,IBM WebSphere Portal Support Statement Addendum - Web browsers - United States,operations-support,internal,operations,techqa-proxy-owner,techqa-p2-2026-07-18,hf://nvidia/TechQA-RAG-Eval/corpus/swg27016293.txt,nvidia/TechQA-RAG-Eval,Apache-2.0,21fef4cbc0bbeae23aa3c8052762967bf50672e910d54f802dc1c8160753297d
swg27019359,IBM WebSphere Portal V6.1.0.5 and V6.1.5.2 hardware and software requirements - AIX - United States,security-support,restricted,restricted,techqa-proxy-owner,techqa-2025-05-05,hf://nvidia/TechQA-RAG-Eval/corpus/swg27019359.txt,nvidia/TechQA-RAG-Eval,Apache-2.0,836105be50f0e1ea5bfcd5b6196859d75f7bd6eedc3db2a0820d65995a2422ca
swg27020885,IBM WebSphere Portal V7.0.0.2 hardware and software requirements - United States,security-support,restricted,restricted,techqa-proxy-owner,techqa-2025-05-05,hf://nvidia/TechQA-RAG-Eval/corpus/swg27020885.txt,nvidia/TechQA-RAG-Eval,Apache-2.0,f9950e2b862d192b9bc93bdfe1c5a94c2b54a5da3b0581be0176cb11df3a6ba8
swg27021012,"IBM WebSphere Adapter for JD Edwards, Version 7.5 system requirements - United States",security-support,restricted,restricted,techqa-proxy-owner,techqa-2025-05-05,hf://nvidia/TechQA-RAG-Eval/corpus/swg27021012.txt,nvidia/TechQA-RAG-Eval,Apache-2.0,efedea6d749e802f5f1d55602d27a5881adeb61a7fd96975c3068378c8555631
swg27021665,"IBM Benefits, requirements, limitations, and known issues for Rational Software Architect products running as 64-bit applications starting from v8.0.3 - United States",engineering-support,internal,engineering,techqa-proxy-owner,techqa-p2-2026-07-18,hf://nvidia/TechQA-RAG-Eval/corpus/swg27021665.txt,nvidia/TechQA-RAG-Eval,Apache-2.0,e183f1c2584ea4320d9616af2a402ddc2d53f36ff55979a50dec2546cb6e2933
swg27022299,IBM Recommended Fixes for IBM Business Process Manager V7.5.x products - United States,engineering-support,internal,engineering,techqa-proxy-owner,techqa-p2-2026-07-18,hf://nvidia/TechQA-RAG-Eval/corpus/swg27022299.txt,nvidia/TechQA-RAG-Eval,Apache-2.0,300896743231331a760383c756f0851e8fbae31f5a1d50863f176f52b8ed8fd7
swg27023007,IBM Business Process Manager Standard detailed system requirements - United States,engineering-support,internal,engineering,techqa-proxy-owner,techqa-p2-2026-07-18,hf://nvidia/TechQA-RAG-Eval/corpus/swg27023007.txt,nvidia/TechQA-RAG-Eval,Apache-2.0,a87de800ccd36146d65d49746239230c27730ecc24965f8b1dfd47b2bd71043e
swg27023009,IBM Business Process Manager Tools & Add-Ons detailed system requirements - United States,engineering-support,internal,engineering,techqa-proxy-owner,techqa-p2-2026-07-18,hf://nvidia/TechQA-RAG-Eval/corpus/swg27023009.txt,nvidia/TechQA-RAG-Eval,Apache-2.0,c870c01d6aa96624aa1d5e054270308044211bf03ae02169667b158e83e8bc86
swg27023600,IBM WebSphere Message Broker Version 8.0 Readme - United States,security-support,restricted,restricted,techqa-proxy-owner,techqa-2025-05-05,hf://nvidia/TechQA-RAG-Eval/corpus/swg27023600.txt,nvidia/TechQA-RAG-Eval,Apache-2.0,4efc6812256f53fe2a749db04bdea6cb9571832fa39d6ec5a5f8a4cb1d2536ca
swg27023805,"IBM Recommended WebDAV clients for accessing IBM WebSphere Portal version 8.5, 8.0, and 7.0.0.2 - United States",engineering-support,internal,engineering,techqa-proxy-owner,techqa-p2-2026-07-18,hf://nvidia/TechQA-RAG-Eval/corpus/swg27023805.txt,nvidia/TechQA-RAG-Eval,Apache-2.0,527b3fb9cdafad1448314143db53224e08da9c747980cc0250ed1b61b965aa13
swg27023910,IBM WebSphere Portal 7.0.0.2  Combined Cumulative Fix Readme - stand-alone - United States,security-support,restricted,restricted,techqa-proxy-owner,techqa-2025-05-05,hf://nvidia/TechQA-RAG-Eval/corpus/swg27023910.txt,nvidia/TechQA-RAG-Eval,Apache-2.0,fb719fd10e455ec15911bc9e1fbb683659bc5f5cbcec60393670830f950a7169
swg27025142,IBM Installation Manager and Packaging Utility download documents - United States,engineering-support,internal,engineering,techqa-proxy-owner,techqa-p2-2026-07-18,hf://nvidia/TechQA-RAG-Eval/corpus/swg27025142.txt,nvidia/TechQA-RAG-Eval,Apache-2.0,c3777ca01318794bafb8b902123c368509ffc9b5b198b279954597efde18074b
swg27035840,"IBM To run Parascript FieldScript V8.0.1 with Datacap Taskmaster Capture V8.1.0 or Datacap V9.0.0, you must update the ICR_P.rrx file - United States",engineering-support,internal,engineering,techqa-proxy-owner,techqa-p2-2026-07-18,hf://nvidia/TechQA-RAG-Eval/corpus/swg27035840.txt,nvidia/TechQA-RAG-Eval,Apache-2.0,2d4af7f0c42f4e279151ed9923512101764c03e664fb956660e7ba209d9d680e
swg27035841,IBM Datacap Taskmaster Capture 8.1.0 Language Support - United States,engineering-support,internal,engineering,techqa-proxy-owner,techqa-p2-2026-07-18,hf://nvidia/TechQA-RAG-Eval/corpus/swg27035841.txt,nvidia/TechQA-RAG-Eval,Apache-2.0,658a23203e05abc53912277c8b228be42c3c5b91c56df7f88298c7f372ad371e
swg27036410,IBM Fix list for IBM HTTP Server Version 8.5 - United States,security-support,restricted,restricted,techqa-proxy-owner,techqa-2025-05-05,hf://nvidia/TechQA-RAG-Eval/corpus/swg27036410.txt,nvidia/TechQA-RAG-Eval,Apache-2.0,f9d6a6f30d55b2b257ae762db81499229ff56db9615ac906b8c5b7f8d9f13524
swg27038676,IBM Levels of JRE and GSkit bundled with IBM MQ - United States,security-support,restricted,restricted,techqa-proxy-owner,techqa-2025-05-05,hf://nvidia/TechQA-RAG-Eval/corpus/swg27038676.txt,nvidia/TechQA-RAG-Eval,Apache-2.0,57320440a8da80c58ce3373a95a1ece5cf1c458362764fe498423b35dc1c95fc
swg27038779,IBM Availability of features in the 64-bit version of Rational Rhapsody (8.0.3 and later) - United States,engineering-support,internal,engineering,techqa-proxy-owner,techqa-p2-2026-07-18,hf://nvidia/TechQA-RAG-Eval/corpus/swg27038779.txt,nvidia/TechQA-RAG-Eval,Apache-2.0,f6bdff619dd980408408913d02f2479f3c8dcc065462f84f17c34a4692260f54
swg27040251,IBM Differences between Rational Rhapsody 8.0 Statecharts and UML 2.4.1 Behavior State Machine - United States,operations-support,internal,operations,techqa-proxy-owner,techqa-p2-2026-07-18,hf://nvidia/TechQA-RAG-Eval/corpus/swg27040251.txt,nvidia/TechQA-RAG-Eval,Apache-2.0,fb8dbf9ac020c0edaaf988d5da938fa7679170b662e43a4172d755f978a35d3d
swg27041395,IBM System Requirements for WebSphere MQ V8.0 - United States,security-support,restricted,restricted,techqa-proxy-owner,techqa-2025-05-05,hf://nvidia/TechQA-RAG-Eval/corpus/swg27041395.txt,nvidia/TechQA-RAG-Eval,Apache-2.0,033080129a50566b7e48b1a49209500ccaeda143523b6bd6d3c321b02b7446dd
swg27042065,IBM Installation instructions for IBM Business Process Manager Version 8.5 Refresh Pack 5 - United States,engineering-support,internal,engineering,techqa-proxy-owner,techqa-p2-2026-07-18,hf://nvidia/TechQA-RAG-Eval/corpus/swg27042065.txt,nvidia/TechQA-RAG-Eval,Apache-2.0,f7b1641d69251fdaa3691dc80c8bbbfdf8d6785bbc75850b067a7d3f9734bf3a
swg27042658,IBM Prerequisites for IBM Content Collector Version 4.0.1 - United States,security-support,restricted,restricted,techqa-proxy-owner,techqa-2025-05-05,hf://nvidia/TechQA-RAG-Eval/corpus/swg27042658.txt,nvidia/TechQA-RAG-Eval,Apache-2.0,c1f9700fd794f35648f0eeeb3f25e707b6b3c50fb84add0a7ee966372a05f64e
swg27042940,"IBM Content Navigator known issue: In a SPNEGO/Kerberos Single sign-on environment, IBM Content Navigator the Log Out option is enabled - United States",engineering-support,internal,engineering,techqa-proxy-owner,techqa-p2-2026-07-18,hf://nvidia/TechQA-RAG-Eval/corpus/swg27042940.txt,nvidia/TechQA-RAG-Eval,Apache-2.0,33df4620daaf0f825a4bde75ddf43b2f8e2f42e30a560364005a7af61859df62
swg27043856,IBM Datacap Version 9.0.0 publication library - United States,engineering-support,internal,engineering,techqa-proxy-owner,techqa-p2-2026-07-18,hf://nvidia/TechQA-RAG-Eval/corpus/swg27043856.txt,nvidia/TechQA-RAG-Eval,Apache-2.0,bbf6336c2a839378d7095a42ce0208dc5f1f40c1331ea994c1830fa9376ccf35
swg27044407,IBM PureApplication System Release Note: Some component attributes are not available to configure during pattern deployment - United States,engineering-support,internal,engineering,techqa-proxy-owner,techqa-p2-2026-07-18,hf://nvidia/TechQA-RAG-Eval/corpus/swg27044407.txt,nvidia/TechQA-RAG-Eval,Apache-2.0,4ebe0592fa6b8d0c4ddb4bcbdc20ec5878363950dc2247c6965b283cf45e17e8
swg27045176,"IBM System requirements for IBM Data Server Manager, version 1.1.2 - United States",engineering-support,internal,engineering,techqa-proxy-owner,techqa-p2-2026-07-18,hf://nvidia/TechQA-RAG-Eval/corpus/swg27045176.txt,nvidia/TechQA-RAG-Eval,Apache-2.0,4500be2fb5719be94d93cbc54e025479e78c6a2f7fc603e5679e9b7955d8df4d
swg27045339,IBM WebSphere SDK Java Technology Edition 8.0 Minimum Supported Operating Systems - United States,engineering-support,internal,engineering,techqa-proxy-owner,techqa-2025-05-05,hf://nvidia/TechQA-RAG-Eval/corpus/swg27045339.txt,nvidia/TechQA-RAG-Eval,Apache-2.0,7bda7aa44e461ac33630e50ad9e72f0887054b59fce7828be22de5f9ad4a5277
swg27046040,IBM Integration Bus Healthcare Pack V4.0 release notes - United States,engineering-support,internal,engineering,techqa-proxy-owner,techqa-2025-05-05,hf://nvidia/TechQA-RAG-Eval/corpus/swg27046040.txt,nvidia/TechQA-RAG-Eval,Apache-2.0,b2e86d3b2a114a1c8db8b5f7cb2aa2895035bfec8a2dc97e58e321d330e92c57
swg27046675,IBM Known limitation: You cannot add people to a matter request if there are more than 1000 people selected in the clipboard. - United States,operations-support,internal,operations,techqa-proxy-owner,techqa-p2-2026-07-18,hf://nvidia/TechQA-RAG-Eval/corpus/swg27046675.txt,nvidia/TechQA-RAG-Eval,Apache-2.0,d070bbe5fbccfd24448c69cfb841036c5229c7ead41c6f86ce7eae7db62d8153
swg27046676,"IBM When importing a projects.csv file, the COORDINATOR column must be in the loginId:Role format. - United States",operations-support,internal,operations,techqa-proxy-owner,techqa-p2-2026-07-18,hf://nvidia/TechQA-RAG-Eval/corpus/swg27046676.txt,nvidia/TechQA-RAG-Eval,Apache-2.0,625597d88040dc9ac40e5ea70247f179ff6e0dca3b10214b61db8f1d9a4f8556
swg27047057,IBM Release notes - IBM SPSS Statistics 24.0 - United States,engineering-support,internal,engineering,techqa-proxy-owner,techqa-p2-2026-07-18,hf://nvidia/TechQA-RAG-Eval/corpus/swg27047057.txt,nvidia/TechQA-RAG-Eval,Apache-2.0,9a122876e2fa4ecbbd31a5189c121ffb965bb7f9b73daf5f1e303b45505d0669
swg27047895,IBM Datacap 9.0.1 FP1 - Readme doc - United States,engineering-support,internal,engineering,techqa-proxy-owner,techqa-p2-2026-07-18,hf://nvidia/TechQA-RAG-Eval/corpus/swg27047895.txt,nvidia/TechQA-RAG-Eval,Apache-2.0,bcc230c2ea811bc9d52d9386135eca78753661978f6ea81c2217ef087fb8c49e
swg27048115,"IBM System requirements for IBM Data Server Manager, version 2.1 - United States",engineering-support,internal,engineering,techqa-proxy-owner,techqa-p2-2026-07-18,hf://nvidia/TechQA-RAG-Eval/corpus/swg27048115.txt,nvidia/TechQA-RAG-Eval,Apache-2.0,7bf5043e74943c29ea6a1b5a80aaee844e1dc948498325efc3be2ef1b5efc6f4
swg27048240,"IBM Readme for IBM WebSphere MQ for HP NonStop Server, Version 5.3.1, Fix Pack 12 - United States",security-support,restricted,restricted,techqa-proxy-owner,techqa-p2-2026-07-18,hf://nvidia/TechQA-RAG-Eval/corpus/swg27048240.txt,nvidia/TechQA-RAG-Eval,Apache-2.0,15f84e268ebef7805ec14761f2e6c30e8fc04985d62a766663be7760b463b615
swg27048530,IBM Software maintenance strategy for CICS TS and its embedded components - United States,engineering-support,internal,engineering,techqa-proxy-owner,techqa-2025-05-05,hf://nvidia/TechQA-RAG-Eval/corpus/swg27048530.txt,nvidia/TechQA-RAG-Eval,Apache-2.0,f2010f94f3e6678b0cde02c5075b06e0606e01379b71379156f813f885d37053
swg27048605,IBM Quick Start Guide for IBM Tivoli Network Manager IP Edition Version 4.2.0.1 (Multilingual) - United States,engineering-support,internal,engineering,techqa-proxy-owner,techqa-p2-2026-07-18,hf://nvidia/TechQA-RAG-Eval/corpus/swg27048605.txt,nvidia/TechQA-RAG-Eval,Apache-2.0,398d1a352feb7e19d11300db77f840c2a2ebe3a8ee9b01dfd9e009546f928af5
swg27048992,IBM What's New in IBM Business Process Manager V8.5.7 Cumulative Fix 2016.12 - United States,security-support,restricted,restricted,techqa-proxy-owner,techqa-p2-2026-07-18,hf://nvidia/TechQA-RAG-Eval/corpus/swg27048992.txt,nvidia/TechQA-RAG-Eval,Apache-2.0,d617b07fc54c1da3a18d2d24827c3bc8a6dc2e5c0402b9eeb269e20a3809f846
swg27049061,IBM Fix list for IBM Content Navigator Version 3.0.0 - United States,security-support,restricted,restricted,techqa-proxy-owner,techqa-p2-2026-07-18,hf://nvidia/TechQA-RAG-Eval/corpus/swg27049061.txt,nvidia/TechQA-RAG-Eval,Apache-2.0,c3ac6d48454f2e9471f61899cf415d6bf68251160c7e7424cf2677d5e8411197
swg27049686,IBM SPSS Statistics 24.0 Fix Pack 2 Fix List - United States,engineering-support,internal,engineering,techqa-proxy-owner,techqa-p2-2026-07-18,hf://nvidia/TechQA-RAG-Eval/corpus/swg27049686.txt,nvidia/TechQA-RAG-Eval,Apache-2.0,c107b885167266fdbfa9e3c417060c85378d9841bc13184f86567767a1f346ad
swg27049903,IBM Java SDKs for WebSphere Liberty - United States,engineering-support,internal,engineering,techqa-proxy-owner,techqa-p2-2026-07-18,hf://nvidia/TechQA-RAG-Eval/corpus/swg27049903.txt,nvidia/TechQA-RAG-Eval,Apache-2.0,ab2e77f217c3860bee2095537b545e2a4303b9cda1cf3387737793a19735ab55
swg27050154,IBM How to make persistent the events for starting and stopping an MQ queue manager - United States,operations-support,internal,operations,techqa-proxy-owner,techqa-p2-2026-07-18,hf://nvidia/TechQA-RAG-Eval/corpus/swg27050154.txt,nvidia/TechQA-RAG-Eval,Apache-2.0,aa426d10ec171bc20d3c740511806c0140beb49461bf006196aefe9d766c5fe6
swg27050456,"IBM Important Information about the WebSphere MQ Configuration Agent, Withdrawn from IBM OMEGAMON for Messaging on z/OS V7.5 - United States",engineering-support,internal,engineering,techqa-proxy-owner,techqa-2025-05-05,hf://nvidia/TechQA-RAG-Eval/corpus/swg27050456.txt,nvidia/TechQA-RAG-Eval,Apache-2.0,50ddb2e73352915f7b294702199267c91c052ac0faff82b64a293830a8b6d42a
swg2C1000132,IBM Cloud Orchestrator (ICO) continues to be a strategic solution for IBM - United States,operations-support,internal,operations,techqa-proxy-owner,techqa-p2-2026-07-18,hf://nvidia/TechQA-RAG-Eval/corpus/swg2C1000132.txt,nvidia/TechQA-RAG-Eval,Apache-2.0,1b8a569d377831af1ea2a84dceecdf6b645152ef2b1d5f595ad67313049834f4
