 Image milvusdb/milvus:v2.5.5 Pulling 
 Image quay.io/coreos/etcd:v3.5.18 Pulling 
 Image minio/minio:latest Pulling 
 01b51d4646ff Pulling fs layer 0B
 28be117d08e0 Pulling fs layer 0B
 Image quay.io/coreos/etcd:v3.5.18 Pulled 
 785a4daac1b2 Pulling fs layer 0B
 0cf5ff510f4d Pulling fs layer 0B
 2b69905c23e1 Pulling fs layer 0B
 7a916c554786 Pulling fs layer 0B
 dff64405c6d1 Pulling fs layer 0B
 7646c8da3324 Pulling fs layer 0B
 dff64405c6d1 Downloading 9.437MB
 785a4daac1b2 Already exists 0B
 7a916c554786 Downloading 8.389MB
 0cf5ff510f4d Downloading 8.389MB
 2b69905c23e1 Already exists 0B
 7646c8da3324 Downloading 9.437MB
 34013573f278 Pulling fs layer 0B
 0288b5a0d7e7 Pulling fs layer 0B
 71e9fc939447 Pulling fs layer 0B
 f9c0805c25ee Pulling fs layer 0B
 1008deaf6ec4 Pulling fs layer 0B
 c1bc68842c41 Pulling fs layer 0B
 c1bc68842c41 Already exists 0B
 0288b5a0d7e7 Already exists 0B
 34013573f278 Already exists 0B
 71e9fc939447 Already exists 0B
 f9c0805c25ee Downloading 9.437MB
 1008deaf6ec4 Downloading 9.437MB
 0cf5ff510f4d Downloading 8.389MB
 7646c8da3324 Downloading 9.437MB
 dff64405c6d1 Downloading 9.437MB
 7a916c554786 Downloading 8.389MB
 f9c0805c25ee Downloading 9.437MB
 1008deaf6ec4 Downloading 9.437MB
 0cf5ff510f4d Downloading 8.389MB
 7646c8da3324 Downloading 9.437MB
 dff64405c6d1 Downloading 9.437MB
 7a916c554786 Downloading 8.389MB
 1008deaf6ec4 Downloading 9.437MB
 f9c0805c25ee Downloading 9.437MB
 0cf5ff510f4d Downloading 9.437MB
 7646c8da3324 Downloading 9.437MB
 dff64405c6d1 Downloading 9.437MB
 7a916c554786 Downloading 9.437MB
 f9c0805c25ee Downloading 9.437MB
 1008deaf6ec4 Downloading 9.437MB
 7a916c554786 Downloading 9.437MB
 0cf5ff510f4d Downloading 9.437MB
 7646c8da3324 Downloading 9.437MB
 dff64405c6d1 Downloading 9.437MB
 f9c0805c25ee Downloading 9.437MB
 1008deaf6ec4 Downloading 9.437MB
 0cf5ff510f4d Downloading 9.437MB
 7646c8da3324 Downloading 9.437MB
 dff64405c6d1 Downloading 9.437MB
 7a916c554786 Downloading 9.437MB
 f9c0805c25ee Downloading 9.437MB
 1008deaf6ec4 Downloading 9.437MB
 dff64405c6d1 Downloading 9.437MB
 7a916c554786 Downloading 9.437MB
 0cf5ff510f4d Downloading 9.437MB
 7646c8da3324 Downloading 9.437MB
 f9c0805c25ee Downloading 9.437MB
 1008deaf6ec4 Downloading 9.437MB
 7a916c554786 Downloading 9.437MB
 0cf5ff510f4d Downloading 9.437MB
 7646c8da3324 Downloading 9.437MB
 dff64405c6d1 Downloading 9.437MB
 f9c0805c25ee Downloading 9.437MB
 1008deaf6ec4 Downloading 9.437MB
 dff64405c6d1 Downloading 9.437MB
 7a916c554786 Downloading 9.437MB
 0cf5ff510f4d Downloading 9.437MB
 7646c8da3324 Downloading 9.437MB
 1008deaf6ec4 Downloading 9.437MB
 f9c0805c25ee Downloading 9.437MB
 7646c8da3324 Downloading 9.437MB
 dff64405c6d1 Downloading 9.437MB
 7a916c554786 Downloading 9.437MB
 0cf5ff510f4d Downloading 9.437MB
 f9c0805c25ee Downloading 9.437MB
 1008deaf6ec4 Downloading 9.437MB
 7646c8da3324 Downloading 9.437MB
 dff64405c6d1 Downloading 9.437MB
 7a916c554786 Downloading 9.437MB
 0cf5ff510f4d Downloading 9.437MB
 f9c0805c25ee Downloading 9.437MB
 1008deaf6ec4 Downloading 9.437MB
 0cf5ff510f4d Downloading 9.437MB
 7646c8da3324 Downloading 9.437MB
 dff64405c6d1 Downloading 9.437MB
 7a916c554786 Downloading 9.437MB
 f9c0805c25ee Downloading 9.437MB
 1008deaf6ec4 Downloading 9.437MB
 7a916c554786 Downloading 9.437MB
 0cf5ff510f4d Downloading 9.437MB
 7646c8da3324 Downloading 9.437MB
 dff64405c6d1 Downloading 9.437MB
 f9c0805c25ee Downloading 9.437MB
 1008deaf6ec4 Downloading 9.437MB
 7646c8da3324 Downloading 9.437MB
 dff64405c6d1 Downloading 9.437MB
 7a916c554786 Downloading 9.437MB
 0cf5ff510f4d Downloading 9.437MB
 f9c0805c25ee Downloading 9.437MB
 1008deaf6ec4 Downloading 9.437MB
 dff64405c6d1 Downloading 9.437MB
 7a916c554786 Downloading 9.437MB
 0cf5ff510f4d Downloading 9.437MB
 7646c8da3324 Downloading 9.437MB
 f9c0805c25ee Downloading 9.437MB
 1008deaf6ec4 Downloading 9.437MB
 7a916c554786 Downloading 9.437MB
 0cf5ff510f4d Downloading 9.437MB
 7646c8da3324 Downloading 9.437MB
 dff64405c6d1 Downloading 9.437MB
 f9c0805c25ee Downloading 9.437MB
 1008deaf6ec4 Downloading 9.437MB
 7a916c554786 Downloading 9.437MB
 0cf5ff510f4d Downloading 9.437MB
 7646c8da3324 Downloading 9.437MB
 dff64405c6d1 Downloading 9.437MB
 f9c0805c25ee Downloading 9.437MB
 1008deaf6ec4 Downloading 9.437MB
 7a916c554786 Downloading 9.437MB
 0cf5ff510f4d Downloading 9.437MB
 7646c8da3324 Downloading 9.437MB
 dff64405c6d1 Downloading 9.437MB
 f9c0805c25ee Downloading 10.49MB
 1008deaf6ec4 Downloading 9.437MB
 7646c8da3324 Downloading 9.437MB
 dff64405c6d1 Downloading 10.49MB
 7a916c554786 Downloading 9.437MB
 0cf5ff510f4d Downloading 9.437MB
 f9c0805c25ee Downloading 10.49MB
 1008deaf6ec4 Downloading 10.49MB
 7a916c554786 Downloading 9.437MB
 0cf5ff510f4d Downloading 9.437MB
 7646c8da3324 Downloading 9.437MB
 dff64405c6d1 Downloading 10.49MB
 f9c0805c25ee Downloading 10.49MB
 1008deaf6ec4 Downloading 10.49MB
 7a916c554786 Downloading 9.437MB
 0cf5ff510f4d Downloading 9.437MB
 7646c8da3324 Downloading 9.437MB
 dff64405c6d1 Downloading 10.49MB
 f9c0805c25ee Downloading 10.49MB
 1008deaf6ec4 Downloading 10.49MB
 7646c8da3324 Downloading 9.437MB
 dff64405c6d1 Downloading 10.49MB
 7a916c554786 Downloading 9.437MB
 0cf5ff510f4d Downloading 9.437MB
 f9c0805c25ee Downloading 10.49MB
 1008deaf6ec4 Downloading 10.49MB
 7646c8da3324 Downloading 9.437MB
 dff64405c6d1 Downloading 10.49MB
 7a916c554786 Downloading 9.437MB
 0cf5ff510f4d Downloading 9.437MB
 f9c0805c25ee Downloading 10.49MB
 1008deaf6ec4 Downloading 10.49MB
 0cf5ff510f4d Downloading 9.437MB
 7646c8da3324 Downloading 9.437MB
 dff64405c6d1 Downloading 10.49MB
 7a916c554786 Downloading 9.437MB
 f9c0805c25ee Downloading 10.49MB
 1008deaf6ec4 Downloading 10.49MB
 0cf5ff510f4d Downloading 9.437MB
 7646c8da3324 Downloading 9.437MB
 dff64405c6d1 Downloading 10.49MB
 7a916c554786 Downloading 9.437MB
 f9c0805c25ee Downloading 10.49MB
 1008deaf6ec4 Downloading 10.49MB
 7a916c554786 Downloading 9.437MB
 0cf5ff510f4d Downloading 9.437MB
 7646c8da3324 Downloading 9.437MB
 dff64405c6d1 Downloading 10.49MB
 f9c0805c25ee Downloading 10.49MB
 1008deaf6ec4 Downloading 10.49MB
 7646c8da3324 Downloading 9.437MB
 dff64405c6d1 Downloading 10.49MB
 7a916c554786 Downloading 9.437MB
 0cf5ff510f4d Downloading 9.437MB
 f9c0805c25ee Downloading 10.49MB
 1008deaf6ec4 Downloading 10.49MB
 7a916c554786 Downloading 9.437MB
 0cf5ff510f4d Downloading 9.437MB
 7646c8da3324 Downloading 9.437MB
 dff64405c6d1 Downloading 10.49MB
 f9c0805c25ee Downloading 10.49MB
 1008deaf6ec4 Downloading 10.49MB
 7a916c554786 Downloading 10.49MB
 0cf5ff510f4d Downloading 10.49MB
 7646c8da3324 Downloading 10.49MB
 dff64405c6d1 Downloading 10.49MB
 f9c0805c25ee Downloading 10.49MB
 1008deaf6ec4 Downloading 10.49MB
 7a916c554786 Downloading 10.49MB
 0cf5ff510f4d Downloading 10.49MB
 7646c8da3324 Downloading 10.49MB
 dff64405c6d1 Downloading 10.49MB
 f9c0805c25ee Downloading 10.49MB
 1008deaf6ec4 Downloading 10.49MB
 7a916c554786 Downloading 10.49MB
 0cf5ff510f4d Downloading 10.49MB
 7646c8da3324 Downloading 10.49MB
 dff64405c6d1 Downloading 10.49MB
 f9c0805c25ee Downloading 10.49MB
 1008deaf6ec4 Downloading 10.49MB
 dff64405c6d1 Downloading 10.49MB
 7a916c554786 Downloading 10.49MB
 0cf5ff510f4d Downloading 10.49MB
 7646c8da3324 Downloading 10.49MB
 f9c0805c25ee Downloading 10.49MB
 1008deaf6ec4 Downloading 10.49MB
 0cf5ff510f4d Downloading 10.49MB
 7646c8da3324 Downloading 10.49MB
 dff64405c6d1 Downloading 10.49MB
 7a916c554786 Downloading 10.49MB
 1008deaf6ec4 Downloading 10.49MB
 f9c0805c25ee Downloading 10.49MB
 7a916c554786 Downloading 10.49MB
 0cf5ff510f4d Downloading 10.49MB
 7646c8da3324 Downloading 10.49MB
 dff64405c6d1 Downloading 10.49MB
 f9c0805c25ee Downloading 10.49MB
 1008deaf6ec4 Downloading 10.49MB
 7646c8da3324 Downloading 10.49MB
 dff64405c6d1 Downloading 10.49MB
 7a916c554786 Downloading 10.49MB
 0cf5ff510f4d Downloading 10.49MB
 f9c0805c25ee Downloading 10.49MB
 1008deaf6ec4 Download complete 0B
 7a916c554786 Downloading 10.49MB
 0cf5ff510f4d Downloading 10.49MB
 7646c8da3324 Downloading 10.49MB
 dff64405c6d1 Downloading 10.49MB
 f9c0805c25ee Downloading 10.49MB
 7a916c554786 Downloading 10.49MB
 0cf5ff510f4d Downloading 10.49MB
 7646c8da3324 Downloading 10.49MB
 dff64405c6d1 Downloading 10.49MB
 f9c0805c25ee Downloading 10.49MB
 7a916c554786 Downloading 10.49MB
 0cf5ff510f4d Downloading 10.49MB
 7646c8da3324 Downloading 10.49MB
 dff64405c6d1 Downloading 10.49MB
 f9c0805c25ee Downloading 10.49MB
 dff64405c6d1 Downloading 10.49MB
 7a916c554786 Downloading 10.49MB
 0cf5ff510f4d Downloading 10.49MB
 7646c8da3324 Downloading 10.49MB
 f9c0805c25ee Downloading 10.49MB
 7646c8da3324 Downloading 10.49MB
 dff64405c6d1 Downloading 10.49MB
 7a916c554786 Downloading 10.49MB
 0cf5ff510f4d Downloading 10.49MB
 f9c0805c25ee Downloading 10.49MB
 7a916c554786 Downloading 10.49MB
 0cf5ff510f4d Downloading 10.49MB
 7646c8da3324 Downloading 10.49MB
 dff64405c6d1 Downloading 10.49MB
 f9c0805c25ee Downloading 10.49MB
 7a916c554786 Downloading 10.49MB
 0cf5ff510f4d Downloading 10.49MB
 7646c8da3324 Downloading 10.49MB
 dff64405c6d1 Downloading 10.49MB
 f9c0805c25ee Downloading 10.49MB
 7a916c554786 Downloading 10.49MB
 0cf5ff510f4d Downloading 10.49MB
 7646c8da3324 Downloading 10.49MB
 dff64405c6d1 Downloading 11.53MB
 f9c0805c25ee Downloading 10.49MB
 7a916c554786 Downloading 10.49MB
 0cf5ff510f4d Downloading 10.49MB
 7646c8da3324 Downloading 10.49MB
 dff64405c6d1 Downloading 11.53MB
 f9c0805c25ee Downloading 10.49MB
 7646c8da3324 Downloading 10.49MB
 dff64405c6d1 Downloading 11.53MB
 7a916c554786 Downloading 10.49MB
 0cf5ff510f4d Downloading 10.49MB
 f9c0805c25ee Downloading 10.49MB
 7a916c554786 Downloading 10.49MB
 0cf5ff510f4d Downloading 10.49MB
 7646c8da3324 Downloading 10.49MB
 dff64405c6d1 Downloading 11.53MB
 f9c0805c25ee Downloading 10.49MB
 7a916c554786 Downloading 10.49MB
 0cf5ff510f4d Downloading 10.49MB
 7646c8da3324 Downloading 10.49MB
 dff64405c6d1 Downloading 11.53MB
 f9c0805c25ee Downloading 10.49MB
 7a916c554786 Downloading 10.49MB
 0cf5ff510f4d Downloading 10.49MB
 7646c8da3324 Downloading 10.49MB
 dff64405c6d1 Downloading 11.53MB
 f9c0805c25ee Downloading 10.49MB
 dff64405c6d1 Downloading 11.53MB
 7a916c554786 Downloading 10.49MB
 0cf5ff510f4d Downloading 10.49MB
 7646c8da3324 Downloading 10.49MB
 f9c0805c25ee Downloading 11.53MB
 7a916c554786 Downloading 10.49MB
 0cf5ff510f4d Downloading 10.49MB
 7646c8da3324 Downloading 10.49MB
 dff64405c6d1 Downloading 11.53MB
 f9c0805c25ee Downloading 11.53MB
 7646c8da3324 Downloading 11.53MB
 dff64405c6d1 Downloading 11.53MB
 7a916c554786 Downloading 11.53MB
 0cf5ff510f4d Downloading 11.53MB
 f9c0805c25ee Downloading 11.53MB
 7a916c554786 Downloading 11.53MB
 0cf5ff510f4d Downloading 11.53MB
 7646c8da3324 Downloading 11.53MB
 dff64405c6d1 Downloading 11.53MB
 f9c0805c25ee Downloading 11.53MB
 7a916c554786 Downloading 11.53MB
 0cf5ff510f4d Downloading 11.53MB
 7646c8da3324 Downloading 11.53MB
 dff64405c6d1 Downloading 11.53MB
 f9c0805c25ee Downloading 11.53MB
 7a916c554786 Downloading 11.53MB
 0cf5ff510f4d Downloading 11.53MB
 7646c8da3324 Downloading 11.53MB
 dff64405c6d1 Downloading 11.53MB
 f9c0805c25ee Downloading 11.53MB
 7a916c554786 Downloading 11.53MB
 0cf5ff510f4d Downloading 11.53MB
 7646c8da3324 Downloading 11.53MB
 dff64405c6d1 Downloading 11.53MB
 f9c0805c25ee Downloading 11.53MB
 7a916c554786 Downloading 11.53MB
 0cf5ff510f4d Downloading 11.53MB
 7646c8da3324 Downloading 11.53MB
 dff64405c6d1 Downloading 11.53MB
 f9c0805c25ee Downloading 11.53MB
 dff64405c6d1 Downloading 11.53MB
 7a916c554786 Downloading 11.53MB
 0cf5ff510f4d Downloading 11.53MB
 7646c8da3324 Downloading 11.53MB
 f9c0805c25ee Downloading 11.53MB
 7646c8da3324 Downloading 11.53MB
 dff64405c6d1 Downloading 11.53MB
 7a916c554786 Downloading 11.53MB
 0cf5ff510f4d Downloading 11.53MB
 f9c0805c25ee Downloading 11.53MB
 7646c8da3324 Downloading 11.53MB
 dff64405c6d1 Downloading 11.53MB
 7a916c554786 Downloading 11.53MB
 0cf5ff510f4d Downloading 11.53MB
 f9c0805c25ee Downloading 11.53MB
 7a916c554786 Downloading 11.53MB
 0cf5ff510f4d Downloading 11.53MB
 7646c8da3324 Downloading 11.53MB
 dff64405c6d1 Downloading 11.53MB
 f9c0805c25ee Downloading 11.53MB
 7a916c554786 Downloading 11.53MB
 0cf5ff510f4d Downloading 11.53MB
 7646c8da3324 Downloading 11.53MB
 dff64405c6d1 Downloading 11.53MB
 f9c0805c25ee Downloading 11.53MB
 7646c8da3324 Downloading 11.53MB
 dff64405c6d1 Downloading 11.53MB
 7a916c554786 Downloading 11.53MB
 0cf5ff510f4d Downloading 11.53MB
 f9c0805c25ee Downloading 11.53MB
 7a916c554786 Downloading 11.53MB
 0cf5ff510f4d Downloading 11.53MB
 7646c8da3324 Downloading 11.53MB
 dff64405c6d1 Downloading 11.53MB
 f9c0805c25ee Downloading 11.53MB
 7a916c554786 Downloading 11.53MB
 0cf5ff510f4d Downloading 11.53MB
 7646c8da3324 Downloading 11.53MB
 dff64405c6d1 Downloading 11.53MB
 f9c0805c25ee Downloading 11.53MB
 7a916c554786 Downloading 11.53MB
 0cf5ff510f4d Downloading 11.53MB
 7646c8da3324 Downloading 11.53MB
 dff64405c6d1 Downloading 11.53MB
 f9c0805c25ee Downloading 11.53MB
 7a916c554786 Downloading 11.53MB
 0cf5ff510f4d Downloading 11.53MB
 7646c8da3324 Downloading 11.53MB
 dff64405c6d1 Downloading 11.53MB
 f9c0805c25ee Downloading 11.53MB
 7a916c554786 Downloading 11.53MB
 0cf5ff510f4d Downloading 11.53MB
 7646c8da3324 Downloading 11.53MB
 dff64405c6d1 Downloading 11.53MB
 f9c0805c25ee Downloading 11.53MB
 7a916c554786 Downloading 11.53MB
 0cf5ff510f4d Downloading 11.53MB
 7646c8da3324 Downloading 11.53MB
 dff64405c6d1 Downloading 11.53MB
 f9c0805c25ee Downloading 11.53MB
 7a916c554786 Downloading 11.53MB
 0cf5ff510f4d Downloading 11.53MB
 7646c8da3324 Downloading 11.53MB
 dff64405c6d1 Downloading 11.53MB
 f9c0805c25ee Downloading 11.53MB
 7a916c554786 Downloading 11.53MB
 0cf5ff510f4d Downloading 11.53MB
 7646c8da3324 Downloading 11.53MB
 dff64405c6d1 Downloading 11.53MB
 f9c0805c25ee Downloading 11.53MB
 7a916c554786 Downloading 11.53MB
 0cf5ff510f4d Downloading 11.53MB
 7646c8da3324 Downloading 11.53MB
 dff64405c6d1 Downloading 11.53MB
 f9c0805c25ee Downloading 11.53MB
 7a916c554786 Downloading 11.53MB
 0cf5ff510f4d Downloading 11.53MB
 7646c8da3324 Downloading 11.53MB
 dff64405c6d1 Downloading 11.53MB
 f9c0805c25ee Downloading 11.53MB
 7646c8da3324 Downloading 11.53MB
 dff64405c6d1 Downloading 12.58MB
 7a916c554786 Downloading 11.53MB
 0cf5ff510f4d Downloading 11.53MB
 f9c0805c25ee Downloading 11.53MB
 7a916c554786 Downloading 11.53MB
 0cf5ff510f4d Downloading 11.53MB
 7646c8da3324 Downloading 11.53MB
 dff64405c6d1 Downloading 12.58MB
 f9c0805c25ee Downloading 11.53MB
 7646c8da3324 Downloading 11.53MB
 dff64405c6d1 Downloading 12.58MB
 7a916c554786 Downloading 11.53MB
 0cf5ff510f4d Downloading 11.53MB
 f9c0805c25ee Downloading 12.58MB
 0cf5ff510f4d Downloading 11.53MB
 7646c8da3324 Downloading 11.53MB
 dff64405c6d1 Downloading 12.58MB
 7a916c554786 Downloading 11.53MB
 f9c0805c25ee Downloading 12.58MB
 0cf5ff510f4d Downloading 11.53MB
 7646c8da3324 Downloading 11.53MB
 dff64405c6d1 Downloading 12.58MB
 7a916c554786 Downloading 11.53MB
 f9c0805c25ee Downloading 12.58MB
 7a916c554786 Downloading 11.53MB
 0cf5ff510f4d Downloading 11.53MB
 7646c8da3324 Downloading 11.53MB
 dff64405c6d1 Downloading 12.58MB
 f9c0805c25ee Downloading 12.58MB
 7a916c554786 Downloading 11.53MB
 0cf5ff510f4d Downloading 11.53MB
 7646c8da3324 Downloading 11.53MB
 dff64405c6d1 Downloading 12.58MB
 f9c0805c25ee Downloading 12.58MB
 7a916c554786 Downloading 11.53MB
 0cf5ff510f4d Downloading 11.53MB
 7646c8da3324 Downloading 11.53MB
 dff64405c6d1 Downloading 12.58MB
 f9c0805c25ee Downloading 12.58MB
 0cf5ff510f4d Downloading 11.53MB
 7646c8da3324 Downloading 11.53MB
 dff64405c6d1 Downloading 12.58MB
 7a916c554786 Downloading 11.53MB
 f9c0805c25ee Downloading 12.58MB
 dff64405c6d1 Downloading 12.58MB
 7a916c554786 Downloading 12.58MB
 0cf5ff510f4d Downloading 11.53MB
 7646c8da3324 Downloading 11.53MB
 f9c0805c25ee Downloading 12.58MB
 7a916c554786 Downloading 12.58MB
 0cf5ff510f4d Downloading 11.53MB
 7646c8da3324 Downloading 11.53MB
 dff64405c6d1 Downloading 12.58MB
 f9c0805c25ee Downloading 12.58MB
 7a916c554786 Downloading 12.58MB
 0cf5ff510f4d Downloading 11.53MB
 7646c8da3324 Downloading 11.53MB
 dff64405c6d1 Downloading 12.58MB
 f9c0805c25ee Downloading 12.58MB
 0cf5ff510f4d Downloading 11.53MB
 7646c8da3324 Downloading 11.53MB
 dff64405c6d1 Downloading 12.58MB
 7a916c554786 Downloading 12.58MB
 f9c0805c25ee Downloading 12.58MB
 dff64405c6d1 Downloading 12.58MB
 7a916c554786 Downloading 12.58MB
 0cf5ff510f4d Downloading 11.53MB
 7646c8da3324 Downloading 11.53MB
 f9c0805c25ee Downloading 12.58MB
 7646c8da3324 Downloading 11.53MB
 dff64405c6d1 Downloading 12.58MB
 7a916c554786 Downloading 12.58MB
 0cf5ff510f4d Downloading 11.53MB
 f9c0805c25ee Downloading 12.58MB
 0cf5ff510f4d Downloading 11.53MB
 7646c8da3324 Downloading 11.53MB
 dff64405c6d1 Downloading 12.58MB
 7a916c554786 Downloading 12.58MB
 f9c0805c25ee Downloading 12.58MB
 7646c8da3324 Downloading 11.53MB
 dff64405c6d1 Downloading 12.58MB
 7a916c554786 Downloading 12.58MB
 0cf5ff510f4d Downloading 11.53MB
 f9c0805c25ee Downloading 12.58MB
 7a916c554786 Downloading 12.58MB
 0cf5ff510f4d Downloading 11.53MB
 7646c8da3324 Downloading 12.58MB
 dff64405c6d1 Downloading 12.58MB
 f9c0805c25ee Downloading 12.58MB
 dff64405c6d1 Downloading 12.58MB
 7a916c554786 Downloading 12.58MB
 0cf5ff510f4d Downloading 12.58MB
 7646c8da3324 Downloading 12.58MB
 f9c0805c25ee Downloading 12.58MB
 7a916c554786 Downloading 12.58MB
 0cf5ff510f4d Downloading 12.58MB
 7646c8da3324 Downloading 12.58MB
 dff64405c6d1 Downloading 12.58MB
 f9c0805c25ee Downloading 12.58MB
 7646c8da3324 Downloading 12.58MB
 dff64405c6d1 Downloading 12.58MB
 7a916c554786 Downloading 12.58MB
 0cf5ff510f4d Downloading 12.58MB
 f9c0805c25ee Downloading 12.58MB
 7a916c554786 Downloading 12.58MB
 0cf5ff510f4d Downloading 12.58MB
 7646c8da3324 Downloading 12.58MB
 dff64405c6d1 Downloading 12.58MB
 f9c0805c25ee Downloading 12.58MB
 dff64405c6d1 Downloading 12.58MB
 7a916c554786 Downloading 12.58MB
 0cf5ff510f4d Downloading 12.58MB
 7646c8da3324 Downloading 12.58MB
 f9c0805c25ee Downloading 12.58MB
 0cf5ff510f4d Downloading 12.58MB
 7646c8da3324 Downloading 12.58MB
 dff64405c6d1 Downloading 12.58MB
 7a916c554786 Downloading 12.58MB
 f9c0805c25ee Downloading 12.58MB
 7646c8da3324 Downloading 12.58MB
 dff64405c6d1 Downloading 13.63MB
 7a916c554786 Downloading 12.58MB
 0cf5ff510f4d Downloading 12.58MB
 f9c0805c25ee Downloading 13.63MB
 7646c8da3324 Downloading 12.58MB
 dff64405c6d1 Downloading 13.63MB
 7a916c554786 Downloading 12.58MB
 0cf5ff510f4d Downloading 12.58MB
 f9c0805c25ee Downloading 13.63MB
 7646c8da3324 Downloading 12.58MB
 dff64405c6d1 Downloading 13.63MB
 7a916c554786 Downloading 12.58MB
 0cf5ff510f4d Downloading 12.58MB
 f9c0805c25ee Downloading 13.63MB
 7a916c554786 Downloading 12.58MB
 0cf5ff510f4d Downloading 12.58MB
 7646c8da3324 Downloading 12.58MB
 dff64405c6d1 Downloading 13.63MB
 f9c0805c25ee Downloading 13.63MB
 dff64405c6d1 Downloading 13.63MB
 7a916c554786 Downloading 12.58MB
 0cf5ff510f4d Downloading 12.58MB
 7646c8da3324 Downloading 12.58MB
 f9c0805c25ee Downloading 13.63MB
 dff64405c6d1 Downloading 13.63MB
 7a916c554786 Downloading 12.58MB
 0cf5ff510f4d Downloading 12.58MB
 7646c8da3324 Downloading 12.58MB
 f9c0805c25ee Downloading 13.63MB
 7646c8da3324 Downloading 12.58MB
 dff64405c6d1 Downloading 13.63MB
 7a916c554786 Downloading 12.58MB
 0cf5ff510f4d Downloading 12.58MB
 f9c0805c25ee Downloading 13.63MB
 dff64405c6d1 Downloading 13.63MB
 7a916c554786 Downloading 12.58MB
 0cf5ff510f4d Downloading 12.58MB
 7646c8da3324 Downloading 12.58MB
 f9c0805c25ee Downloading 13.63MB
 0cf5ff510f4d Downloading 12.58MB
 7646c8da3324 Downloading 12.58MB
 dff64405c6d1 Downloading 13.63MB
 7a916c554786 Downloading 12.58MB
 f9c0805c25ee Downloading 13.63MB
 7646c8da3324 Downloading 12.58MB
 dff64405c6d1 Downloading 13.63MB
 7a916c554786 Downloading 13.63MB
 0cf5ff510f4d Downloading 12.58MB
 f9c0805c25ee Downloading 13.63MB
 7a916c554786 Downloading 13.63MB
 0cf5ff510f4d Downloading 12.58MB
 7646c8da3324 Downloading 12.58MB
 dff64405c6d1 Downloading 13.63MB
 f9c0805c25ee Downloading 13.63MB
 7a916c554786 Downloading 13.63MB
 0cf5ff510f4d Downloading 12.58MB
 7646c8da3324 Downloading 12.58MB
 dff64405c6d1 Downloading 13.63MB
 f9c0805c25ee Downloading 13.63MB
 7646c8da3324 Downloading 13.63MB
 dff64405c6d1 Downloading 13.63MB
 7a916c554786 Downloading 13.63MB
 0cf5ff510f4d Downloading 13.63MB
 f9c0805c25ee Downloading 13.63MB
 7646c8da3324 Downloading 13.63MB
 dff64405c6d1 Downloading 13.63MB
 7a916c554786 Downloading 13.63MB
 0cf5ff510f4d Downloading 13.63MB
 f9c0805c25ee Downloading 13.63MB
 7a916c554786 Downloading 13.63MB
 0cf5ff510f4d Downloading 13.63MB
 7646c8da3324 Downloading 13.63MB
 dff64405c6d1 Downloading 13.63MB
 f9c0805c25ee Downloading 13.63MB
 7a916c554786 Downloading 13.63MB
 0cf5ff510f4d Downloading 13.63MB
 7646c8da3324 Downloading 13.63MB
 dff64405c6d1 Downloading 13.63MB
 f9c0805c25ee Downloading 13.63MB
 7a916c554786 Downloading 13.63MB
 0cf5ff510f4d Downloading 13.63MB
 7646c8da3324 Downloading 13.63MB
 dff64405c6d1 Downloading 13.63MB
 f9c0805c25ee Downloading 13.63MB
 7646c8da3324 Downloading 13.63MB
 dff64405c6d1 Downloading 13.63MB
 7a916c554786 Downloading 13.63MB
 0cf5ff510f4d Downloading 13.63MB
 f9c0805c25ee Downloading 13.63MB
 7a916c554786 Downloading 13.63MB
 0cf5ff510f4d Downloading 13.63MB
 7646c8da3324 Downloading 13.63MB
 dff64405c6d1 Downloading 13.63MB
 f9c0805c25ee Downloading 13.63MB
 7646c8da3324 Downloading 13.63MB
 dff64405c6d1 Downloading 13.63MB
 7a916c554786 Downloading 13.63MB
 0cf5ff510f4d Downloading 13.63MB
 f9c0805c25ee Downloading 13.63MB
 7646c8da3324 Downloading 13.63MB
 dff64405c6d1 Downloading 13.63MB
 7a916c554786 Downloading 13.63MB
 0cf5ff510f4d Downloading 13.63MB
 f9c0805c25ee Downloading 13.63MB
 7646c8da3324 Downloading 13.63MB
 dff64405c6d1 Downloading 13.63MB
 7a916c554786 Downloading 13.63MB
 0cf5ff510f4d Downloading 13.63MB
 f9c0805c25ee Downloading 13.63MB
 7646c8da3324 Downloading 13.63MB
 dff64405c6d1 Downloading 13.63MB
 7a916c554786 Downloading 13.63MB
 0cf5ff510f4d Downloading 13.63MB
 f9c0805c25ee Downloading 13.63MB
 7646c8da3324 Downloading 13.63MB
 dff64405c6d1 Downloading 13.63MB
 7a916c554786 Downloading 13.63MB
 0cf5ff510f4d Downloading 13.63MB
 f9c0805c25ee Downloading 14.68MB
 7646c8da3324 Downloading 13.63MB
 dff64405c6d1 Downloading 13.63MB
 7a916c554786 Downloading 13.63MB
 0cf5ff510f4d Downloading 13.63MB
 f9c0805c25ee Downloading 14.68MB
 dff64405c6d1 Downloading 13.63MB
 7a916c554786 Downloading 13.63MB
 0cf5ff510f4d Downloading 13.63MB
 7646c8da3324 Downloading 13.63MB
 f9c0805c25ee Downloading 14.68MB
 7a916c554786 Downloading 13.63MB
 0cf5ff510f4d Downloading 13.63MB
 7646c8da3324 Downloading 13.63MB
 dff64405c6d1 Downloading 13.63MB
 f9c0805c25ee Downloading 14.68MB
 7a916c554786 Downloading 13.63MB
 0cf5ff510f4d Downloading 13.63MB
 7646c8da3324 Downloading 13.63MB
 dff64405c6d1 Downloading 14.68MB
 f9c0805c25ee Downloading 14.68MB
 0cf5ff510f4d Downloading 13.63MB
 7646c8da3324 Downloading 13.63MB
 dff64405c6d1 Downloading 14.68MB
 7a916c554786 Downloading 13.63MB
 f9c0805c25ee Downloading 14.68MB
 7a916c554786 Downloading 13.63MB
 0cf5ff510f4d Downloading 13.63MB
 7646c8da3324 Downloading 13.63MB
 dff64405c6d1 Downloading 14.68MB
 f9c0805c25ee Downloading 14.68MB
 7a916c554786 Downloading 13.63MB
 0cf5ff510f4d Downloading 13.63MB
 7646c8da3324 Downloading 13.63MB
 dff64405c6d1 Downloading 14.68MB
 f9c0805c25ee Downloading 14.68MB
 7646c8da3324 Downloading 13.63MB
 dff64405c6d1 Downloading 14.68MB
 7a916c554786 Downloading 13.63MB
 0cf5ff510f4d Downloading 13.63MB
 f9c0805c25ee Downloading 14.68MB
 0cf5ff510f4d Downloading 13.63MB
 7646c8da3324 Downloading 13.63MB
 dff64405c6d1 Downloading 14.68MB
 7a916c554786 Downloading 13.63MB
 f9c0805c25ee Downloading 14.68MB
 dff64405c6d1 Downloading 14.68MB
 7a916c554786 Downloading 14.68MB
 0cf5ff510f4d Downloading 13.63MB
 7646c8da3324 Downloading 13.63MB
 f9c0805c25ee Downloading 14.68MB
 7a916c554786 Downloading 14.68MB
 0cf5ff510f4d Downloading 13.63MB
 7646c8da3324 Downloading 13.63MB
 dff64405c6d1 Downloading 14.68MB
 f9c0805c25ee Downloading 14.68MB
 0cf5ff510f4d Downloading 13.63MB
 7646c8da3324 Downloading 13.63MB
 dff64405c6d1 Downloading 14.68MB
 7a916c554786 Downloading 14.68MB
 f9c0805c25ee Downloading 14.68MB
 7a916c554786 Downloading 14.68MB
 0cf5ff510f4d Downloading 14.68MB
 7646c8da3324 Downloading 14.68MB
 dff64405c6d1 Downloading 14.68MB
 f9c0805c25ee Downloading 14.68MB
 7a916c554786 Downloading 14.68MB
 0cf5ff510f4d Downloading 14.68MB
 7646c8da3324 Downloading 14.68MB
 dff64405c6d1 Downloading 14.68MB
 f9c0805c25ee Downloading 14.68MB
 7646c8da3324 Downloading 14.68MB
 dff64405c6d1 Downloading 14.68MB
 7a916c554786 Downloading 14.68MB
 0cf5ff510f4d Downloading 14.68MB
 f9c0805c25ee Downloading 14.68MB
 7646c8da3324 Downloading 14.68MB
 dff64405c6d1 Downloading 14.68MB
 7a916c554786 Downloading 14.68MB
 0cf5ff510f4d Downloading 14.68MB
 f9c0805c25ee Downloading 14.68MB
 dff64405c6d1 Downloading 14.68MB
 7a916c554786 Downloading 14.68MB
 0cf5ff510f4d Downloading 14.68MB
 7646c8da3324 Downloading 14.68MB
 f9c0805c25ee Downloading 14.68MB
 0cf5ff510f4d Downloading 14.68MB
 7646c8da3324 Downloading 14.68MB
 dff64405c6d1 Downloading 14.68MB
 7a916c554786 Downloading 14.68MB
 f9c0805c25ee Downloading 14.68MB
 7a916c554786 Downloading 14.68MB
 0cf5ff510f4d Downloading 14.68MB
 7646c8da3324 Downloading 14.68MB
 dff64405c6d1 Downloading 14.68MB
 f9c0805c25ee Downloading 14.68MB
 7a916c554786 Downloading 14.68MB
 0cf5ff510f4d Downloading 14.68MB
 7646c8da3324 Downloading 14.68MB
 dff64405c6d1 Downloading 14.68MB
 f9c0805c25ee Downloading 14.68MB
 7646c8da3324 Downloading 14.68MB
 dff64405c6d1 Downloading 14.68MB
 7a916c554786 Downloading 14.68MB
 0cf5ff510f4d Downloading 14.68MB
 f9c0805c25ee Downloading 14.68MB
 7646c8da3324 Downloading 14.68MB
 dff64405c6d1 Downloading 14.68MB
 7a916c554786 Downloading 14.68MB
 0cf5ff510f4d Downloading 14.68MB
 f9c0805c25ee Downloading 14.68MB
 dff64405c6d1 Downloading 14.68MB
 7a916c554786 Downloading 14.68MB
 0cf5ff510f4d Downloading 14.68MB
 7646c8da3324 Downloading 14.68MB
 f9c0805c25ee Downloading 14.68MB
 dff64405c6d1 Downloading 14.68MB
 7a916c554786 Downloading 14.68MB
 0cf5ff510f4d Downloading 14.68MB
 7646c8da3324 Downloading 14.68MB
 f9c0805c25ee Downloading 14.68MB
 7646c8da3324 Downloading 14.68MB
 dff64405c6d1 Downloading 14.68MB
 7a916c554786 Downloading 14.68MB
 0cf5ff510f4d Downloading 14.68MB
 f9c0805c25ee Downloading 14.68MB
 7a916c554786 Downloading 14.68MB
 0cf5ff510f4d Downloading 14.68MB
 7646c8da3324 Downloading 14.68MB
 dff64405c6d1 Downloading 14.68MB
 f9c0805c25ee Downloading 14.68MB
 7646c8da3324 Downloading 14.68MB
 dff64405c6d1 Downloading 14.68MB
 7a916c554786 Downloading 14.68MB
 0cf5ff510f4d Downloading 14.68MB
 f9c0805c25ee Downloading 15.73MB
 7646c8da3324 Downloading 14.68MB
 dff64405c6d1 Downloading 15.73MB
 7a916c554786 Downloading 14.68MB
 0cf5ff510f4d Downloading 14.68MB
 f9c0805c25ee Downloading 15.73MB
 0cf5ff510f4d Downloading 14.68MB
 7646c8da3324 Downloading 14.68MB
 dff64405c6d1 Downloading 15.73MB
 7a916c554786 Downloading 14.68MB
 f9c0805c25ee Downloading 15.73MB
 7646c8da3324 Downloading 14.68MB
 dff64405c6d1 Downloading 15.73MB
 7a916c554786 Downloading 15.73MB
 0cf5ff510f4d Downloading 14.68MB
 f9c0805c25ee Downloading 15.73MB
 0cf5ff510f4d Downloading 14.68MB
 7646c8da3324 Downloading 14.68MB
 dff64405c6d1 Downloading 15.73MB
 7a916c554786 Downloading 15.73MB
 f9c0805c25ee Downloading 15.73MB
 0cf5ff510f4d Downloading 14.68MB
 7646c8da3324 Downloading 14.68MB
 dff64405c6d1 Downloading 15.73MB
 7a916c554786 Downloading 15.73MB
 f9c0805c25ee Downloading 15.73MB
 0cf5ff510f4d Downloading 14.68MB
 7646c8da3324 Downloading 14.68MB
 dff64405c6d1 Downloading 15.73MB
 7a916c554786 Downloading 15.73MB
 f9c0805c25ee Downloading 15.73MB
 dff64405c6d1 Downloading 15.73MB
 7a916c554786 Downloading 15.73MB
 0cf5ff510f4d Downloading 14.68MB
 7646c8da3324 Downloading 14.68MB
 f9c0805c25ee Downloading 15.73MB
 7a916c554786 Downloading 15.73MB
 0cf5ff510f4d Downloading 14.68MB
 7646c8da3324 Downloading 14.68MB
 dff64405c6d1 Downloading 15.73MB
 f9c0805c25ee Downloading 15.73MB
 7a916c554786 Downloading 15.73MB
 0cf5ff510f4d Downloading 14.68MB
 7646c8da3324 Downloading 14.68MB
 dff64405c6d1 Downloading 15.73MB
 f9c0805c25ee Downloading 15.73MB
 7646c8da3324 Downloading 15.73MB
 dff64405c6d1 Downloading 15.73MB
 7a916c554786 Downloading 15.73MB
 0cf5ff510f4d Downloading 15.73MB
 f9c0805c25ee Downloading 15.73MB
 7a916c554786 Downloading 15.73MB
 0cf5ff510f4d Downloading 15.73MB
 7646c8da3324 Downloading 15.73MB
 dff64405c6d1 Downloading 15.73MB
 f9c0805c25ee Downloading 15.73MB
 dff64405c6d1 Downloading 15.73MB
 7a916c554786 Downloading 15.73MB
 0cf5ff510f4d Downloading 15.73MB
 7646c8da3324 Downloading 15.73MB
 f9c0805c25ee Downloading 15.73MB
 7a916c554786 Downloading 15.73MB
 0cf5ff510f4d Downloading 15.73MB
 7646c8da3324 Downloading 15.73MB
 dff64405c6d1 Downloading 15.73MB
 f9c0805c25ee Downloading 15.73MB
 7646c8da3324 Downloading 15.73MB
 dff64405c6d1 Downloading 15.73MB
 7a916c554786 Downloading 15.73MB
 0cf5ff510f4d Downloading 15.73MB
 0cf5ff510f4d Downloading 15.73MB
 f9c0805c25ee Downloading 15.73MB
 7646c8da3324 Downloading 15.73MB
 dff64405c6d1 Downloading 15.73MB
 7a916c554786 Downloading 15.73MB
 f9c0805c25ee Downloading 15.73MB
 7646c8da3324 Downloading 15.73MB
 dff64405c6d1 Downloading 15.73MB
 7a916c554786 Downloading 15.73MB
 0cf5ff510f4d Downloading 15.73MB
 f9c0805c25ee Downloading 15.73MB
 7a916c554786 Downloading 15.73MB
 0cf5ff510f4d Downloading 15.73MB
 7646c8da3324 Downloading 15.73MB
 dff64405c6d1 Downloading 15.73MB
 f9c0805c25ee Downloading 15.73MB
 7a916c554786 Downloading 15.73MB
 0cf5ff510f4d Downloading 15.73MB
 7646c8da3324 Downloading 15.73MB
 dff64405c6d1 Downloading 15.73MB
 f9c0805c25ee Downloading 15.73MB
 0cf5ff510f4d Downloading 15.73MB
 7646c8da3324 Downloading 15.73MB
 dff64405c6d1 Downloading 15.73MB
 7a916c554786 Downloading 15.73MB
 f9c0805c25ee Downloading 15.73MB
 7a916c554786 Downloading 15.73MB
 0cf5ff510f4d Downloading 15.73MB
 7646c8da3324 Downloading 15.73MB
 dff64405c6d1 Downloading 15.73MB
 f9c0805c25ee Downloading 15.73MB
 7646c8da3324 Downloading 15.73MB
 dff64405c6d1 Downloading 15.73MB
 7a916c554786 Downloading 15.73MB
 0cf5ff510f4d Downloading 15.73MB
 f9c0805c25ee Downloading 15.73MB
 7a916c554786 Downloading 15.73MB
 0cf5ff510f4d Downloading 15.73MB
 7646c8da3324 Downloading 15.73MB
 dff64405c6d1 Downloading 15.73MB
 f9c0805c25ee Downloading 15.73MB
 7a916c554786 Downloading 15.73MB
 0cf5ff510f4d Downloading 15.73MB
 7646c8da3324 Downloading 15.73MB
 dff64405c6d1 Downloading 15.73MB
 f9c0805c25ee Downloading 15.73MB
 7a916c554786 Downloading 15.73MB
 0cf5ff510f4d Downloading 15.73MB
 7646c8da3324 Downloading 15.73MB
 dff64405c6d1 Downloading 15.73MB
 f9c0805c25ee Downloading 15.73MB
 dff64405c6d1 Downloading 15.73MB
 7a916c554786 Downloading 15.73MB
 0cf5ff510f4d Downloading 15.73MB
 7646c8da3324 Downloading 15.73MB
 f9c0805c25ee Downloading 15.73MB
 7a916c554786 Downloading 15.73MB
 0cf5ff510f4d Downloading 15.73MB
 7646c8da3324 Downloading 15.73MB
 dff64405c6d1 Downloading 15.73MB
 f9c0805c25ee Downloading 16.78MB
 7a916c554786 Downloading 15.73MB
 0cf5ff510f4d Downloading 15.73MB
 7646c8da3324 Downloading 15.73MB
 dff64405c6d1 Downloading 15.73MB
 f9c0805c25ee Downloading 16.78MB
 7646c8da3324 Downloading 15.73MB
 dff64405c6d1 Downloading 16.78MB
 7a916c554786 Downloading 15.73MB
 0cf5ff510f4d Downloading 15.73MB
 f9c0805c25ee Downloading 16.78MB
 7a916c554786 Downloading 16.78MB
 0cf5ff510f4d Downloading 15.73MB
 7646c8da3324 Downloading 15.73MB
 dff64405c6d1 Downloading 16.78MB
 f9c0805c25ee Downloading 16.78MB
 0cf5ff510f4d Downloading 15.73MB
 7646c8da3324 Downloading 15.73MB
 dff64405c6d1 Downloading 16.78MB
 7a916c554786 Downloading 16.78MB
 f9c0805c25ee Downloading 16.78MB
 7a916c554786 Downloading 16.78MB
 0cf5ff510f4d Downloading 15.73MB
 7646c8da3324 Downloading 15.73MB
 dff64405c6d1 Downloading 16.78MB
 f9c0805c25ee Downloading 16.78MB
 7646c8da3324 Downloading 15.73MB
 dff64405c6d1 Downloading 16.78MB
 7a916c554786 Downloading 16.78MB
 0cf5ff510f4d Downloading 15.73MB
 f9c0805c25ee Downloading 16.78MB
 7646c8da3324 Downloading 15.73MB
 dff64405c6d1 Downloading 16.78MB
 7a916c554786 Downloading 16.78MB
 0cf5ff510f4d Downloading 15.73MB
 f9c0805c25ee Downloading 16.78MB
 7a916c554786 Downloading 16.78MB
 0cf5ff510f4d Downloading 15.73MB
 7646c8da3324 Downloading 15.73MB
 dff64405c6d1 Downloading 16.78MB
 f9c0805c25ee Downloading 16.78MB
 0cf5ff510f4d Downloading 15.73MB
 7646c8da3324 Downloading 15.73MB
 dff64405c6d1 Downloading 16.78MB
 7a916c554786 Downloading 16.78MB
 f9c0805c25ee Downloading 16.78MB
 0cf5ff510f4d Downloading 16.78MB
 7646c8da3324 Downloading 16.78MB
 dff64405c6d1 Downloading 16.78MB
 7a916c554786 Downloading 16.78MB
 f9c0805c25ee Downloading 16.78MB
 7646c8da3324 Downloading 16.78MB
 dff64405c6d1 Downloading 16.78MB
 7a916c554786 Downloading 16.78MB
 0cf5ff510f4d Downloading 16.78MB
 f9c0805c25ee Downloading 16.78MB
 7a916c554786 Downloading 16.78MB
 0cf5ff510f4d Downloading 16.78MB
 7646c8da3324 Downloading 16.78MB
 dff64405c6d1 Downloading 16.78MB
 f9c0805c25ee Downloading 16.78MB
 7646c8da3324 Downloading 16.78MB
 dff64405c6d1 Downloading 16.78MB
 7a916c554786 Downloading 16.78MB
 0cf5ff510f4d Downloading 16.78MB
 f9c0805c25ee Downloading 16.78MB
 7646c8da3324 Downloading 16.78MB
 dff64405c6d1 Downloading 16.78MB
 7a916c554786 Downloading 16.78MB
 0cf5ff510f4d Downloading 16.78MB
 f9c0805c25ee Downloading 16.78MB
 7a916c554786 Downloading 16.78MB
 0cf5ff510f4d Downloading 16.78MB
 7646c8da3324 Downloading 16.78MB
 dff64405c6d1 Downloading 16.78MB
 f9c0805c25ee Downloading 16.78MB
 7a916c554786 Downloading 16.78MB
 0cf5ff510f4d Downloading 16.78MB
 7646c8da3324 Downloading 16.78MB
 dff64405c6d1 Downloading 16.78MB
 f9c0805c25ee Downloading 16.78MB
 dff64405c6d1 Downloading 16.78MB
 7a916c554786 Downloading 16.78MB
 0cf5ff510f4d Downloading 16.78MB
 7646c8da3324 Downloading 16.78MB
 f9c0805c25ee Downloading 16.78MB
 7a916c554786 Downloading 16.78MB
 0cf5ff510f4d Downloading 16.78MB
 7646c8da3324 Downloading 16.78MB
 dff64405c6d1 Downloading 16.78MB
 f9c0805c25ee Downloading 16.78MB
 7646c8da3324 Downloading 16.78MB
 dff64405c6d1 Downloading 16.78MB
 7a916c554786 Downloading 16.78MB
 0cf5ff510f4d Downloading 16.78MB
 f9c0805c25ee Downloading 16.78MB
 0cf5ff510f4d Downloading 16.78MB
 7646c8da3324 Downloading 16.78MB
 dff64405c6d1 Downloading 16.78MB
 7a916c554786 Downloading 16.78MB
 f9c0805c25ee Downloading 16.78MB
 7a916c554786 Downloading 16.78MB
 0cf5ff510f4d Downloading 16.78MB
 7646c8da3324 Downloading 16.78MB
 dff64405c6d1 Downloading 16.78MB
 f9c0805c25ee Downloading 16.78MB
 7646c8da3324 Downloading 16.78MB
 dff64405c6d1 Downloading 16.78MB
 7a916c554786 Downloading 16.78MB
 0cf5ff510f4d Downloading 16.78MB
 f9c0805c25ee Downloading 16.78MB
 7a916c554786 Downloading 16.78MB
 0cf5ff510f4d Downloading 16.78MB
 7646c8da3324 Downloading 16.78MB
 dff64405c6d1 Downloading 16.78MB
 f9c0805c25ee Downloading 16.78MB
 dff64405c6d1 Downloading 16.78MB
 7a916c554786 Downloading 16.78MB
 0cf5ff510f4d Downloading 16.78MB
 7646c8da3324 Downloading 16.78MB
 f9c0805c25ee Downloading 17.83MB
 7646c8da3324 Downloading 16.78MB
 dff64405c6d1 Downloading 16.78MB
 7a916c554786 Downloading 16.78MB
 0cf5ff510f4d Downloading 16.78MB
 f9c0805c25ee Downloading 17.83MB
 7a916c554786 Downloading 16.78MB
 0cf5ff510f4d Downloading 16.78MB
 7646c8da3324 Downloading 16.78MB
 dff64405c6d1 Downloading 16.78MB
 f9c0805c25ee Downloading 17.83MB
 7646c8da3324 Downloading 16.78MB
 dff64405c6d1 Downloading 17.83MB
 7a916c554786 Downloading 16.78MB
 0cf5ff510f4d Downloading 16.78MB
 f9c0805c25ee Downloading 17.83MB
 7a916c554786 Downloading 16.78MB
 0cf5ff510f4d Downloading 16.78MB
 7646c8da3324 Downloading 16.78MB
 dff64405c6d1 Downloading 17.83MB
 f9c0805c25ee Downloading 17.83MB
 7a916c554786 Downloading 16.78MB
 0cf5ff510f4d Downloading 16.78MB
 7646c8da3324 Downloading 16.78MB
 dff64405c6d1 Downloading 17.83MB
 f9c0805c25ee Downloading 17.83MB
 7a916c554786 Downloading 16.78MB
 0cf5ff510f4d Downloading 16.78MB
 7646c8da3324 Downloading 16.78MB
 dff64405c6d1 Downloading 17.83MB
 f9c0805c25ee Downloading 17.83MB
 dff64405c6d1 Downloading 17.83MB
 7a916c554786 Downloading 17.83MB
 0cf5ff510f4d Downloading 16.78MB
 7646c8da3324 Downloading 16.78MB
 f9c0805c25ee Downloading 17.83MB
 0cf5ff510f4d Downloading 16.78MB
 7646c8da3324 Downloading 16.78MB
 dff64405c6d1 Downloading 17.83MB
 7a916c554786 Downloading 17.83MB
 f9c0805c25ee Downloading 17.83MB
 0cf5ff510f4d Downloading 16.78MB
 7646c8da3324 Downloading 16.78MB
 dff64405c6d1 Downloading 17.83MB
 7a916c554786 Downloading 17.83MB
 f9c0805c25ee Downloading 17.83MB
 7a916c554786 Downloading 17.83MB
 0cf5ff510f4d Downloading 16.78MB
 7646c8da3324 Downloading 16.78MB
 dff64405c6d1 Downloading 17.83MB
 f9c0805c25ee Downloading 17.83MB
 7646c8da3324 Downloading 17.83MB
 dff64405c6d1 Downloading 17.83MB
 7a916c554786 Downloading 17.83MB
 0cf5ff510f4d Downloading 17.83MB
 f9c0805c25ee Downloading 17.83MB
 7a916c554786 Downloading 17.83MB
 0cf5ff510f4d Downloading 17.83MB
 7646c8da3324 Downloading 17.83MB
 dff64405c6d1 Downloading 17.83MB
 f9c0805c25ee Downloading 17.83MB
 7646c8da3324 Downloading 17.83MB
 dff64405c6d1 Downloading 17.83MB
 7a916c554786 Downloading 17.83MB
 0cf5ff510f4d Downloading 17.83MB
 f9c0805c25ee Downloading 17.83MB
 7a916c554786 Downloading 17.83MB
 0cf5ff510f4d Downloading 17.83MB
 7646c8da3324 Downloading 17.83MB
 dff64405c6d1 Downloading 17.83MB
 f9c0805c25ee Downloading 17.83MB
 7a916c554786 Downloading 17.83MB
 0cf5ff510f4d Downloading 17.83MB
 7646c8da3324 Downloading 17.83MB
 dff64405c6d1 Downloading 17.83MB
 f9c0805c25ee Downloading 17.83MB
 7a916c554786 Downloading 17.83MB
 0cf5ff510f4d Downloading 17.83MB
 7646c8da3324 Downloading 17.83MB
 dff64405c6d1 Downloading 17.83MB
 f9c0805c25ee Downloading 17.83MB
 7a916c554786 Downloading 17.83MB
 0cf5ff510f4d Downloading 17.83MB
 7646c8da3324 Downloading 17.83MB
 dff64405c6d1 Downloading 17.83MB
 f9c0805c25ee Downloading 17.83MB
 dff64405c6d1 Downloading 17.83MB
 7a916c554786 Downloading 17.83MB
 0cf5ff510f4d Downloading 17.83MB
 7646c8da3324 Downloading 17.83MB
 f9c0805c25ee Downloading 17.83MB
 7a916c554786 Downloading 17.83MB
 0cf5ff510f4d Downloading 17.83MB
 7646c8da3324 Downloading 17.83MB
 dff64405c6d1 Downloading 17.83MB
 f9c0805c25ee Downloading 17.83MB
 0cf5ff510f4d Downloading 17.83MB
 7646c8da3324 Downloading 17.83MB
 dff64405c6d1 Downloading 17.83MB
 7a916c554786 Downloading 17.83MB
 f9c0805c25ee Downloading 17.83MB
 7a916c554786 Downloading 17.83MB
 0cf5ff510f4d Downloading 17.83MB
 7646c8da3324 Downloading 17.83MB
 dff64405c6d1 Downloading 17.83MB
 f9c0805c25ee Downloading 17.83MB
 7a916c554786 Downloading 17.83MB
 0cf5ff510f4d Downloading 17.83MB
 7646c8da3324 Downloading 17.83MB
 dff64405c6d1 Downloading 17.83MB
 f9c0805c25ee Downloading 17.83MB
 7a916c554786 Downloading 17.83MB
 0cf5ff510f4d Downloading 17.83MB
 7646c8da3324 Downloading 17.83MB
 dff64405c6d1 Downloading 17.83MB
 f9c0805c25ee Downloading 17.83MB
 7a916c554786 Downloading 17.83MB
 0cf5ff510f4d Downloading 17.83MB
 7646c8da3324 Downloading 17.83MB
 dff64405c6d1 Downloading 17.83MB
 f9c0805c25ee Downloading 17.83MB
 7646c8da3324 Downloading 17.83MB
 dff64405c6d1 Downloading 17.83MB
 7a916c554786 Downloading 17.83MB
 0cf5ff510f4d Downloading 17.83MB
 f9c0805c25ee Downloading 17.83MB
 7a916c554786 Downloading 17.83MB
 0cf5ff510f4d Downloading 17.83MB
 7646c8da3324 Downloading 17.83MB
 dff64405c6d1 Downloading 17.83MB
 f9c0805c25ee Downloading 17.83MB
 dff64405c6d1 Downloading 17.83MB
 7a916c554786 Downloading 17.83MB
 0cf5ff510f4d Downloading 17.83MB
 7646c8da3324 Downloading 17.83MB
 f9c0805c25ee Downloading 18.87MB
 7646c8da3324 Downloading 17.83MB
 dff64405c6d1 Downloading 17.83MB
 7a916c554786 Downloading 17.83MB
 0cf5ff510f4d Downloading 17.83MB
 f9c0805c25ee Downloading 18.87MB
 dff64405c6d1 Downloading 18.87MB
 7a916c554786 Downloading 17.83MB
 0cf5ff510f4d Downloading 17.83MB
 7646c8da3324 Downloading 17.83MB
 f9c0805c25ee Downloading 18.87MB
 0cf5ff510f4d Downloading 17.83MB
 7646c8da3324 Downloading 17.83MB
 dff64405c6d1 Downloading 18.87MB
 7a916c554786 Downloading 18.87MB
 f9c0805c25ee Downloading 18.87MB
 7a916c554786 Downloading 18.87MB
 0cf5ff510f4d Downloading 17.83MB
 7646c8da3324 Downloading 17.83MB
 dff64405c6d1 Downloading 18.87MB
 f9c0805c25ee Downloading 18.87MB
 7a916c554786 Downloading 18.87MB
 0cf5ff510f4d Downloading 17.83MB
 7646c8da3324 Downloading 17.83MB
 dff64405c6d1 Downloading 18.87MB
 f9c0805c25ee Downloading 18.87MB
 7646c8da3324 Downloading 17.83MB
 dff64405c6d1 Downloading 18.87MB
 7a916c554786 Downloading 18.87MB
 0cf5ff510f4d Downloading 17.83MB
 dff64405c6d1 Downloading 18.87MB
 7a916c554786 Downloading 18.87MB
 0cf5ff510f4d Downloading 17.83MB
 7646c8da3324 Downloading 17.83MB
 f9c0805c25ee Downloading 18.87MB
 f9c0805c25ee Downloading 18.87MB
 7a916c554786 Downloading 18.87MB
 0cf5ff510f4d Downloading 17.83MB
 7646c8da3324 Downloading 17.83MB
 dff64405c6d1 Downloading 18.87MB
 f9c0805c25ee Downloading 18.87MB
 7646c8da3324 Downloading 17.83MB
 dff64405c6d1 Downloading 18.87MB
 7a916c554786 Downloading 18.87MB
 0cf5ff510f4d Downloading 17.83MB
 f9c0805c25ee Downloading 18.87MB
 7a916c554786 Downloading 18.87MB
 0cf5ff510f4d Downloading 17.83MB
 7646c8da3324 Downloading 17.83MB
 dff64405c6d1 Downloading 18.87MB
 f9c0805c25ee Downloading 18.87MB
 0cf5ff510f4d Downloading 17.83MB
 7646c8da3324 Downloading 17.83MB
 dff64405c6d1 Downloading 18.87MB
 7a916c554786 Downloading 18.87MB
 f9c0805c25ee Downloading 18.87MB
 dff64405c6d1 Downloading 18.87MB
 7a916c554786 Downloading 18.87MB
 0cf5ff510f4d Downloading 18.87MB
 7646c8da3324 Downloading 18.87MB
 f9c0805c25ee Downloading 18.87MB
 0cf5ff510f4d Downloading 18.87MB
 7646c8da3324 Downloading 18.87MB
 dff64405c6d1 Downloading 18.87MB
 7a916c554786 Downloading 18.87MB
 f9c0805c25ee Downloading 18.87MB
 7646c8da3324 Downloading 18.87MB
 dff64405c6d1 Downloading 18.87MB
 7a916c554786 Downloading 18.87MB
 0cf5ff510f4d Downloading 18.87MB
 f9c0805c25ee Downloading 18.87MB
 7a916c554786 Downloading 18.87MB
 0cf5ff510f4d Downloading 18.87MB
 7646c8da3324 Downloading 18.87MB
 dff64405c6d1 Downloading 18.87MB
 f9c0805c25ee Downloading 18.87MB
 7a916c554786 Downloading 18.87MB
 0cf5ff510f4d Downloading 18.87MB
 7646c8da3324 Downloading 18.87MB
 dff64405c6d1 Downloading 18.87MB
 f9c0805c25ee Downloading 18.87MB
 7646c8da3324 Downloading 18.87MB
 dff64405c6d1 Downloading 18.87MB
 7a916c554786 Downloading 18.87MB
 0cf5ff510f4d Downloading 18.87MB
 f9c0805c25ee Downloading 18.87MB
 7646c8da3324 Downloading 18.87MB
 dff64405c6d1 Downloading 18.87MB
 7a916c554786 Downloading 18.87MB
 0cf5ff510f4d Downloading 18.87MB
 f9c0805c25ee Downloading 18.87MB
 7646c8da3324 Downloading 18.87MB
 dff64405c6d1 Downloading 18.87MB
 7a916c554786 Downloading 18.87MB
 0cf5ff510f4d Downloading 18.87MB
 f9c0805c25ee Downloading 18.87MB
 7646c8da3324 Downloading 18.87MB
 dff64405c6d1 Downloading 18.87MB
 7a916c554786 Downloading 18.87MB
 0cf5ff510f4d Downloading 18.87MB
 f9c0805c25ee Downloading 18.87MB
 7646c8da3324 Downloading 18.87MB
 dff64405c6d1 Downloading 18.87MB
 7a916c554786 Downloading 18.87MB
 0cf5ff510f4d Downloading 18.87MB
 f9c0805c25ee Downloading 18.87MB
 7646c8da3324 Downloading 18.87MB
 dff64405c6d1 Downloading 18.87MB
 7a916c554786 Downloading 18.87MB
 0cf5ff510f4d Downloading 18.87MB
 f9c0805c25ee Downloading 18.87MB
 7a916c554786 Downloading 18.87MB
 0cf5ff510f4d Downloading 18.87MB
 7646c8da3324 Downloading 18.87MB
 dff64405c6d1 Downloading 18.87MB
 f9c0805c25ee Downloading 19.92MB
 7a916c554786 Downloading 18.87MB
 0cf5ff510f4d Downloading 18.87MB
 7646c8da3324 Downloading 18.87MB
 dff64405c6d1 Downloading 18.87MB
 f9c0805c25ee Downloading 19.92MB
 7646c8da3324 Downloading 18.87MB
 dff64405c6d1 Downloading 18.87MB
 7a916c554786 Downloading 18.87MB
 0cf5ff510f4d Downloading 18.87MB
 f9c0805c25ee Downloading 19.92MB
 7a916c554786 Downloading 18.87MB
 0cf5ff510f4d Downloading 18.87MB
 7646c8da3324 Downloading 18.87MB
 dff64405c6d1 Downloading 18.87MB
 f9c0805c25ee Downloading 19.92MB
 7646c8da3324 Downloading 18.87MB
 dff64405c6d1 Downloading 18.87MB
 7a916c554786 Downloading 18.87MB
 0cf5ff510f4d Downloading 18.87MB
 f9c0805c25ee Downloading 19.92MB
 7a916c554786 Downloading 18.87MB
 0cf5ff510f4d Downloading 18.87MB
 7646c8da3324 Downloading 18.87MB
 dff64405c6d1 Downloading 18.87MB
 f9c0805c25ee Downloading 19.92MB
 7646c8da3324 Downloading 18.87MB
 dff64405c6d1 Downloading 19.92MB
 7a916c554786 Downloading 18.87MB
 0cf5ff510f4d Downloading 18.87MB
 f9c0805c25ee Downloading 19.92MB
 7a916c554786 Downloading 18.87MB
 0cf5ff510f4d Downloading 18.87MB
 7646c8da3324 Downloading 18.87MB
 dff64405c6d1 Downloading 19.92MB
 f9c0805c25ee Downloading 19.92MB
 0cf5ff510f4d Downloading 18.87MB
 7646c8da3324 Downloading 18.87MB
 dff64405c6d1 Downloading 19.92MB
 7a916c554786 Downloading 18.87MB
 f9c0805c25ee Downloading 19.92MB
 0cf5ff510f4d Downloading 18.87MB
 7646c8da3324 Downloading 18.87MB
 dff64405c6d1 Downloading 19.92MB
 7a916c554786 Downloading 18.87MB
 f9c0805c25ee Downloading 19.92MB
 7646c8da3324 Downloading 18.87MB
 dff64405c6d1 Downloading 19.92MB
 7a916c554786 Downloading 18.87MB
 0cf5ff510f4d Downloading 18.87MB
 f9c0805c25ee Downloading 19.92MB
 7a916c554786 Downloading 19.92MB
 0cf5ff510f4d Downloading 18.87MB
 7646c8da3324 Downloading 18.87MB
 dff64405c6d1 Downloading 19.92MB
 f9c0805c25ee Downloading 19.92MB
 7a916c554786 Downloading 19.92MB
 0cf5ff510f4d Downloading 18.87MB
 7646c8da3324 Downloading 18.87MB
 dff64405c6d1 Downloading 19.92MB
 f9c0805c25ee Downloading 19.92MB
 7a916c554786 Downloading 19.92MB
 0cf5ff510f4d Downloading 18.87MB
 7646c8da3324 Downloading 18.87MB
 dff64405c6d1 Downloading 19.92MB
 f9c0805c25ee Downloading 19.92MB
 7646c8da3324 Downloading 18.87MB
 dff64405c6d1 Downloading 19.92MB
 7a916c554786 Downloading 19.92MB
 0cf5ff510f4d Downloading 19.92MB
 f9c0805c25ee Downloading 19.92MB
 7646c8da3324 Downloading 19.92MB
 dff64405c6d1 Downloading 19.92MB
 7a916c554786 Downloading 19.92MB
 0cf5ff510f4d Downloading 19.92MB
 f9c0805c25ee Downloading 19.92MB
 dff64405c6d1 Downloading 19.92MB
 7a916c554786 Downloading 19.92MB
 0cf5ff510f4d Downloading 19.92MB
 7646c8da3324 Downloading 19.92MB
 f9c0805c25ee Downloading 19.92MB
 7646c8da3324 Downloading 19.92MB
 dff64405c6d1 Downloading 19.92MB
 7a916c554786 Downloading 19.92MB
 0cf5ff510f4d Downloading 19.92MB
 f9c0805c25ee Downloading 19.92MB
 7646c8da3324 Downloading 19.92MB
 dff64405c6d1 Downloading 19.92MB
 7a916c554786 Downloading 19.92MB
 0cf5ff510f4d Downloading 19.92MB
 f9c0805c25ee Downloading 19.92MB
 0cf5ff510f4d Downloading 19.92MB
 7646c8da3324 Downloading 19.92MB
 dff64405c6d1 Downloading 19.92MB
 7a916c554786 Downloading 19.92MB
 f9c0805c25ee Downloading 19.92MB
 7646c8da3324 Downloading 19.92MB
 dff64405c6d1 Downloading 19.92MB
 7a916c554786 Downloading 19.92MB
 0cf5ff510f4d Downloading 19.92MB
 f9c0805c25ee Downloading 19.92MB
 7a916c554786 Downloading 19.92MB
 0cf5ff510f4d Downloading 19.92MB
 7646c8da3324 Downloading 19.92MB
 dff64405c6d1 Downloading 19.92MB
 f9c0805c25ee Downloading 19.92MB
 0cf5ff510f4d Downloading 19.92MB
 7646c8da3324 Downloading 19.92MB
 dff64405c6d1 Downloading 19.92MB
 7a916c554786 Downloading 19.92MB
 f9c0805c25ee Downloading 19.92MB
 0cf5ff510f4d Downloading 19.92MB
 7646c8da3324 Downloading 19.92MB
 dff64405c6d1 Downloading 19.92MB
 7a916c554786 Downloading 19.92MB
 f9c0805c25ee Downloading 19.92MB
 7646c8da3324 Downloading 19.92MB
 dff64405c6d1 Downloading 19.92MB
 7a916c554786 Downloading 19.92MB
 0cf5ff510f4d Downloading 19.92MB
 f9c0805c25ee Downloading 19.92MB
 7a916c554786 Downloading 19.92MB
 0cf5ff510f4d Downloading 19.92MB
 7646c8da3324 Downloading 19.92MB
 dff64405c6d1 Downloading 19.92MB
 f9c0805c25ee Downloading 19.92MB
 0cf5ff510f4d Downloading 19.92MB
 7646c8da3324 Downloading 19.92MB
 dff64405c6d1 Downloading 19.92MB
 7a916c554786 Downloading 19.92MB
 f9c0805c25ee Downloading 19.92MB
 7a916c554786 Downloading 19.92MB
 0cf5ff510f4d Downloading 19.92MB
 7646c8da3324 Downloading 19.92MB
 dff64405c6d1 Downloading 19.92MB
 f9c0805c25ee Downloading 19.92MB
 0cf5ff510f4d Downloading 19.92MB
 7646c8da3324 Downloading 19.92MB
 dff64405c6d1 Downloading 19.92MB
 7a916c554786 Downloading 19.92MB
 f9c0805c25ee Downloading 19.92MB
 7a916c554786 Downloading 19.92MB
 0cf5ff510f4d Downloading 19.92MB
 7646c8da3324 Downloading 19.92MB
 dff64405c6d1 Downloading 19.92MB
 f9c0805c25ee Downloading 19.92MB
 7a916c554786 Downloading 19.92MB
 0cf5ff510f4d Downloading 19.92MB
 7646c8da3324 Downloading 19.92MB
 dff64405c6d1 Downloading 19.92MB
 f9c0805c25ee Downloading 19.92MB
 7a916c554786 Downloading 19.92MB
 0cf5ff510f4d Downloading 19.92MB
 7646c8da3324 Downloading 19.92MB
 dff64405c6d1 Downloading 19.92MB
 f9c0805c25ee Downloading 20.97MB
 7646c8da3324 Downloading 19.92MB
 dff64405c6d1 Downloading 19.92MB
 7a916c554786 Downloading 19.92MB
 0cf5ff510f4d Downloading 19.92MB
 f9c0805c25ee Downloading 20.97MB
 7a916c554786 Downloading 19.92MB
 0cf5ff510f4d Downloading 19.92MB
 7646c8da3324 Downloading 19.92MB
 dff64405c6d1 Downloading 19.92MB
 f9c0805c25ee Downloading 20.97MB
 7a916c554786 Downloading 19.92MB
 0cf5ff510f4d Downloading 19.92MB
 7646c8da3324 Downloading 19.92MB
 dff64405c6d1 Downloading 19.92MB
 f9c0805c25ee Downloading 20.97MB
 7646c8da3324 Downloading 19.92MB
 dff64405c6d1 Downloading 19.92MB
 7a916c554786 Downloading 19.92MB
 0cf5ff510f4d Downloading 19.92MB
 f9c0805c25ee Downloading 20.97MB
 dff64405c6d1 Downloading 19.92MB
 7a916c554786 Downloading 19.92MB
 0cf5ff510f4d Downloading 19.92MB
 7646c8da3324 Downloading 19.92MB
 f9c0805c25ee Downloading 20.97MB
 7646c8da3324 Downloading 19.92MB
 dff64405c6d1 Downloading 19.92MB
 7a916c554786 Downloading 19.92MB
 0cf5ff510f4d Downloading 19.92MB
 f9c0805c25ee Downloading 20.97MB
 dff64405c6d1 Downloading 19.92MB
 7a916c554786 Downloading 19.92MB
 0cf5ff510f4d Downloading 19.92MB
 7646c8da3324 Downloading 19.92MB
 f9c0805c25ee Downloading 20.97MB
 7a916c554786 Downloading 19.92MB
 0cf5ff510f4d Downloading 19.92MB
 7646c8da3324 Downloading 19.92MB
 dff64405c6d1 Downloading 20.97MB
 f9c0805c25ee Downloading 20.97MB
 7646c8da3324 Downloading 19.92MB
 dff64405c6d1 Downloading 20.97MB
 7a916c554786 Downloading 19.92MB
 0cf5ff510f4d Downloading 19.92MB
 f9c0805c25ee Downloading 20.97MB
 7a916c554786 Downloading 20.97MB
 0cf5ff510f4d Downloading 19.92MB
 7646c8da3324 Downloading 19.92MB
 dff64405c6d1 Downloading 20.97MB
 f9c0805c25ee Downloading 20.97MB
 7a916c554786 Downloading 20.97MB
 0cf5ff510f4d Downloading 19.92MB
 7646c8da3324 Downloading 19.92MB
 dff64405c6d1 Downloading 20.97MB
 f9c0805c25ee Downloading 20.97MB
 7a916c554786 Downloading 20.97MB
 0cf5ff510f4d Downloading 19.92MB
 7646c8da3324 Downloading 19.92MB
 dff64405c6d1 Downloading 20.97MB
 f9c0805c25ee Downloading 20.97MB
 7a916c554786 Downloading 20.97MB
 0cf5ff510f4d Downloading 19.92MB
 7646c8da3324 Downloading 19.92MB
 dff64405c6d1 Downloading 20.97MB
 f9c0805c25ee Downloading 20.97MB
 7a916c554786 Downloading 20.97MB
 0cf5ff510f4d Downloading 19.92MB
 7646c8da3324 Downloading 19.92MB
 dff64405c6d1 Downloading 20.97MB
 f9c0805c25ee Downloading 20.97MB
 7a916c554786 Downloading 20.97MB
 0cf5ff510f4d Downloading 19.92MB
 7646c8da3324 Downloading 19.92MB
 dff64405c6d1 Downloading 20.97MB
 f9c0805c25ee Downloading 20.97MB
 7a916c554786 Downloading 20.97MB
 0cf5ff510f4d Downloading 20.97MB
 7646c8da3324 Downloading 19.92MB
 dff64405c6d1 Downloading 20.97MB
 f9c0805c25ee Downloading 20.97MB
 7a916c554786 Downloading 20.97MB
 0cf5ff510f4d Downloading 20.97MB
 7646c8da3324 Downloading 19.92MB
 dff64405c6d1 Downloading 20.97MB
 f9c0805c25ee Downloading 20.97MB
 7a916c554786 Downloading 20.97MB
 0cf5ff510f4d Downloading 20.97MB
 7646c8da3324 Downloading 20.97MB
 dff64405c6d1 Downloading 20.97MB
 f9c0805c25ee Downloading 20.97MB
 dff64405c6d1 Downloading 20.97MB
 7a916c554786 Downloading 20.97MB
 0cf5ff510f4d Downloading 20.97MB
 7646c8da3324 Downloading 20.97MB
 f9c0805c25ee Downloading 20.97MB
 7646c8da3324 Downloading 20.97MB
 dff64405c6d1 Downloading 20.97MB
 7a916c554786 Downloading 20.97MB
 0cf5ff510f4d Downloading 20.97MB
 f9c0805c25ee Downloading 20.97MB
 7646c8da3324 Downloading 20.97MB
 dff64405c6d1 Downloading 20.97MB
 7a916c554786 Downloading 20.97MB
 0cf5ff510f4d Downloading 20.97MB
 f9c0805c25ee Downloading 20.97MB
 dff64405c6d1 Downloading 20.97MB
 7a916c554786 Downloading 20.97MB
 0cf5ff510f4d Downloading 20.97MB
 7646c8da3324 Downloading 20.97MB
 f9c0805c25ee Downloading 20.97MB
 0cf5ff510f4d Downloading 20.97MB
 7646c8da3324 Downloading 20.97MB
 dff64405c6d1 Downloading 20.97MB
 7a916c554786 Downloading 20.97MB
 f9c0805c25ee Downloading 20.97MB
 7646c8da3324 Downloading 20.97MB
 dff64405c6d1 Downloading 20.97MB
 7a916c554786 Downloading 20.97MB
 0cf5ff510f4d Downloading 20.97MB
 f9c0805c25ee Downloading 20.97MB
 7a916c554786 Downloading 20.97MB
 0cf5ff510f4d Downloading 20.97MB
 7646c8da3324 Downloading 20.97MB
 dff64405c6d1 Downloading 20.97MB
 f9c0805c25ee Downloading 22.02MB
 7a916c554786 Downloading 20.97MB
 0cf5ff510f4d Downloading 20.97MB
 7646c8da3324 Downloading 20.97MB
 dff64405c6d1 Downloading 20.97MB
 f9c0805c25ee Downloading 22.02MB
 7646c8da3324 Downloading 20.97MB
 dff64405c6d1 Downloading 20.97MB
 7a916c554786 Downloading 20.97MB
 0cf5ff510f4d Downloading 20.97MB
 f9c0805c25ee Downloading 22.02MB
 7a916c554786 Downloading 20.97MB
 0cf5ff510f4d Downloading 20.97MB
 7646c8da3324 Downloading 20.97MB
 dff64405c6d1 Downloading 20.97MB
 f9c0805c25ee Downloading 22.02MB
 7646c8da3324 Downloading 20.97MB
 dff64405c6d1 Downloading 20.97MB
 7a916c554786 Downloading 20.97MB
 0cf5ff510f4d Downloading 20.97MB
 f9c0805c25ee Downloading 22.02MB
 7646c8da3324 Downloading 20.97MB
 dff64405c6d1 Downloading 20.97MB
 7a916c554786 Downloading 20.97MB
 0cf5ff510f4d Downloading 20.97MB
 f9c0805c25ee Downloading 22.02MB
 7a916c554786 Downloading 20.97MB
 0cf5ff510f4d Downloading 20.97MB
 7646c8da3324 Downloading 20.97MB
 dff64405c6d1 Downloading 20.97MB
 f9c0805c25ee Downloading 22.02MB
 7a916c554786 Downloading 20.97MB
 0cf5ff510f4d Downloading 20.97MB
 7646c8da3324 Downloading 20.97MB
 dff64405c6d1 Downloading 20.97MB
 f9c0805c25ee Downloading 22.02MB
 7a916c554786 Downloading 20.97MB
 0cf5ff510f4d Downloading 20.97MB
 7646c8da3324 Downloading 20.97MB
 dff64405c6d1 Downloading 20.97MB
 f9c0805c25ee Downloading 22.02MB
 dff64405c6d1 Downloading 20.97MB
 7a916c554786 Downloading 20.97MB
 0cf5ff510f4d Downloading 20.97MB
 7646c8da3324 Downloading 20.97MB
 f9c0805c25ee Downloading 22.02MB
 7a916c554786 Downloading 20.97MB
 0cf5ff510f4d Downloading 20.97MB
 7646c8da3324 Downloading 20.97MB
 dff64405c6d1 Downloading 20.97MB
 f9c0805c25ee Downloading 22.02MB
 7646c8da3324 Downloading 20.97MB
 dff64405c6d1 Downloading 22.02MB
 7a916c554786 Downloading 20.97MB
 0cf5ff510f4d Downloading 20.97MB
 f9c0805c25ee Downloading 22.02MB
 0cf5ff510f4d Downloading 20.97MB
 7646c8da3324 Downloading 20.97MB
 dff64405c6d1 Downloading 22.02MB
 7a916c554786 Downloading 20.97MB
 f9c0805c25ee Downloading 22.02MB
 dff64405c6d1 Downloading 22.02MB
 7a916c554786 Downloading 22.02MB
 0cf5ff510f4d Downloading 20.97MB
 7646c8da3324 Downloading 20.97MB
 f9c0805c25ee Downloading 22.02MB
 7a916c554786 Downloading 22.02MB
 0cf5ff510f4d Downloading 20.97MB
 7646c8da3324 Downloading 20.97MB
 dff64405c6d1 Downloading 22.02MB
 f9c0805c25ee Downloading 22.02MB
 7a916c554786 Downloading 22.02MB
 0cf5ff510f4d Downloading 20.97MB
 7646c8da3324 Downloading 20.97MB
 dff64405c6d1 Downloading 22.02MB
 f9c0805c25ee Downloading 22.02MB
 7646c8da3324 Downloading 20.97MB
 dff64405c6d1 Downloading 22.02MB
 7a916c554786 Downloading 22.02MB
 0cf5ff510f4d Downloading 20.97MB
 f9c0805c25ee Downloading 22.02MB
 0cf5ff510f4d Downloading 20.97MB
 7646c8da3324 Downloading 20.97MB
 dff64405c6d1 Downloading 22.02MB
 7a916c554786 Downloading 22.02MB
 f9c0805c25ee Downloading 22.02MB
 0cf5ff510f4d Downloading 20.97MB
 7646c8da3324 Downloading 20.97MB
 dff64405c6d1 Downloading 22.02MB
 7a916c554786 Downloading 22.02MB
 f9c0805c25ee Downloading 22.02MB
 7646c8da3324 Downloading 20.97MB
 dff64405c6d1 Downloading 22.02MB
 7a916c554786 Downloading 22.02MB
 0cf5ff510f4d Downloading 20.97MB
 f9c0805c25ee Downloading 22.02MB
 7a916c554786 Downloading 22.02MB
 0cf5ff510f4d Downloading 20.97MB
 7646c8da3324 Downloading 20.97MB
 dff64405c6d1 Downloading 22.02MB
 f9c0805c25ee Downloading 22.02MB
 7646c8da3324 Downloading 22.02MB
 dff64405c6d1 Downloading 22.02MB
 7a916c554786 Downloading 22.02MB
 0cf5ff510f4d Downloading 22.02MB
 f9c0805c25ee Downloading 22.02MB
 7646c8da3324 Downloading 22.02MB
 dff64405c6d1 Downloading 22.02MB
 7a916c554786 Downloading 22.02MB
 0cf5ff510f4d Downloading 22.02MB
 f9c0805c25ee Downloading 22.02MB
 0cf5ff510f4d Downloading 22.02MB
 7646c8da3324 Downloading 22.02MB
 dff64405c6d1 Downloading 22.02MB
 7a916c554786 Downloading 22.02MB
 f9c0805c25ee Downloading 22.02MB
 7646c8da3324 Downloading 22.02MB
 dff64405c6d1 Downloading 22.02MB
 7a916c554786 Downloading 22.02MB
 0cf5ff510f4d Downloading 22.02MB
 f9c0805c25ee Downloading 22.02MB
 dff64405c6d1 Downloading 22.02MB
 7a916c554786 Downloading 22.02MB
 0cf5ff510f4d Downloading 22.02MB
 7646c8da3324 Downloading 22.02MB
 f9c0805c25ee Downloading 22.02MB
 7646c8da3324 Downloading 22.02MB
 dff64405c6d1 Downloading 22.02MB
 7a916c554786 Downloading 22.02MB
 0cf5ff510f4d Downloading 22.02MB
 f9c0805c25ee Downloading 23.07MB
 7a916c554786 Downloading 22.02MB
 0cf5ff510f4d Downloading 22.02MB
 7646c8da3324 Downloading 22.02MB
 dff64405c6d1 Downloading 22.02MB
 f9c0805c25ee Downloading 23.07MB
 dff64405c6d1 Downloading 22.02MB
 7a916c554786 Downloading 22.02MB
 0cf5ff510f4d Downloading 22.02MB
 7646c8da3324 Downloading 22.02MB
 f9c0805c25ee Downloading 23.07MB
 7a916c554786 Downloading 22.02MB
 0cf5ff510f4d Downloading 22.02MB
 7646c8da3324 Downloading 22.02MB
 dff64405c6d1 Downloading 22.02MB
 f9c0805c25ee Downloading 23.07MB
 7a916c554786 Downloading 22.02MB
 0cf5ff510f4d Downloading 22.02MB
 7646c8da3324 Downloading 22.02MB
 dff64405c6d1 Downloading 22.02MB
 f9c0805c25ee Downloading 23.07MB
 dff64405c6d1 Downloading 22.02MB
 7a916c554786 Downloading 22.02MB
 0cf5ff510f4d Downloading 22.02MB
 7646c8da3324 Downloading 22.02MB
 f9c0805c25ee Downloading 23.07MB
 dff64405c6d1 Downloading 22.02MB
 7a916c554786 Downloading 22.02MB
 0cf5ff510f4d Downloading 22.02MB
 7646c8da3324 Downloading 22.02MB
 f9c0805c25ee Downloading 23.07MB
 7a916c554786 Downloading 22.02MB
 0cf5ff510f4d Downloading 22.02MB
 7646c8da3324 Downloading 22.02MB
 dff64405c6d1 Downloading 22.02MB
 f9c0805c25ee Downloading 23.07MB
 7646c8da3324 Downloading 22.02MB
 dff64405c6d1 Downloading 22.02MB
 7a916c554786 Downloading 22.02MB
 0cf5ff510f4d Downloading 22.02MB
 f9c0805c25ee Downloading 23.07MB
 7646c8da3324 Downloading 22.02MB
 dff64405c6d1 Downloading 22.02MB
 7a916c554786 Downloading 22.02MB
 0cf5ff510f4d Downloading 22.02MB
 f9c0805c25ee Downloading 23.07MB
 dff64405c6d1 Downloading 22.02MB
 7a916c554786 Downloading 22.02MB
 0cf5ff510f4d Downloading 22.02MB
 7646c8da3324 Downloading 22.02MB
 f9c0805c25ee Downloading 23.07MB
 7646c8da3324 Downloading 22.02MB
 dff64405c6d1 Downloading 22.02MB
 7a916c554786 Downloading 22.02MB
 0cf5ff510f4d Downloading 22.02MB
 f9c0805c25ee Downloading 23.07MB
 7a916c554786 Downloading 22.02MB
 0cf5ff510f4d Downloading 22.02MB
 7646c8da3324 Downloading 22.02MB
 dff64405c6d1 Downloading 22.02MB
 f9c0805c25ee Downloading 23.07MB
 dff64405c6d1 Downloading 23.07MB
 7a916c554786 Downloading 22.02MB
 0cf5ff510f4d Downloading 22.02MB
 7646c8da3324 Downloading 22.02MB
 f9c0805c25ee Downloading 23.07MB
 dff64405c6d1 Downloading 23.07MB
 7a916c554786 Downloading 23.07MB
 0cf5ff510f4d Downloading 22.02MB
 7646c8da3324 Downloading 22.02MB
 f9c0805c25ee Downloading 23.07MB
 7a916c554786 Downloading 23.07MB
 0cf5ff510f4d Downloading 22.02MB
 7646c8da3324 Downloading 22.02MB
 dff64405c6d1 Downloading 23.07MB
 f9c0805c25ee Downloading 23.07MB
 dff64405c6d1 Downloading 23.07MB
 7a916c554786 Downloading 23.07MB
 0cf5ff510f4d Downloading 23.07MB
 7646c8da3324 Downloading 23.07MB
 f9c0805c25ee Downloading 23.07MB
 0cf5ff510f4d Downloading 23.07MB
 7646c8da3324 Downloading 23.07MB
 dff64405c6d1 Downloading 23.07MB
 7a916c554786 Downloading 23.07MB
 f9c0805c25ee Downloading 23.07MB
 dff64405c6d1 Downloading 23.07MB
 7a916c554786 Downloading 23.07MB
 0cf5ff510f4d Downloading 23.07MB
 7646c8da3324 Downloading 23.07MB
 f9c0805c25ee Downloading 23.07MB
 7a916c554786 Downloading 23.07MB
 0cf5ff510f4d Downloading 23.07MB
 7646c8da3324 Downloading 23.07MB
 dff64405c6d1 Downloading 23.07MB
 f9c0805c25ee Downloading 23.07MB
 7646c8da3324 Downloading 23.07MB
 dff64405c6d1 Downloading 23.07MB
 7a916c554786 Downloading 23.07MB
 0cf5ff510f4d Downloading 23.07MB
 7a916c554786 Downloading 23.07MB
 0cf5ff510f4d Downloading 23.07MB
 7646c8da3324 Downloading 23.07MB
 dff64405c6d1 Downloading 23.07MB
 f9c0805c25ee Downloading 23.07MB
 f9c0805c25ee Downloading 23.07MB
 7a916c554786 Downloading 23.07MB
 0cf5ff510f4d Downloading 23.07MB
 7646c8da3324 Downloading 23.07MB
 dff64405c6d1 Downloading 23.07MB
 f9c0805c25ee Downloading 24.12MB
 7a916c554786 Downloading 23.07MB
 0cf5ff510f4d Downloading 23.07MB
 7646c8da3324 Downloading 23.07MB
 dff64405c6d1 Downloading 23.07MB
 f9c0805c25ee Downloading 24.12MB
 7646c8da3324 Downloading 23.07MB
 dff64405c6d1 Downloading 23.07MB
 7a916c554786 Downloading 23.07MB
 0cf5ff510f4d Downloading 23.07MB
 f9c0805c25ee Downloading 24.12MB
 7a916c554786 Downloading 23.07MB
 0cf5ff510f4d Downloading 23.07MB
 7646c8da3324 Downloading 23.07MB
 dff64405c6d1 Downloading 23.07MB
 f9c0805c25ee Downloading 24.12MB
 7a916c554786 Downloading 23.07MB
 0cf5ff510f4d Downloading 23.07MB
 7646c8da3324 Downloading 23.07MB
 dff64405c6d1 Downloading 23.07MB
 f9c0805c25ee Downloading 24.12MB
 7646c8da3324 Downloading 23.07MB
 dff64405c6d1 Downloading 23.07MB
 7a916c554786 Downloading 23.07MB
 0cf5ff510f4d Downloading 23.07MB
 f9c0805c25ee Downloading 24.12MB
 7646c8da3324 Downloading 23.07MB
 dff64405c6d1 Downloading 23.07MB
 7a916c554786 Downloading 23.07MB
 0cf5ff510f4d Downloading 23.07MB
 f9c0805c25ee Downloading 24.12MB
 0cf5ff510f4d Downloading 23.07MB
 7646c8da3324 Downloading 23.07MB
 dff64405c6d1 Downloading 23.07MB
 7a916c554786 Downloading 23.07MB
 f9c0805c25ee Downloading 24.12MB
 7a916c554786 Downloading 23.07MB
 0cf5ff510f4d Downloading 23.07MB
 7646c8da3324 Downloading 23.07MB
 dff64405c6d1 Downloading 23.07MB
 f9c0805c25ee Downloading 24.12MB
 0cf5ff510f4d Downloading 23.07MB
 7646c8da3324 Downloading 23.07MB
 dff64405c6d1 Downloading 23.07MB
 7a916c554786 Downloading 23.07MB
 f9c0805c25ee Downloading 24.12MB
 7a916c554786 Downloading 23.07MB
 0cf5ff510f4d Downloading 23.07MB
 7646c8da3324 Downloading 23.07MB
 dff64405c6d1 Downloading 24.12MB
 f9c0805c25ee Downloading 24.12MB
 7a916c554786 Downloading 23.07MB
 0cf5ff510f4d Downloading 23.07MB
 7646c8da3324 Downloading 23.07MB
 dff64405c6d1 Downloading 24.12MB
 f9c0805c25ee Downloading 24.12MB
 7646c8da3324 Downloading 23.07MB
 dff64405c6d1 Downloading 24.12MB
 7a916c554786 Downloading 23.07MB
 0cf5ff510f4d Downloading 23.07MB
 f9c0805c25ee Downloading 24.12MB
 0cf5ff510f4d Downloading 23.07MB
 7646c8da3324 Downloading 23.07MB
 dff64405c6d1 Downloading 24.12MB
 7a916c554786 Downloading 23.07MB
 0cf5ff510f4d Downloading 23.07MB
 7646c8da3324 Downloading 23.07MB
 dff64405c6d1 Downloading 24.12MB
 7a916c554786 Downloading 23.07MB
 f9c0805c25ee Downloading 24.12MB
 f9c0805c25ee Downloading 24.12MB
 7a916c554786 Downloading 23.07MB
 0cf5ff510f4d Downloading 23.07MB
 7646c8da3324 Downloading 23.07MB
 dff64405c6d1 Downloading 24.12MB
 f9c0805c25ee Downloading 24.12MB
 7646c8da3324 Downloading 23.07MB
 dff64405c6d1 Downloading 24.12MB
 7a916c554786 Downloading 23.07MB
 0cf5ff510f4d Downloading 23.07MB
 f9c0805c25ee Downloading 24.12MB
 0cf5ff510f4d Downloading 23.07MB
 7646c8da3324 Downloading 23.07MB
 dff64405c6d1 Downloading 24.12MB
 7a916c554786 Downloading 23.07MB
 f9c0805c25ee Downloading 24.12MB
 7a916c554786 Downloading 23.07MB
 0cf5ff510f4d Downloading 23.07MB
 7646c8da3324 Downloading 23.07MB
 dff64405c6d1 Downloading 24.12MB
 f9c0805c25ee Downloading 24.12MB
 7646c8da3324 Downloading 23.07MB
 dff64405c6d1 Downloading 24.12MB
 7a916c554786 Downloading 24.12MB
 0cf5ff510f4d Downloading 23.07MB
 f9c0805c25ee Downloading 24.12MB
 7a916c554786 Downloading 24.12MB
 0cf5ff510f4d Downloading 24.12MB
 7646c8da3324 Downloading 24.12MB
 dff64405c6d1 Downloading 24.12MB
 f9c0805c25ee Downloading 24.12MB
 7646c8da3324 Downloading 24.12MB
 dff64405c6d1 Downloading 24.12MB
 7a916c554786 Downloading 24.12MB
 0cf5ff510f4d Downloading 24.12MB
 f9c0805c25ee Downloading 24.12MB
 7a916c554786 Downloading 24.12MB
 0cf5ff510f4d Downloading 24.12MB
 7646c8da3324 Downloading 24.12MB
 dff64405c6d1 Downloading 24.12MB
 f9c0805c25ee Downloading 24.12MB
 0cf5ff510f4d Downloading 24.12MB
 7646c8da3324 Downloading 24.12MB
 dff64405c6d1 Downloading 24.12MB
 7a916c554786 Downloading 24.12MB
 f9c0805c25ee Downloading 24.12MB
 0cf5ff510f4d Downloading 24.12MB
 7646c8da3324 Downloading 24.12MB
 dff64405c6d1 Downloading 24.12MB
 7a916c554786 Downloading 24.12MB
 f9c0805c25ee Downloading 24.12MB
 7a916c554786 Downloading 24.12MB
 0cf5ff510f4d Downloading 24.12MB
 7646c8da3324 Downloading 24.12MB
 dff64405c6d1 Downloading 24.12MB
 f9c0805c25ee Downloading 24.12MB
 7a916c554786 Downloading 24.12MB
 0cf5ff510f4d Downloading 24.12MB
 7646c8da3324 Downloading 24.12MB
 dff64405c6d1 Downloading 24.12MB
 f9c0805c25ee Downloading 24.12MB
 7a916c554786 Downloading 24.12MB
 0cf5ff510f4d Downloading 24.12MB
 7646c8da3324 Downloading 24.12MB
 dff64405c6d1 Downloading 24.12MB
 f9c0805c25ee Downloading 24.12MB
 7a916c554786 Downloading 24.12MB
 0cf5ff510f4d Downloading 24.12MB
 7646c8da3324 Downloading 24.12MB
 dff64405c6d1 Downloading 24.12MB
 f9c0805c25ee Downloading 24.12MB
 7a916c554786 Downloading 24.12MB
 0cf5ff510f4d Downloading 24.12MB
 7646c8da3324 Downloading 24.12MB
 dff64405c6d1 Downloading 24.12MB
 f9c0805c25ee Downloading 24.12MB
 7a916c554786 Downloading 24.12MB
 0cf5ff510f4d Downloading 24.12MB
 7646c8da3324 Downloading 24.12MB
 dff64405c6d1 Downloading 24.12MB
 f9c0805c25ee Downloading 24.12MB
 7646c8da3324 Downloading 24.12MB
 dff64405c6d1 Downloading 24.12MB
 7a916c554786 Downloading 24.12MB
 0cf5ff510f4d Downloading 24.12MB
 f9c0805c25ee Downloading 24.12MB
 dff64405c6d1 Downloading 24.12MB
 7a916c554786 Downloading 24.12MB
 0cf5ff510f4d Downloading 24.12MB
 7646c8da3324 Downloading 24.12MB
 7a916c554786 Downloading 24.12MB
 0cf5ff510f4d Downloading 24.12MB
 7646c8da3324 Downloading 24.12MB
 dff64405c6d1 Downloading 24.12MB
 f9c0805c25ee Downloading 25.17MB
 f9c0805c25ee Downloading 25.17MB
 dff64405c6d1 Downloading 24.12MB
 7a916c554786 Downloading 24.12MB
 0cf5ff510f4d Downloading 24.12MB
 7646c8da3324 Downloading 24.12MB
 f9c0805c25ee Downloading 25.17MB
 7a916c554786 Downloading 24.12MB
 0cf5ff510f4d Downloading 24.12MB
 7646c8da3324 Downloading 24.12MB
 dff64405c6d1 Downloading 24.12MB
 f9c0805c25ee Downloading 25.17MB
 dff64405c6d1 Downloading 24.12MB
 7a916c554786 Downloading 24.12MB
 0cf5ff510f4d Downloading 24.12MB
 7646c8da3324 Downloading 24.12MB
 f9c0805c25ee Downloading 25.17MB
 7a916c554786 Downloading 24.12MB
 0cf5ff510f4d Downloading 24.12MB
 7646c8da3324 Downloading 24.12MB
 dff64405c6d1 Downloading 24.12MB
 f9c0805c25ee Downloading 25.17MB
 7646c8da3324 Downloading 24.12MB
 dff64405c6d1 Downloading 24.12MB
 7a916c554786 Downloading 24.12MB
 0cf5ff510f4d Downloading 24.12MB
 f9c0805c25ee Downloading 25.17MB
 7a916c554786 Downloading 24.12MB
 0cf5ff510f4d Downloading 24.12MB
 7646c8da3324 Downloading 24.12MB
 dff64405c6d1 Downloading 24.12MB
 f9c0805c25ee Downloading 25.17MB
 7a916c554786 Downloading 24.12MB
 0cf5ff510f4d Downloading 24.12MB
 7646c8da3324 Downloading 24.12MB
 dff64405c6d1 Downloading 25.17MB
 f9c0805c25ee Downloading 25.17MB
 7646c8da3324 Downloading 24.12MB
 dff64405c6d1 Downloading 25.17MB
 7a916c554786 Downloading 24.12MB
 0cf5ff510f4d Downloading 24.12MB
 f9c0805c25ee Downloading 25.17MB
 7646c8da3324 Downloading 24.12MB
 dff64405c6d1 Downloading 25.17MB
 7a916c554786 Downloading 24.12MB
 0cf5ff510f4d Downloading 24.12MB
 f9c0805c25ee Downloading 25.17MB
 7646c8da3324 Downloading 24.12MB
 dff64405c6d1 Downloading 25.17MB
 7a916c554786 Downloading 24.12MB
 0cf5ff510f4d Downloading 24.12MB
 f9c0805c25ee Downloading 25.17MB
 7a916c554786 Downloading 24.12MB
 0cf5ff510f4d Downloading 24.12MB
 7646c8da3324 Downloading 24.12MB
 dff64405c6d1 Downloading 25.17MB
 f9c0805c25ee Downloading 25.17MB
 dff64405c6d1 Downloading 25.17MB
 7a916c554786 Downloading 24.12MB
 0cf5ff510f4d Downloading 24.12MB
 7646c8da3324 Downloading 24.12MB
 f9c0805c25ee Downloading 25.17MB
 dff64405c6d1 Downloading 25.17MB
 7a916c554786 Downloading 24.12MB
 0cf5ff510f4d Downloading 24.12MB
 7646c8da3324 Downloading 24.12MB
 f9c0805c25ee Downloading 25.17MB
 7646c8da3324 Downloading 24.12MB
 dff64405c6d1 Downloading 25.17MB
 7a916c554786 Downloading 25.17MB
 0cf5ff510f4d Downloading 24.12MB
 f9c0805c25ee Downloading 25.17MB
 7a916c554786 Downloading 25.17MB
 0cf5ff510f4d Downloading 24.12MB
 7646c8da3324 Downloading 24.12MB
 dff64405c6d1 Downloading 25.17MB
 dff64405c6d1 Downloading 25.17MB
 7a916c554786 Downloading 25.17MB
 0cf5ff510f4d Downloading 24.12MB
 7646c8da3324 Downloading 24.12MB
 f9c0805c25ee Downloading 25.17MB
 f9c0805c25ee Downloading 25.17MB
 7646c8da3324 Downloading 25.17MB
 dff64405c6d1 Downloading 25.17MB
 7a916c554786 Downloading 25.17MB
 0cf5ff510f4d Downloading 25.17MB
 f9c0805c25ee Downloading 25.17MB
 7a916c554786 Downloading 25.17MB
 0cf5ff510f4d Downloading 25.17MB
 7646c8da3324 Downloading 25.17MB
 dff64405c6d1 Downloading 25.17MB
 f9c0805c25ee Downloading 25.17MB
 dff64405c6d1 Downloading 25.17MB
 7a916c554786 Downloading 25.17MB
 0cf5ff510f4d Downloading 25.17MB
 7646c8da3324 Downloading 25.17MB
 f9c0805c25ee Downloading 25.17MB
 0cf5ff510f4d Downloading 25.17MB
 7646c8da3324 Downloading 25.17MB
 dff64405c6d1 Downloading 25.17MB
 7a916c554786 Downloading 25.17MB
 f9c0805c25ee Downloading 25.17MB
 dff64405c6d1 Downloading 25.17MB
 7a916c554786 Downloading 25.17MB
 0cf5ff510f4d Downloading 25.17MB
 7646c8da3324 Downloading 25.17MB
 f9c0805c25ee Downloading 25.17MB
 dff64405c6d1 Downloading 25.17MB
 7a916c554786 Downloading 25.17MB
 0cf5ff510f4d Downloading 25.17MB
 7646c8da3324 Downloading 25.17MB
 f9c0805c25ee Downloading 25.17MB
 7a916c554786 Downloading 25.17MB
 0cf5ff510f4d Downloading 25.17MB
 7646c8da3324 Downloading 25.17MB
 dff64405c6d1 Downloading 25.17MB
 f9c0805c25ee Downloading 25.17MB
 0cf5ff510f4d Downloading 25.17MB
 7646c8da3324 Downloading 25.17MB
 dff64405c6d1 Downloading 25.17MB
 7a916c554786 Downloading 25.17MB
 f9c0805c25ee Downloading 25.17MB
 7646c8da3324 Downloading 25.17MB
 dff64405c6d1 Downloading 25.17MB
 7a916c554786 Downloading 25.17MB
 0cf5ff510f4d Downloading 25.17MB
 f9c0805c25ee Downloading 25.17MB
 7a916c554786 Downloading 25.17MB
 0cf5ff510f4d Downloading 25.17MB
 7646c8da3324 Downloading 25.17MB
 dff64405c6d1 Downloading 25.17MB
 f9c0805c25ee Downloading 26.21MB
 7646c8da3324 Downloading 25.17MB
 dff64405c6d1 Downloading 25.17MB
 7a916c554786 Downloading 25.17MB
 0cf5ff510f4d Downloading 25.17MB
 f9c0805c25ee Downloading 26.21MB
 7646c8da3324 Downloading 25.17MB
 dff64405c6d1 Downloading 25.17MB
 7a916c554786 Downloading 25.17MB
 0cf5ff510f4d Downloading 25.17MB
 f9c0805c25ee Downloading 26.21MB
 dff64405c6d1 Downloading 25.17MB
 7a916c554786 Downloading 25.17MB
 0cf5ff510f4d Downloading 25.17MB
 7646c8da3324 Downloading 25.17MB
 f9c0805c25ee Downloading 26.21MB
 dff64405c6d1 Downloading 25.17MB
 7a916c554786 Downloading 25.17MB
 0cf5ff510f4d Downloading 25.17MB
 7646c8da3324 Downloading 25.17MB
 f9c0805c25ee Downloading 26.21MB
 7646c8da3324 Downloading 25.17MB
 dff64405c6d1 Downloading 25.17MB
 7a916c554786 Downloading 25.17MB
 0cf5ff510f4d Downloading 25.17MB
 f9c0805c25ee Downloading 26.21MB
 7a916c554786 Downloading 25.17MB
 0cf5ff510f4d Downloading 25.17MB
 7646c8da3324 Downloading 25.17MB
 dff64405c6d1 Downloading 25.17MB
 f9c0805c25ee Downloading 26.21MB
 dff64405c6d1 Downloading 25.17MB
 7a916c554786 Downloading 25.17MB
 0cf5ff510f4d Downloading 25.17MB
 7646c8da3324 Downloading 25.17MB
 f9c0805c25ee Downloading 26.21MB
 7646c8da3324 Downloading 25.17MB
 dff64405c6d1 Downloading 25.17MB
 7a916c554786 Downloading 25.17MB
 0cf5ff510f4d Downloading 25.17MB
 f9c0805c25ee Downloading 26.21MB
 7a916c554786 Downloading 25.17MB
 0cf5ff510f4d Downloading 25.17MB
 7646c8da3324 Downloading 25.17MB
 dff64405c6d1 Downloading 25.17MB
 f9c0805c25ee Downloading 26.21MB
 7a916c554786 Downloading 25.17MB
 0cf5ff510f4d Downloading 25.17MB
 7646c8da3324 Downloading 25.17MB
 dff64405c6d1 Downloading 25.17MB
 f9c0805c25ee Downloading 26.21MB
 7a916c554786 Downloading 25.17MB
 0cf5ff510f4d Downloading 25.17MB
 7646c8da3324 Downloading 25.17MB
 dff64405c6d1 Downloading 25.17MB
 f9c0805c25ee Downloading 26.21MB
 7a916c554786 Downloading 25.17MB
 0cf5ff510f4d Downloading 25.17MB
 7646c8da3324 Downloading 25.17MB
 dff64405c6d1 Downloading 25.17MB
 f9c0805c25ee Downloading 26.21MB
 7a916c554786 Downloading 25.17MB
 0cf5ff510f4d Downloading 25.17MB
 7646c8da3324 Downloading 25.17MB
 dff64405c6d1 Downloading 25.17MB
 f9c0805c25ee Downloading 26.21MB
 7a916c554786 Downloading 25.17MB
 0cf5ff510f4d Downloading 25.17MB
 7646c8da3324 Downloading 25.17MB
 dff64405c6d1 Downloading 26.21MB
 f9c0805c25ee Downloading 26.21MB
 7646c8da3324 Downloading 25.17MB
 dff64405c6d1 Downloading 26.21MB
 7a916c554786 Downloading 25.17MB
 0cf5ff510f4d Downloading 25.17MB
 f9c0805c25ee Downloading 26.21MB
 7a916c554786 Downloading 25.17MB
 0cf5ff510f4d Downloading 25.17MB
 7646c8da3324 Downloading 25.17MB
 dff64405c6d1 Downloading 26.21MB
 f9c0805c25ee Downloading 26.21MB
 7a916c554786 Downloading 25.17MB
 0cf5ff510f4d Downloading 25.17MB
 7646c8da3324 Downloading 25.17MB
 dff64405c6d1 Downloading 26.21MB
 f9c0805c25ee Downloading 26.21MB
 0cf5ff510f4d Downloading 25.17MB
 7646c8da3324 Downloading 25.17MB
 dff64405c6d1 Downloading 26.21MB
 7a916c554786 Downloading 26.21MB
 f9c0805c25ee Downloading 26.21MB
 7a916c554786 Downloading 26.21MB
 0cf5ff510f4d Downloading 25.17MB
 7646c8da3324 Downloading 25.17MB
 dff64405c6d1 Downloading 26.21MB
 f9c0805c25ee Downloading 26.21MB
 7646c8da3324 Downloading 25.17MB
 dff64405c6d1 Downloading 26.21MB
 7a916c554786 Downloading 26.21MB
 0cf5ff510f4d Downloading 25.17MB
 f9c0805c25ee Downloading 26.21MB
 7646c8da3324 Downloading 25.17MB
 dff64405c6d1 Downloading 26.21MB
 7a916c554786 Downloading 26.21MB
 0cf5ff510f4d Downloading 25.17MB
 f9c0805c25ee Downloading 26.21MB
 7a916c554786 Downloading 26.21MB
 0cf5ff510f4d Downloading 25.17MB
 7646c8da3324 Downloading 25.17MB
 dff64405c6d1 Downloading 26.21MB
 f9c0805c25ee Downloading 26.21MB
 dff64405c6d1 Downloading 26.21MB
 7a916c554786 Downloading 26.21MB
 0cf5ff510f4d Downloading 26.21MB
 7646c8da3324 Downloading 26.21MB
 f9c0805c25ee Downloading 26.21MB
 7a916c554786 Downloading 26.21MB
 0cf5ff510f4d Downloading 26.21MB
 7646c8da3324 Downloading 26.21MB
 dff64405c6d1 Downloading 26.21MB
 f9c0805c25ee Downloading 26.21MB
 7a916c554786 Downloading 26.21MB
 0cf5ff510f4d Downloading 26.21MB
 7646c8da3324 Downloading 26.21MB
 dff64405c6d1 Downloading 26.21MB
 f9c0805c25ee Downloading 26.21MB
 dff64405c6d1 Downloading 26.21MB
 7a916c554786 Downloading 26.21MB
 0cf5ff510f4d Downloading 26.21MB
 7646c8da3324 Downloading 26.21MB
 f9c0805c25ee Downloading 26.21MB
 7a916c554786 Downloading 26.21MB
 0cf5ff510f4d Downloading 26.21MB
 7646c8da3324 Downloading 26.21MB
 dff64405c6d1 Downloading 26.21MB
 f9c0805c25ee Downloading 26.21MB
 dff64405c6d1 Downloading 26.21MB
 7a916c554786 Downloading 26.21MB
 0cf5ff510f4d Downloading 26.21MB
 7646c8da3324 Downloading 26.21MB
 f9c0805c25ee Downloading 26.21MB
 dff64405c6d1 Downloading 26.21MB
 7a916c554786 Downloading 26.21MB
 0cf5ff510f4d Downloading 26.21MB
 7646c8da3324 Downloading 26.21MB
 f9c0805c25ee Downloading 26.21MB
 7a916c554786 Downloading 26.21MB
 0cf5ff510f4d Downloading 26.21MB
 7646c8da3324 Downloading 26.21MB
 dff64405c6d1 Downloading 26.21MB
 f9c0805c25ee Downloading 27.26MB
 7a916c554786 Downloading 26.21MB
 0cf5ff510f4d Downloading 26.21MB
 7646c8da3324 Downloading 26.21MB
 dff64405c6d1 Downloading 26.21MB
 f9c0805c25ee Downloading 27.26MB
 7646c8da3324 Downloading 26.21MB
 dff64405c6d1 Downloading 26.21MB
 7a916c554786 Downloading 26.21MB
 0cf5ff510f4d Downloading 26.21MB
 f9c0805c25ee Downloading 27.26MB
 7a916c554786 Downloading 26.21MB
 0cf5ff510f4d Downloading 26.21MB
 7646c8da3324 Downloading 26.21MB
 dff64405c6d1 Downloading 26.21MB
 f9c0805c25ee Downloading 27.26MB
 7a916c554786 Downloading 26.21MB
 0cf5ff510f4d Downloading 26.21MB
 7646c8da3324 Downloading 26.21MB
 dff64405c6d1 Downloading 26.21MB
 f9c0805c25ee Downloading 27.26MB
 7646c8da3324 Downloading 26.21MB
 dff64405c6d1 Downloading 26.21MB
 7a916c554786 Downloading 26.21MB
 0cf5ff510f4d Downloading 26.21MB
 f9c0805c25ee Downloading 27.26MB
 7a916c554786 Downloading 26.21MB
 0cf5ff510f4d Downloading 26.21MB
 7646c8da3324 Downloading 26.21MB
 dff64405c6d1 Downloading 26.21MB
 f9c0805c25ee Downloading 27.26MB
 7646c8da3324 Downloading 26.21MB
 dff64405c6d1 Downloading 26.21MB
 7a916c554786 Downloading 26.21MB
 0cf5ff510f4d Downloading 26.21MB
 f9c0805c25ee Downloading 27.26MB
 0cf5ff510f4d Downloading 26.21MB
 7646c8da3324 Downloading 26.21MB
 dff64405c6d1 Downloading 27.26MB
 7a916c554786 Downloading 26.21MB
 f9c0805c25ee Downloading 27.26MB
 7646c8da3324 Downloading 26.21MB
 dff64405c6d1 Downloading 27.26MB
 7a916c554786 Downloading 26.21MB
 0cf5ff510f4d Downloading 26.21MB
 f9c0805c25ee Downloading 27.26MB
 7646c8da3324 Downloading 26.21MB
 dff64405c6d1 Downloading 27.26MB
 7a916c554786 Downloading 26.21MB
 0cf5ff510f4d Downloading 26.21MB
 f9c0805c25ee Downloading 27.26MB
 7646c8da3324 Downloading 26.21MB
 dff64405c6d1 Downloading 27.26MB
 7a916c554786 Downloading 26.21MB
 0cf5ff510f4d Downloading 26.21MB
 f9c0805c25ee Downloading 27.26MB
 7a916c554786 Downloading 26.21MB
 0cf5ff510f4d Downloading 26.21MB
 7646c8da3324 Downloading 26.21MB
 dff64405c6d1 Downloading 27.26MB
 f9c0805c25ee Downloading 27.26MB
 7a916c554786 Downloading 26.21MB
 0cf5ff510f4d Downloading 26.21MB
 7646c8da3324 Downloading 26.21MB
 dff64405c6d1 Downloading 27.26MB
 f9c0805c25ee Downloading 27.26MB
 7646c8da3324 Downloading 26.21MB
 dff64405c6d1 Downloading 27.26MB
 7a916c554786 Downloading 27.26MB
 0cf5ff510f4d Downloading 26.21MB
 f9c0805c25ee Downloading 27.26MB
 dff64405c6d1 Downloading 27.26MB
 7a916c554786 Downloading 27.26MB
 0cf5ff510f4d Downloading 26.21MB
 7646c8da3324 Downloading 26.21MB
 f9c0805c25ee Downloading 27.26MB
 7a916c554786 Downloading 27.26MB
 0cf5ff510f4d Downloading 26.21MB
 7646c8da3324 Downloading 26.21MB
 dff64405c6d1 Downloading 27.26MB
 f9c0805c25ee Downloading 27.26MB
 7a916c554786 Downloading 27.26MB
 0cf5ff510f4d Downloading 26.21MB
 7646c8da3324 Downloading 26.21MB
 dff64405c6d1 Downloading 27.26MB
 f9c0805c25ee Downloading 27.26MB
 7a916c554786 Downloading 27.26MB
 0cf5ff510f4d Downloading 26.21MB
 7646c8da3324 Downloading 26.21MB
 dff64405c6d1 Downloading 27.26MB
 f9c0805c25ee Downloading 27.26MB
 7646c8da3324 Downloading 26.21MB
 dff64405c6d1 Downloading 27.26MB
 7a916c554786 Downloading 27.26MB
 0cf5ff510f4d Downloading 26.21MB
 f9c0805c25ee Downloading 27.26MB
 7646c8da3324 Downloading 27.26MB
 dff64405c6d1 Downloading 27.26MB
 7a916c554786 Downloading 27.26MB
 0cf5ff510f4d Downloading 27.26MB
 f9c0805c25ee Downloading 27.26MB
 7646c8da3324 Downloading 27.26MB
 dff64405c6d1 Downloading 27.26MB
 7a916c554786 Downloading 27.26MB
 0cf5ff510f4d Downloading 27.26MB
 f9c0805c25ee Downloading 27.26MB
 0cf5ff510f4d Downloading 27.26MB
 7646c8da3324 Downloading 27.26MB
 dff64405c6d1 Downloading 27.26MB
 7a916c554786 Downloading 27.26MB
 f9c0805c25ee Downloading 27.26MB
 7646c8da3324 Downloading 27.26MB
 dff64405c6d1 Downloading 27.26MB
 7a916c554786 Downloading 27.26MB
 0cf5ff510f4d Downloading 27.26MB
 7646c8da3324 Downloading 27.26MB
 dff64405c6d1 Downloading 27.26MB
 7a916c554786 Downloading 27.26MB
 0cf5ff510f4d Downloading 27.26MB
 f9c0805c25ee Downloading 27.26MB
 f9c0805c25ee Downloading 27.26MB
 7a916c554786 Downloading 27.26MB
 0cf5ff510f4d Downloading 27.26MB
 7646c8da3324 Downloading 27.26MB
 dff64405c6d1 Downloading 27.26MB
 f9c0805c25ee Downloading 27.26MB
 7a916c554786 Downloading 27.26MB
 0cf5ff510f4d Downloading 27.26MB
 7646c8da3324 Downloading 27.26MB
 dff64405c6d1 Downloading 27.26MB
 f9c0805c25ee Downloading 27.26MB
 7646c8da3324 Downloading 27.26MB
 dff64405c6d1 Downloading 27.26MB
 7a916c554786 Downloading 27.26MB
 0cf5ff510f4d Downloading 27.26MB
 f9c0805c25ee Downloading 28.31MB
 7a916c554786 Downloading 27.26MB
 0cf5ff510f4d Downloading 27.26MB
 7646c8da3324 Downloading 27.26MB
 dff64405c6d1 Downloading 27.26MB
 f9c0805c25ee Downloading 28.31MB
 7646c8da3324 Downloading 27.26MB
 dff64405c6d1 Downloading 27.26MB
 7a916c554786 Downloading 27.26MB
 0cf5ff510f4d Downloading 27.26MB
 f9c0805c25ee Downloading 28.31MB
 7646c8da3324 Downloading 27.26MB
 dff64405c6d1 Downloading 27.26MB
 7a916c554786 Downloading 27.26MB
 0cf5ff510f4d Downloading 27.26MB
 f9c0805c25ee Downloading 28.31MB
 7a916c554786 Downloading 27.26MB
 0cf5ff510f4d Downloading 27.26MB
 7646c8da3324 Downloading 27.26MB
 dff64405c6d1 Downloading 27.26MB
 f9c0805c25ee Downloading 28.31MB
 7646c8da3324 Downloading 27.26MB
 dff64405c6d1 Downloading 27.26MB
 7a916c554786 Downloading 27.26MB
 0cf5ff510f4d Downloading 27.26MB
 f9c0805c25ee Downloading 28.31MB
 7646c8da3324 Downloading 27.26MB
 dff64405c6d1 Downloading 27.26MB
 7a916c554786 Downloading 27.26MB
 0cf5ff510f4d Downloading 27.26MB
 f9c0805c25ee Downloading 28.31MB
 7a916c554786 Downloading 27.26MB
 0cf5ff510f4d Downloading 27.26MB
 7646c8da3324 Downloading 27.26MB
 dff64405c6d1 Downloading 27.26MB
 f9c0805c25ee Downloading 28.31MB
 7a916c554786 Downloading 27.26MB
 0cf5ff510f4d Downloading 27.26MB
 7646c8da3324 Downloading 27.26MB
 dff64405c6d1 Downloading 28.31MB
 f9c0805c25ee Downloading 28.31MB
 7a916c554786 Downloading 27.26MB
 0cf5ff510f4d Downloading 27.26MB
 7646c8da3324 Downloading 27.26MB
 dff64405c6d1 Downloading 28.31MB
 f9c0805c25ee Downloading 28.31MB
 7646c8da3324 Downloading 27.26MB
 dff64405c6d1 Downloading 28.31MB
 7a916c554786 Downloading 27.26MB
 0cf5ff510f4d Downloading 27.26MB
 f9c0805c25ee Downloading 28.31MB
 7a916c554786 Downloading 27.26MB
 0cf5ff510f4d Downloading 27.26MB
 7646c8da3324 Downloading 27.26MB
 dff64405c6d1 Downloading 28.31MB
 f9c0805c25ee Downloading 28.31MB
 7a916c554786 Downloading 27.26MB
 0cf5ff510f4d Downloading 27.26MB
 7646c8da3324 Downloading 27.26MB
 dff64405c6d1 Downloading 28.31MB
 f9c0805c25ee Downloading 28.31MB
 7646c8da3324 Downloading 27.26MB
 dff64405c6d1 Downloading 28.31MB
 7a916c554786 Downloading 27.26MB
 0cf5ff510f4d Downloading 27.26MB
 f9c0805c25ee Downloading 28.31MB
 7a916c554786 Downloading 27.26MB
 0cf5ff510f4d Downloading 27.26MB
 7646c8da3324 Downloading 27.26MB
 dff64405c6d1 Downloading 28.31MB
 f9c0805c25ee Downloading 28.31MB
 7646c8da3324 Downloading 27.26MB
 dff64405c6d1 Downloading 28.31MB
 7a916c554786 Downloading 27.26MB
 0cf5ff510f4d Downloading 27.26MB
 f9c0805c25ee Downloading 28.31MB
 dff64405c6d1 Downloading 28.31MB
 7a916c554786 Downloading 27.26MB
 0cf5ff510f4d Downloading 27.26MB
 7646c8da3324 Downloading 27.26MB
 f9c0805c25ee Downloading 28.31MB
 7a916c554786 Downloading 28.31MB
 0cf5ff510f4d Downloading 27.26MB
 7646c8da3324 Downloading 27.26MB
 dff64405c6d1 Downloading 28.31MB
 f9c0805c25ee Downloading 28.31MB
 0cf5ff510f4d Downloading 27.26MB
 7646c8da3324 Downloading 28.31MB
 dff64405c6d1 Downloading 28.31MB
 7a916c554786 Downloading 28.31MB
 f9c0805c25ee Downloading 28.31MB
 7a916c554786 Downloading 28.31MB
 0cf5ff510f4d Downloading 27.26MB
 7646c8da3324 Downloading 28.31MB
 dff64405c6d1 Downloading 28.31MB
 f9c0805c25ee Downloading 28.31MB
 dff64405c6d1 Downloading 28.31MB
 7a916c554786 Downloading 28.31MB
 0cf5ff510f4d Downloading 27.26MB
 7646c8da3324 Downloading 28.31MB
 f9c0805c25ee Downloading 28.31MB
 7a916c554786 Downloading 28.31MB
 0cf5ff510f4d Downloading 27.26MB
 7646c8da3324 Downloading 28.31MB
 dff64405c6d1 Downloading 28.31MB
 f9c0805c25ee Downloading 28.31MB
 7646c8da3324 Downloading 28.31MB
 dff64405c6d1 Downloading 28.31MB
 7a916c554786 Downloading 28.31MB
 0cf5ff510f4d Downloading 27.26MB
 f9c0805c25ee Downloading 28.31MB
 7a916c554786 Downloading 28.31MB
 0cf5ff510f4d Downloading 27.26MB
 7646c8da3324 Downloading 28.31MB
 dff64405c6d1 Downloading 28.31MB
 f9c0805c25ee Downloading 28.31MB
 7a916c554786 Downloading 28.31MB
 0cf5ff510f4d Downloading 28.31MB
 7646c8da3324 Downloading 28.31MB
 dff64405c6d1 Downloading 28.31MB
 f9c0805c25ee Downloading 28.31MB
 7646c8da3324 Downloading 28.31MB
 dff64405c6d1 Downloading 28.31MB
 7a916c554786 Downloading 28.31MB
 0cf5ff510f4d Downloading 28.31MB
 f9c0805c25ee Downloading 28.31MB
 7646c8da3324 Downloading 28.31MB
 dff64405c6d1 Downloading 28.31MB
 7a916c554786 Downloading 28.31MB
 0cf5ff510f4d Downloading 28.31MB
 f9c0805c25ee Downloading 28.31MB
 7a916c554786 Downloading 28.31MB
 0cf5ff510f4d Downloading 28.31MB
 7646c8da3324 Downloading 28.31MB
 dff64405c6d1 Downloading 28.31MB
 f9c0805c25ee Downloading 28.31MB
 7a916c554786 Downloading 28.31MB
 0cf5ff510f4d Downloading 28.31MB
 7646c8da3324 Downloading 28.31MB
 dff64405c6d1 Downloading 28.31MB
 f9c0805c25ee Downloading 28.31MB
 7a916c554786 Downloading 28.31MB
 0cf5ff510f4d Downloading 28.31MB
 7646c8da3324 Downloading 28.31MB
 dff64405c6d1 Downloading 28.31MB
 f9c0805c25ee Downloading 28.31MB
 7a916c554786 Downloading 28.31MB
 0cf5ff510f4d Downloading 28.31MB
 7646c8da3324 Downloading 28.31MB
 dff64405c6d1 Downloading 28.31MB
 f9c0805c25ee Downloading 28.31MB
 7646c8da3324 Downloading 28.31MB
 dff64405c6d1 Downloading 28.31MB
 7a916c554786 Downloading 28.31MB
 0cf5ff510f4d Downloading 28.31MB
 f9c0805c25ee Downloading 28.31MB
 7a916c554786 Downloading 28.31MB
 0cf5ff510f4d Downloading 28.31MB
 7646c8da3324 Downloading 28.31MB
 dff64405c6d1 Downloading 28.31MB
 f9c0805c25ee Downloading 28.31MB
 7646c8da3324 Downloading 28.31MB
 dff64405c6d1 Downloading 28.31MB
 7a916c554786 Downloading 28.31MB
 0cf5ff510f4d Downloading 28.31MB
 f9c0805c25ee Downloading 28.31MB
 0cf5ff510f4d Downloading 28.31MB
 7646c8da3324 Downloading 28.31MB
 dff64405c6d1 Downloading 28.31MB
 7a916c554786 Downloading 28.31MB
 f9c0805c25ee Downloading 28.31MB
 7a916c554786 Downloading 28.31MB
 0cf5ff510f4d Downloading 28.31MB
 7646c8da3324 Downloading 28.31MB
 dff64405c6d1 Downloading 28.31MB
 f9c0805c25ee Downloading 29.16MB
 7a916c554786 Downloading 28.31MB
 0cf5ff510f4d Downloading 28.31MB
 7646c8da3324 Downloading 28.31MB
 dff64405c6d1 Downloading 28.31MB
 f9c0805c25ee Downloading 29.36MB
 dff64405c6d1 Downloading 28.31MB
 7a916c554786 Downloading 28.31MB
 0cf5ff510f4d Downloading 28.31MB
 7646c8da3324 Downloading 28.31MB
 f9c0805c25ee Downloading 29.36MB
 7a916c554786 Downloading 28.31MB
 0cf5ff510f4d Downloading 28.31MB
 7646c8da3324 Downloading 28.31MB
 dff64405c6d1 Downloading 28.31MB
 f9c0805c25ee Downloading 29.36MB
 dff64405c6d1 Downloading 28.31MB
 7a916c554786 Downloading 28.31MB
 0cf5ff510f4d Downloading 28.31MB
 7646c8da3324 Downloading 28.31MB
 f9c0805c25ee Downloading 29.36MB
 7646c8da3324 Downloading 28.31MB
 dff64405c6d1 Downloading 29.36MB
 7a916c554786 Downloading 28.31MB
 0cf5ff510f4d Downloading 28.31MB
 f9c0805c25ee Downloading 29.36MB
 7a916c554786 Downloading 28.31MB
 0cf5ff510f4d Downloading 28.31MB
 7646c8da3324 Downloading 28.31MB
 dff64405c6d1 Downloading 29.36MB
 f9c0805c25ee Downloading 29.36MB
 7a916c554786 Downloading 28.31MB
 0cf5ff510f4d Downloading 28.31MB
 7646c8da3324 Downloading 28.31MB
 dff64405c6d1 Downloading 29.36MB
 f9c0805c25ee Downloading 29.36MB
 7646c8da3324 Downloading 28.31MB
 dff64405c6d1 Downloading 29.36MB
 7a916c554786 Downloading 28.31MB
 0cf5ff510f4d Downloading 28.31MB
 f9c0805c25ee Downloading 29.36MB
 7646c8da3324 Downloading 28.31MB
 dff64405c6d1 Downloading 29.36MB
 7a916c554786 Downloading 28.31MB
 0cf5ff510f4d Downloading 28.31MB
 f9c0805c25ee Downloading 29.36MB
 7a916c554786 Downloading 29.36MB
 0cf5ff510f4d Downloading 28.31MB
 7646c8da3324 Downloading 29.36MB
 dff64405c6d1 Downloading 29.36MB
 f9c0805c25ee Downloading 29.36MB
 dff64405c6d1 Downloading 29.36MB
 7a916c554786 Downloading 29.36MB
 0cf5ff510f4d Downloading 28.31MB
 7646c8da3324 Downloading 29.36MB
 f9c0805c25ee Downloading 29.36MB
 7a916c554786 Downloading 29.36MB
 0cf5ff510f4d Downloading 28.31MB
 7646c8da3324 Downloading 29.36MB
 dff64405c6d1 Downloading 29.36MB
 f9c0805c25ee Downloading 29.36MB
 0cf5ff510f4d Downloading 29.36MB
 7646c8da3324 Downloading 29.36MB
 dff64405c6d1 Downloading 29.36MB
 7a916c554786 Downloading 29.36MB
 f9c0805c25ee Downloading 29.36MB
 7a916c554786 Downloading 29.36MB
 0cf5ff510f4d Downloading 29.36MB
 7646c8da3324 Downloading 29.53MB
 dff64405c6d1 Downloading 29.36MB
 f9c0805c25ee Downloading 29.36MB
 0cf5ff510f4d Downloading 29.36MB
 7646c8da3324 Download complete 0B
 dff64405c6d1 Downloading 29.36MB
 7a916c554786 Downloading 29.36MB
 7646c8da3324 Extracting 1B
 f9c0805c25ee Downloading 29.36MB
 7a916c554786 Downloading 29.36MB
 0cf5ff510f4d Downloading 29.36MB
 dff64405c6d1 Downloading 29.36MB
 7646c8da3324 Extracting 1B
 f9c0805c25ee Downloading 29.36MB
 dff64405c6d1 Downloading 29.36MB
 7a916c554786 Downloading 29.36MB
 0cf5ff510f4d Downloading 29.36MB
 7646c8da3324 Extracting 1B
 f9c0805c25ee Downloading 29.36MB
 dff64405c6d1 Downloading 29.36MB
 7a916c554786 Downloading 29.36MB
 0cf5ff510f4d Downloading 29.36MB
 7646c8da3324 Extracting 1B
 f9c0805c25ee Downloading 29.36MB
 0cf5ff510f4d Downloading 29.36MB
 dff64405c6d1 Downloading 29.36MB
 7a916c554786 Downloading 29.36MB
 7646c8da3324 Extracting 1B
 f9c0805c25ee Downloading 29.36MB
 7a916c554786 Downloading 29.36MB
 0cf5ff510f4d Downloading 29.36MB
 dff64405c6d1 Downloading 29.36MB
 7646c8da3324 Extracting 1B
 f9c0805c25ee Downloading 29.36MB
 dff64405c6d1 Downloading 29.36MB
 7a916c554786 Downloading 29.36MB
 0cf5ff510f4d Downloading 29.36MB
 7646c8da3324 Extracting 1B
 f9c0805c25ee Downloading 29.36MB
 0cf5ff510f4d Downloading 29.36MB
 dff64405c6d1 Downloading 29.36MB
 7a916c554786 Downloading 29.36MB
 7646c8da3324 Extracting 1B
 f9c0805c25ee Downloading 30.41MB
 dff64405c6d1 Downloading 29.36MB
 7a916c554786 Downloading 29.36MB
 0cf5ff510f4d Downloading 29.36MB
 7646c8da3324 Extracting 1B
 f9c0805c25ee Downloading 30.41MB
 7a916c554786 Downloading 29.36MB
 0cf5ff510f4d Downloading 29.36MB
 dff64405c6d1 Downloading 29.36MB
 7646c8da3324 Extracting 1B
 f9c0805c25ee Downloading 30.41MB
 0cf5ff510f4d Downloading 29.36MB
 dff64405c6d1 Downloading 29.36MB
 7a916c554786 Downloading 29.36MB
 7646c8da3324 Extracting 2B
 f9c0805c25ee Downloading 30.41MB
 7a916c554786 Downloading 29.36MB
 0cf5ff510f4d Downloading 29.36MB
 dff64405c6d1 Downloading 29.36MB
 7646c8da3324 Extracting 2B
 f9c0805c25ee Downloading 30.41MB
 0cf5ff510f4d Downloading 29.36MB
 dff64405c6d1 Downloading 29.36MB
 7a916c554786 Downloading 29.36MB
 7646c8da3324 Extracting 2B
 f9c0805c25ee Downloading 30.41MB
 7a916c554786 Downloading 29.36MB
 0cf5ff510f4d Downloading 29.36MB
 dff64405c6d1 Downloading 30.41MB
 7646c8da3324 Extracting 2B
 f9c0805c25ee Downloading 30.41MB
 dff64405c6d1 Downloading 30.41MB
 7a916c554786 Downloading 29.36MB
 0cf5ff510f4d Downloading 29.36MB
 7646c8da3324 Extracting 2B
 f9c0805c25ee Downloading 30.41MB
 f9c0805c25ee Downloading 30.41MB
 7a916c554786 Downloading 29.36MB
 0cf5ff510f4d Downloading 29.36MB
 dff64405c6d1 Downloading 30.41MB
 7646c8da3324 Extracting 2B
 dff64405c6d1 Downloading 30.41MB
 7a916c554786 Downloading 30.41MB
 0cf5ff510f4d Downloading 29.36MB
 7646c8da3324 Extracting 2B
 f9c0805c25ee Downloading 30.41MB
 dff64405c6d1 Downloading 30.41MB
 7a916c554786 Downloading 30.41MB
 0cf5ff510f4d Downloading 29.36MB
 7646c8da3324 Extracting 2B
 f9c0805c25ee Downloading 30.41MB
 0cf5ff510f4d Downloading 30.41MB
 dff64405c6d1 Downloading 30.41MB
 7a916c554786 Downloading 30.41MB
 7646c8da3324 Extracting 2B
 f9c0805c25ee Downloading 30.41MB
 7a916c554786 Downloading 30.41MB
 0cf5ff510f4d Downloading 30.41MB
 dff64405c6d1 Downloading 30.41MB
 7646c8da3324 Extracting 2B
 f9c0805c25ee Downloading 30.41MB
 dff64405c6d1 Downloading 30.41MB
 7a916c554786 Downloading 30.41MB
 0cf5ff510f4d Downloading 30.41MB
 7646c8da3324 Extracting 3B
 f9c0805c25ee Downloading 30.41MB
 dff64405c6d1 Downloading 30.41MB
 7a916c554786 Downloading 30.41MB
 0cf5ff510f4d Downloading 30.41MB
 7646c8da3324 Extracting 3B
 f9c0805c25ee Downloading 30.41MB
 dff64405c6d1 Downloading 30.41MB
 7a916c554786 Downloading 30.41MB
 0cf5ff510f4d Downloading 30.41MB
 7646c8da3324 Extracting 3B
 f9c0805c25ee Downloading 30.41MB
 7a916c554786 Downloading 30.41MB
 0cf5ff510f4d Downloading 30.41MB
 dff64405c6d1 Downloading 30.41MB
 7646c8da3324 Extracting 3B
 f9c0805c25ee Downloading 30.41MB
 7a916c554786 Downloading 30.41MB
 0cf5ff510f4d Downloading 30.41MB
 dff64405c6d1 Downloading 30.41MB
 7646c8da3324 Extracting 3B
 f9c0805c25ee Downloading 30.41MB
 7a916c554786 Downloading 30.41MB
 0cf5ff510f4d Downloading 30.41MB
 dff64405c6d1 Downloading 30.41MB
 7646c8da3324 Extracting 3B
 f9c0805c25ee Downloading 31.46MB
 7a916c554786 Downloading 30.41MB
 0cf5ff510f4d Downloading 30.41MB
 dff64405c6d1 Downloading 30.41MB
 7646c8da3324 Extracting 3B
 f9c0805c25ee Downloading 31.46MB
 dff64405c6d1 Downloading 31.46MB
 7a916c554786 Downloading 30.41MB
 0cf5ff510f4d Downloading 30.41MB
 7646c8da3324 Extracting 3B
 f9c0805c25ee Downloading 31.46MB
 7a916c554786 Downloading 30.41MB
 0cf5ff510f4d Downloading 30.41MB
 dff64405c6d1 Downloading 31.46MB
 7646c8da3324 Extracting 3B
 f9c0805c25ee Downloading 31.46MB
 7a916c554786 Downloading 30.41MB
 0cf5ff510f4d Downloading 30.41MB
 dff64405c6d1 Downloading 31.46MB
 7646c8da3324 Pull complete 0B
 f9c0805c25ee Downloading 31.46MB
 7a916c554786 Downloading 31.46MB
 0cf5ff510f4d Downloading 30.41MB
 dff64405c6d1 Downloading 31.46MB
 f9c0805c25ee Downloading 31.46MB
 7a916c554786 Downloading 31.46MB
 0cf5ff510f4d Downloading 30.41MB
 dff64405c6d1 Downloading 31.46MB
 f9c0805c25ee Downloading 31.46MB
 dff64405c6d1 Downloading 31.46MB
 7a916c554786 Downloading 31.46MB
 0cf5ff510f4d Downloading 30.41MB
 f9c0805c25ee Downloading 31.46MB
 7a916c554786 Downloading 31.46MB
 0cf5ff510f4d Downloading 30.41MB
 dff64405c6d1 Downloading 31.46MB
 f9c0805c25ee Downloading 31.46MB
 dff64405c6d1 Downloading 31.46MB
 7a916c554786 Downloading 31.46MB
 0cf5ff510f4d Downloading 30.41MB
 f9c0805c25ee Downloading 31.46MB
 7a916c554786 Downloading 31.46MB
 0cf5ff510f4d Downloading 30.41MB
 dff64405c6d1 Downloading 31.46MB
 f9c0805c25ee Downloading 31.46MB
 7a916c554786 Downloading 31.46MB
 0cf5ff510f4d Downloading 30.41MB
 dff64405c6d1 Downloading 31.46MB
 f9c0805c25ee Downloading 31.46MB
 dff64405c6d1 Downloading 31.46MB
 7a916c554786 Downloading 31.46MB
 0cf5ff510f4d Downloading 30.41MB
 f9c0805c25ee Downloading 31.46MB
 0cf5ff510f4d Downloading 31.46MB
 dff64405c6d1 Downloading 31.46MB
 7a916c554786 Downloading 31.46MB
 f9c0805c25ee Downloading 31.46MB
 7a916c554786 Downloading 31.46MB
 0cf5ff510f4d Downloading 31.46MB
 dff64405c6d1 Downloading 31.46MB
 f9c0805c25ee Downloading 31.46MB
 7a916c554786 Downloading 31.46MB
 0cf5ff510f4d Downloading 31.46MB
 dff64405c6d1 Downloading 31.46MB
 f9c0805c25ee Downloading 31.46MB
 7a916c554786 Downloading 31.46MB
 0cf5ff510f4d Downloading 31.46MB
 dff64405c6d1 Downloading 31.46MB
 f9c0805c25ee Downloading 31.46MB
 7a916c554786 Downloading 31.46MB
 0cf5ff510f4d Downloading 31.46MB
 dff64405c6d1 Downloading 31.46MB
 f9c0805c25ee Downloading 31.46MB
 7a916c554786 Downloading 31.46MB
 0cf5ff510f4d Downloading 31.46MB
 dff64405c6d1 Downloading 31.46MB
 f9c0805c25ee Downloading 31.46MB
 7a916c554786 Downloading 31.46MB
 0cf5ff510f4d Downloading 31.46MB
 dff64405c6d1 Downloading 31.46MB
 f9c0805c25ee Downloading 32.51MB
 7a916c554786 Downloading 31.46MB
 0cf5ff510f4d Downloading 31.46MB
 dff64405c6d1 Downloading 31.46MB
 f9c0805c25ee Downloading 32.51MB
 7a916c554786 Downloading 31.46MB
 0cf5ff510f4d Downloading 31.46MB
 dff64405c6d1 Downloading 31.46MB
 f9c0805c25ee Downloading 32.51MB
 7a916c554786 Downloading 31.46MB
 0cf5ff510f4d Downloading 31.46MB
 dff64405c6d1 Downloading 32.51MB
 f9c0805c25ee Downloading 32.51MB
 dff64405c6d1 Downloading 32.51MB
 7a916c554786 Downloading 31.46MB
 0cf5ff510f4d Downloading 31.46MB
 f9c0805c25ee Downloading 32.51MB
 0cf5ff510f4d Downloading 31.46MB
 dff64405c6d1 Downloading 32.51MB
 7a916c554786 Downloading 31.46MB
 f9c0805c25ee Downloading 32.51MB
 dff64405c6d1 Downloading 32.51MB
 7a916c554786 Downloading 31.46MB
 0cf5ff510f4d Downloading 31.46MB
 f9c0805c25ee Downloading 32.51MB
 7a916c554786 Downloading 32.51MB
 0cf5ff510f4d Downloading 31.46MB
 dff64405c6d1 Downloading 32.51MB
 f9c0805c25ee Downloading 32.51MB
 7a916c554786 Downloading 32.51MB
 0cf5ff510f4d Downloading 31.46MB
 dff64405c6d1 Downloading 32.51MB
 f9c0805c25ee Downloading 32.51MB
 7a916c554786 Downloading 32.51MB
 0cf5ff510f4d Downloading 32.51MB
 dff64405c6d1 Downloading 32.51MB
 f9c0805c25ee Downloading 32.51MB
 7a916c554786 Downloading 32.51MB
 0cf5ff510f4d Downloading 32.51MB
 dff64405c6d1 Downloading 32.51MB
 f9c0805c25ee Downloading 32.51MB
 7a916c554786 Downloading 32.51MB
 0cf5ff510f4d Downloading 32.51MB
 dff64405c6d1 Downloading 32.51MB
 f9c0805c25ee Downloading 32.51MB
 dff64405c6d1 Downloading 32.51MB
 7a916c554786 Downloading 32.51MB
 0cf5ff510f4d Downloading 32.51MB
 f9c0805c25ee Downloading 32.51MB
 7a916c554786 Downloading 32.51MB
 0cf5ff510f4d Downloading 32.51MB
 dff64405c6d1 Downloading 32.51MB
 f9c0805c25ee Downloading 32.51MB
 dff64405c6d1 Downloading 32.51MB
 7a916c554786 Downloading 32.51MB
 0cf5ff510f4d Downloading 32.51MB
 f9c0805c25ee Downloading 32.51MB
 dff64405c6d1 Downloading 32.51MB
 7a916c554786 Downloading 32.51MB
 0cf5ff510f4d Downloading 32.51MB
 f9c0805c25ee Downloading 32.51MB
 7a916c554786 Downloading 32.51MB
 0cf5ff510f4d Downloading 32.51MB
 dff64405c6d1 Downloading 32.51MB
 f9c0805c25ee Downloading 32.51MB
 dff64405c6d1 Downloading 32.51MB
 7a916c554786 Downloading 32.51MB
 0cf5ff510f4d Downloading 32.51MB
 f9c0805c25ee Downloading 32.51MB
 dff64405c6d1 Downloading 32.51MB
 7a916c554786 Downloading 32.51MB
 0cf5ff510f4d Downloading 32.51MB
 f9c0805c25ee Downloading 32.51MB
 7a916c554786 Downloading 32.51MB
 0cf5ff510f4d Downloading 32.51MB
 dff64405c6d1 Downloading 32.51MB
 f9c0805c25ee Downloading 32.51MB
 7a916c554786 Downloading 32.51MB
 0cf5ff510f4d Downloading 32.51MB
 dff64405c6d1 Downloading 32.51MB
 f9c0805c25ee Downloading 33.55MB
 7a916c554786 Downloading 32.51MB
 0cf5ff510f4d Downloading 32.51MB
 dff64405c6d1 Downloading 32.51MB
 f9c0805c25ee Downloading 33.55MB
 7a916c554786 Downloading 32.51MB
 0cf5ff510f4d Downloading 32.51MB
 dff64405c6d1 Downloading 32.51MB
 f9c0805c25ee Downloading 33.55MB
 7a916c554786 Downloading 32.51MB
 0cf5ff510f4d Downloading 32.51MB
 dff64405c6d1 Downloading 33.55MB
 f9c0805c25ee Downloading 33.55MB
 7a916c554786 Downloading 32.51MB
 0cf5ff510f4d Downloading 32.51MB
 dff64405c6d1 Downloading 33.55MB
 f9c0805c25ee Downloading 33.55MB
 7a916c554786 Downloading 32.51MB
 0cf5ff510f4d Downloading 32.51MB
 dff64405c6d1 Downloading 33.55MB
 f9c0805c25ee Downloading 33.55MB
 0cf5ff510f4d Downloading 32.51MB
 dff64405c6d1 Downloading 33.55MB
 7a916c554786 Downloading 32.51MB
 f9c0805c25ee Downloading 33.55MB
 7a916c554786 Downloading 32.51MB
 0cf5ff510f4d Downloading 32.51MB
 dff64405c6d1 Downloading 33.55MB
 f9c0805c25ee Downloading 33.55MB
 dff64405c6d1 Downloading 33.55MB
 7a916c554786 Downloading 33.55MB
 0cf5ff510f4d Downloading 33.55MB
 f9c0805c25ee Downloading 33.55MB
 dff64405c6d1 Downloading 33.55MB
 7a916c554786 Downloading 33.55MB
 0cf5ff510f4d Downloading 33.55MB
 f9c0805c25ee Downloading 33.55MB
 dff64405c6d1 Downloading 33.55MB
 7a916c554786 Downloading 33.55MB
 0cf5ff510f4d Downloading 33.55MB
 f9c0805c25ee Downloading 33.55MB
 dff64405c6d1 Downloading 33.55MB
 7a916c554786 Downloading 33.55MB
 0cf5ff510f4d Downloading 33.55MB
 f9c0805c25ee Downloading 33.55MB
 dff64405c6d1 Downloading 33.55MB
 7a916c554786 Downloading 33.55MB
 0cf5ff510f4d Downloading 33.55MB
 f9c0805c25ee Downloading 33.55MB
 dff64405c6d1 Downloading 33.55MB
 7a916c554786 Downloading 33.55MB
 0cf5ff510f4d Downloading 33.55MB
 f9c0805c25ee Downloading 33.55MB
 7a916c554786 Downloading 33.55MB
 0cf5ff510f4d Downloading 33.55MB
 dff64405c6d1 Downloading 33.55MB
 f9c0805c25ee Downloading 33.55MB
 7a916c554786 Downloading 33.55MB
 0cf5ff510f4d Downloading 33.55MB
 dff64405c6d1 Downloading 33.55MB
 f9c0805c25ee Downloading 33.55MB
 7a916c554786 Downloading 33.55MB
 0cf5ff510f4d Downloading 33.55MB
 dff64405c6d1 Downloading 33.55MB
 f9c0805c25ee Downloading 33.55MB
 dff64405c6d1 Downloading 33.55MB
 7a916c554786 Downloading 33.55MB
 0cf5ff510f4d Downloading 33.55MB
 f9c0805c25ee Downloading 33.55MB
 dff64405c6d1 Downloading 33.55MB
 7a916c554786 Downloading 33.55MB
 0cf5ff510f4d Downloading 33.55MB
 f9c0805c25ee Downloading 33.55MB
 7a916c554786 Downloading 33.55MB
 0cf5ff510f4d Downloading 33.55MB
 dff64405c6d1 Downloading 33.55MB
 f9c0805c25ee Downloading 33.55MB
 7a916c554786 Downloading 33.55MB
 0cf5ff510f4d Downloading 33.55MB
 dff64405c6d1 Downloading 33.55MB
 f9c0805c25ee Downloading 33.55MB
 dff64405c6d1 Downloading 33.55MB
 7a916c554786 Downloading 33.55MB
 0cf5ff510f4d Downloading 33.55MB
 f9c0805c25ee Downloading 34.6MB
 0cf5ff510f4d Downloading 33.55MB
 dff64405c6d1 Downloading 33.55MB
 7a916c554786 Downloading 33.55MB
 f9c0805c25ee Downloading 34.6MB
 dff64405c6d1 Downloading 33.55MB
 7a916c554786 Downloading 33.55MB
 0cf5ff510f4d Downloading 33.55MB
 f9c0805c25ee Downloading 34.6MB
 dff64405c6d1 Downloading 33.55MB
 7a916c554786 Downloading 33.55MB
 0cf5ff510f4d Downloading 33.55MB
 f9c0805c25ee Downloading 34.6MB
 dff64405c6d1 Downloading 33.55MB
 7a916c554786 Downloading 33.55MB
 0cf5ff510f4d Downloading 33.55MB
 f9c0805c25ee Downloading 34.6MB
 dff64405c6d1 Downloading 34.6MB
 7a916c554786 Downloading 33.55MB
 0cf5ff510f4d Downloading 33.55MB
 f9c0805c25ee Downloading 34.6MB
 dff64405c6d1 Downloading 34.6MB
 7a916c554786 Downloading 33.55MB
 0cf5ff510f4d Downloading 33.55MB
 f9c0805c25ee Downloading 34.6MB
 dff64405c6d1 Downloading 34.6MB
 7a916c554786 Downloading 33.55MB
 0cf5ff510f4d Downloading 34.6MB
 f9c0805c25ee Downloading 34.6MB
 7a916c554786 Downloading 34.6MB
 0cf5ff510f4d Downloading 34.6MB
 dff64405c6d1 Downloading 34.6MB
 f9c0805c25ee Downloading 34.6MB
 0cf5ff510f4d Downloading 34.6MB
 dff64405c6d1 Downloading 34.6MB
 7a916c554786 Downloading 34.6MB
 f9c0805c25ee Downloading 34.6MB
 7a916c554786 Downloading 34.6MB
 0cf5ff510f4d Downloading 34.6MB
 dff64405c6d1 Downloading 34.6MB
 f9c0805c25ee Downloading 34.6MB
 7a916c554786 Downloading 34.6MB
 0cf5ff510f4d Downloading 34.6MB
 dff64405c6d1 Downloading 34.6MB
 f9c0805c25ee Downloading 34.6MB
 7a916c554786 Downloading 34.6MB
 0cf5ff510f4d Downloading 34.6MB
 dff64405c6d1 Downloading 34.6MB
 f9c0805c25ee Downloading 34.6MB
 7a916c554786 Downloading 34.6MB
 0cf5ff510f4d Downloading 34.6MB
 dff64405c6d1 Downloading 34.6MB
 f9c0805c25ee Downloading 34.6MB
 dff64405c6d1 Downloading 34.6MB
 7a916c554786 Downloading 34.6MB
 0cf5ff510f4d Downloading 34.6MB
 f9c0805c25ee Downloading 34.6MB
 7a916c554786 Downloading 34.6MB
 0cf5ff510f4d Downloading 34.6MB
 dff64405c6d1 Downloading 34.6MB
 f9c0805c25ee Downloading 34.6MB
 dff64405c6d1 Downloading 34.6MB
 7a916c554786 Downloading 34.6MB
 0cf5ff510f4d Downloading 34.6MB
 f9c0805c25ee Downloading 34.6MB
 dff64405c6d1 Downloading 34.6MB
 7a916c554786 Downloading 34.6MB
 0cf5ff510f4d Downloading 34.6MB
 f9c0805c25ee Downloading 34.6MB
 7a916c554786 Downloading 34.6MB
 0cf5ff510f4d Downloading 34.6MB
 dff64405c6d1 Downloading 34.6MB
 f9c0805c25ee Downloading 34.6MB
 dff64405c6d1 Downloading 34.6MB
 7a916c554786 Downloading 34.6MB
 0cf5ff510f4d Downloading 34.6MB
 f9c0805c25ee Downloading 34.6MB
 0cf5ff510f4d Downloading 34.6MB
 dff64405c6d1 Downloading 34.6MB
 7a916c554786 Downloading 34.6MB
 f9c0805c25ee Downloading 35.65MB
 dff64405c6d1 Downloading 34.6MB
 7a916c554786 Downloading 34.6MB
 0cf5ff510f4d Downloading 34.6MB
 f9c0805c25ee Downloading 35.65MB
 7a916c554786 Downloading 34.6MB
 0cf5ff510f4d Downloading 34.6MB
 dff64405c6d1 Downloading 35.65MB
 f9c0805c25ee Downloading 35.65MB
 dff64405c6d1 Downloading 35.65MB
 7a916c554786 Downloading 34.6MB
 0cf5ff510f4d Downloading 34.6MB
 f9c0805c25ee Downloading 35.65MB
 7a916c554786 Downloading 34.6MB
 0cf5ff510f4d Downloading 34.6MB
 dff64405c6d1 Downloading 35.65MB
 f9c0805c25ee Downloading 35.65MB
 7a916c554786 Downloading 34.6MB
 0cf5ff510f4d Downloading 34.6MB
 dff64405c6d1 Downloading 35.65MB
 f9c0805c25ee Downloading 35.65MB
 dff64405c6d1 Downloading 35.65MB
 7a916c554786 Downloading 34.6MB
 0cf5ff510f4d Downloading 34.6MB
 f9c0805c25ee Downloading 35.65MB
 dff64405c6d1 Downloading 35.65MB
 7a916c554786 Downloading 34.6MB
 0cf5ff510f4d Downloading 35.65MB
 f9c0805c25ee Downloading 35.65MB
 dff64405c6d1 Downloading 35.65MB
 7a916c554786 Downloading 34.6MB
 0cf5ff510f4d Downloading 35.65MB
 f9c0805c25ee Downloading 35.65MB
 0cf5ff510f4d Downloading 35.65MB
 dff64405c6d1 Downloading 35.65MB
 7a916c554786 Downloading 34.6MB
 f9c0805c25ee Downloading 35.65MB
 7a916c554786 Downloading 34.6MB
 0cf5ff510f4d Downloading 35.65MB
 dff64405c6d1 Downloading 35.65MB
 f9c0805c25ee Downloading 35.65MB
 0cf5ff510f4d Downloading 35.65MB
 dff64405c6d1 Downloading 35.65MB
 7a916c554786 Downloading 34.6MB
 f9c0805c25ee Downloading 35.65MB
 7a916c554786 Downloading 34.6MB
 0cf5ff510f4d Downloading 35.65MB
 dff64405c6d1 Downloading 35.65MB
 f9c0805c25ee Downloading 35.65MB
 7a916c554786 Downloading 35.65MB
 0cf5ff510f4d Downloading 35.65MB
 dff64405c6d1 Downloading 35.65MB
 f9c0805c25ee Downloading 35.65MB
 7a916c554786 Downloading 35.65MB
 0cf5ff510f4d Downloading 35.65MB
 dff64405c6d1 Downloading 35.65MB
 f9c0805c25ee Downloading 35.65MB
 7a916c554786 Downloading 35.65MB
 0cf5ff510f4d Downloading 35.65MB
 dff64405c6d1 Downloading 35.65MB
 f9c0805c25ee Downloading 35.65MB
 7a916c554786 Downloading 35.65MB
 0cf5ff510f4d Downloading 35.65MB
 dff64405c6d1 Downloading 35.65MB
 f9c0805c25ee Downloading 35.65MB
 7a916c554786 Downloading 35.65MB
 0cf5ff510f4d Downloading 35.65MB
 dff64405c6d1 Downloading 35.65MB
 f9c0805c25ee Downloading 35.65MB
 7a916c554786 Downloading 35.65MB
 0cf5ff510f4d Downloading 35.65MB
 dff64405c6d1 Downloading 35.65MB
 f9c0805c25ee Downloading 35.65MB
 7a916c554786 Downloading 35.65MB
 0cf5ff510f4d Downloading 35.65MB
 dff64405c6d1 Downloading 35.65MB
 f9c0805c25ee Downloading 35.65MB
 dff64405c6d1 Downloading 35.65MB
 7a916c554786 Downloading 35.65MB
 0cf5ff510f4d Downloading 35.65MB
 f9c0805c25ee Downloading 35.65MB
 7a916c554786 Downloading 35.65MB
 0cf5ff510f4d Downloading 35.65MB
 dff64405c6d1 Downloading 35.65MB
 f9c0805c25ee Downloading 35.65MB
 7a916c554786 Downloading 35.65MB
 0cf5ff510f4d Downloading 35.65MB
 dff64405c6d1 Downloading 35.65MB
 f9c0805c25ee Downloading 35.65MB
 7a916c554786 Downloading 35.65MB
 0cf5ff510f4d Downloading 35.65MB
 dff64405c6d1 Downloading 35.65MB
 f9c0805c25ee Downloading 35.65MB
 7a916c554786 Downloading 35.65MB
 0cf5ff510f4d Downloading 35.65MB
 dff64405c6d1 Downloading 35.65MB
 f9c0805c25ee Downloading 36.7MB
 7a916c554786 Downloading 35.65MB
 0cf5ff510f4d Downloading 35.65MB
 dff64405c6d1 Downloading 36.7MB
 f9c0805c25ee Downloading 36.7MB
 7a916c554786 Downloading 35.65MB
 0cf5ff510f4d Downloading 35.65MB
 dff64405c6d1 Downloading 36.7MB
 f9c0805c25ee Downloading 36.7MB
 0cf5ff510f4d Downloading 36.7MB
 dff64405c6d1 Downloading 36.7MB
 7a916c554786 Downloading 35.65MB
 f9c0805c25ee Downloading 36.7MB
 7a916c554786 Downloading 35.65MB
 0cf5ff510f4d Downloading 36.7MB
 dff64405c6d1 Downloading 36.7MB
 f9c0805c25ee Downloading 36.7MB
 0cf5ff510f4d Downloading 36.7MB
 dff64405c6d1 Downloading 36.7MB
 7a916c554786 Downloading 36.7MB
 f9c0805c25ee Downloading 36.7MB
 dff64405c6d1 Downloading 36.7MB
 7a916c554786 Downloading 36.7MB
 0cf5ff510f4d Downloading 36.7MB
 f9c0805c25ee Downloading 36.7MB
 dff64405c6d1 Downloading 37.17MB
 7a916c554786 Downloading 36.7MB
 0cf5ff510f4d Downloading 36.7MB
 f9c0805c25ee Downloading 36.7MB
 7a916c554786 Downloading 36.7MB
 0cf5ff510f4d Downloading 36.7MB
 dff64405c6d1 Download complete 0B
 dff64405c6d1 Extracting 1B
 7a916c554786 Downloading 36.7MB
 0cf5ff510f4d Downloading 36.7MB
 dff64405c6d1 Extracting 1B
 f9c0805c25ee Downloading 36.7MB
 f9c0805c25ee Downloading 36.7MB
 7a916c554786 Downloading 36.7MB
 0cf5ff510f4d Downloading 36.7MB
 dff64405c6d1 Extracting 1B
 f9c0805c25ee Downloading 36.7MB
 7a916c554786 Downloading 36.7MB
 0cf5ff510f4d Downloading 36.7MB
 dff64405c6d1 Extracting 1B
 f9c0805c25ee Downloading 36.7MB
 7a916c554786 Downloading 36.7MB
 0cf5ff510f4d Downloading 36.7MB
 dff64405c6d1 Extracting 1B
 f9c0805c25ee Downloading 36.7MB
 7a916c554786 Downloading 36.7MB
 0cf5ff510f4d Downloading 36.7MB
 dff64405c6d1 Extracting 1B
 f9c0805c25ee Downloading 36.7MB
 7a916c554786 Downloading 36.7MB
 0cf5ff510f4d Downloading 36.7MB
 dff64405c6d1 Extracting 1B
 f9c0805c25ee Downloading 36.7MB
 7a916c554786 Downloading 36.7MB
 0cf5ff510f4d Downloading 36.7MB
 dff64405c6d1 Extracting 1B
 f9c0805c25ee Downloading 36.7MB
 7a916c554786 Downloading 36.7MB
 0cf5ff510f4d Downloading 36.7MB
 dff64405c6d1 Extracting 1B
 f9c0805c25ee Downloading 36.7MB
 7a916c554786 Downloading 36.7MB
 0cf5ff510f4d Downloading 36.7MB
 dff64405c6d1 Extracting 1B
 f9c0805c25ee Downloading 37.75MB
 7a916c554786 Downloading 36.7MB
 0cf5ff510f4d Downloading 36.7MB
 dff64405c6d1 Extracting 2B
 f9c0805c25ee Downloading 37.75MB
 7a916c554786 Downloading 37.75MB
 0cf5ff510f4d Downloading 36.7MB
 dff64405c6d1 Extracting 2B
 f9c0805c25ee Downloading 37.75MB
 7a916c554786 Downloading 37.75MB
 0cf5ff510f4d Downloading 36.7MB
 dff64405c6d1 Extracting 2B
 f9c0805c25ee Downloading 37.75MB
 7a916c554786 Downloading 37.75MB
 0cf5ff510f4d Downloading 36.7MB
 dff64405c6d1 Extracting 2B
 f9c0805c25ee Downloading 37.75MB
 7a916c554786 Downloading 37.75MB
 0cf5ff510f4d Downloading 37.75MB
 dff64405c6d1 Extracting 2B
 f9c0805c25ee Downloading 37.75MB
 7a916c554786 Downloading 37.75MB
 0cf5ff510f4d Downloading 37.75MB
 dff64405c6d1 Pull complete 0B
 f9c0805c25ee Downloading 37.75MB
 7a916c554786 Downloading 37.75MB
 0cf5ff510f4d Downloading 37.75MB
 785a4daac1b2 Pull complete 0B
 f9c0805c25ee Downloading 37.75MB
 0cf5ff510f4d Downloading 37.75MB
 7a916c554786 Downloading 37.75MB
 f9c0805c25ee Downloading 37.75MB
 7a916c554786 Downloading 37.75MB
 0cf5ff510f4d Downloading 37.75MB
 f9c0805c25ee Downloading 37.75MB
 7a916c554786 Downloading 37.75MB
 0cf5ff510f4d Downloading 37.75MB
 f9c0805c25ee Downloading 37.75MB
 7a916c554786 Downloading 37.75MB
 0cf5ff510f4d Downloading 37.75MB
 f9c0805c25ee Downloading 37.75MB
 7a916c554786 Downloading 37.75MB
 0cf5ff510f4d Downloading 37.75MB
 f9c0805c25ee Downloading 37.75MB
 7a916c554786 Downloading 37.75MB
 0cf5ff510f4d Downloading 37.75MB
 f9c0805c25ee Downloading 37.75MB
 7a916c554786 Downloading 37.75MB
 0cf5ff510f4d Downloading 37.75MB
 f9c0805c25ee Downloading 37.75MB
 7a916c554786 Downloading 37.75MB
 0cf5ff510f4d Downloading 37.75MB
 f9c0805c25ee Downloading 38.8MB
 7a916c554786 Downloading 37.75MB
 0cf5ff510f4d Downloading 37.75MB
 f9c0805c25ee Downloading 38.8MB
 7a916c554786 Downloading 37.75MB
 0cf5ff510f4d Downloading 37.75MB
 f9c0805c25ee Downloading 38.8MB
 7a916c554786 Downloading 37.75MB
 0cf5ff510f4d Downloading 37.75MB
 f9c0805c25ee Downloading 38.8MB
 0cf5ff510f4d Downloading 37.75MB
 7a916c554786 Downloading 37.75MB
 f9c0805c25ee Downloading 38.8MB
 7a916c554786 Downloading 37.75MB
 0cf5ff510f4d Downloading 37.75MB
 f9c0805c25ee Downloading 38.8MB
 0cf5ff510f4d Downloading 37.75MB
 7a916c554786 Downloading 37.75MB
 f9c0805c25ee Downloading 38.8MB
 0cf5ff510f4d Downloading 37.75MB
 7a916c554786 Downloading 37.75MB
 f9c0805c25ee Downloading 38.8MB
 7a916c554786 Downloading 38.8MB
 0cf5ff510f4d Downloading 37.75MB
 f9c0805c25ee Download complete 0B
 f9c0805c25ee Extracting 1B
 7a916c554786 Downloading 38.8MB
 0cf5ff510f4d Downloading 38.8MB
 f9c0805c25ee Extracting 1B
 7a916c554786 Downloading 38.8MB
 0cf5ff510f4d Downloading 38.8MB
 7a916c554786 Downloading 38.8MB
 0cf5ff510f4d Downloading 38.8MB
 f9c0805c25ee Extracting 1B
 f9c0805c25ee Extracting 1B
 7a916c554786 Downloading 38.8MB
 0cf5ff510f4d Downloading 38.8MB
 7a916c554786 Downloading 38.8MB
 0cf5ff510f4d Downloading 38.8MB
 f9c0805c25ee Extracting 1B
 f9c0805c25ee Extracting 1B
 7a916c554786 Downloading 38.8MB
 0cf5ff510f4d Downloading 38.8MB
 0cf5ff510f4d Downloading 38.8MB
 7a916c554786 Downloading 38.8MB
 f9c0805c25ee Extracting 1B
 f9c0805c25ee Extracting 1B
 0cf5ff510f4d Downloading 38.8MB
 7a916c554786 Downloading 38.8MB
 7a916c554786 Downloading 38.8MB
 0cf5ff510f4d Downloading 38.8MB
 f9c0805c25ee Extracting 1B
 f9c0805c25ee Extracting 1B
 7a916c554786 Downloading 38.8MB
 0cf5ff510f4d Downloading 38.8MB
 7a916c554786 Downloading 38.8MB
 0cf5ff510f4d Downloading 38.8MB
 f9c0805c25ee Extracting 2B
 f9c0805c25ee Extracting 2B
 0cf5ff510f4d Downloading 38.8MB
 7a916c554786 Downloading 38.8MB
 f9c0805c25ee Extracting 2B
 7a916c554786 Downloading 38.8MB
 0cf5ff510f4d Downloading 38.8MB
 7a916c554786 Downloading 38.8MB
 0cf5ff510f4d Downloading 38.8MB
 f9c0805c25ee Extracting 2B
 0cf5ff510f4d Downloading 38.8MB
 7a916c554786 Downloading 39.85MB
 f9c0805c25ee Extracting 2B
 7a916c554786 Downloading 39.85MB
 0cf5ff510f4d Downloading 38.8MB
 f9c0805c25ee Extracting 2B
 0cf5ff510f4d Downloading 38.8MB
 7a916c554786 Downloading 39.85MB
 1008deaf6ec4 Extracting 1B
 f9c0805c25ee Pull complete 0B
 1008deaf6ec4 Extracting 1B
 7a916c554786 Downloading 39.85MB
 0cf5ff510f4d Downloading 39.85MB
 1008deaf6ec4 Extracting 1B
 7a916c554786 Downloading 39.85MB
 0cf5ff510f4d Downloading 39.85MB
 0cf5ff510f4d Downloading 39.85MB
 1008deaf6ec4 Extracting 1B
 7a916c554786 Downloading 39.85MB
 1008deaf6ec4 Extracting 1B
 7a916c554786 Downloading 39.85MB
 0cf5ff510f4d Downloading 39.85MB
 71e9fc939447 Extracting 1B
 1008deaf6ec4 Pull complete 0B
 7a916c554786 Downloading 40.89MB
 0cf5ff510f4d Downloading 39.85MB
 71e9fc939447 Pull complete 0B
 7a916c554786 Downloading 40.89MB
 0cf5ff510f4d Downloading 39.85MB
 c1bc68842c41 Pull complete 0B
 7a916c554786 Downloading 40.89MB
 0cf5ff510f4d Downloading 39.85MB
 0288b5a0d7e7 Pull complete 0B
 34013573f278 Extracting 1B
 7a916c554786 Downloading 40.89MB
 0cf5ff510f4d Downloading 39.85MB
 34013573f278 Pull complete 0B
 Image minio/minio:latest Pulled 
 7a916c554786 Downloading 40.89MB
 0cf5ff510f4d Downloading 39.85MB
 7a916c554786 Downloading 40.89MB
 0cf5ff510f4d Downloading 39.85MB
 7a916c554786 Downloading 40.89MB
 0cf5ff510f4d Downloading 40.89MB
 7a916c554786 Downloading 40.89MB
 0cf5ff510f4d Downloading 40.89MB
 7a916c554786 Downloading 40.89MB
 0cf5ff510f4d Downloading 40.89MB
 7a916c554786 Downloading 40.89MB
 0cf5ff510f4d Downloading 40.89MB
 7a916c554786 Downloading 40.89MB
 0cf5ff510f4d Downloading 40.89MB
 7a916c554786 Downloading 40.89MB
 0cf5ff510f4d Downloading 40.89MB
 7a916c554786 Downloading 40.89MB
 0cf5ff510f4d Downloading 40.89MB
 7a916c554786 Downloading 41.94MB
 0cf5ff510f4d Downloading 40.89MB
 7a916c554786 Downloading 41.94MB
 0cf5ff510f4d Downloading 40.89MB
 7a916c554786 Downloading 41.94MB
 0cf5ff510f4d Downloading 40.89MB
 0cf5ff510f4d Downloading 40.89MB
 7a916c554786 Downloading 41.94MB
 7a916c554786 Downloading 41.94MB
 0cf5ff510f4d Downloading 40.89MB
 7a916c554786 Downloading 41.94MB
 0cf5ff510f4d Downloading 40.89MB
 7a916c554786 Downloading 41.94MB
 0cf5ff510f4d Downloading 40.89MB
 7a916c554786 Downloading 41.94MB
 0cf5ff510f4d Downloading 40.89MB
 0cf5ff510f4d Downloading 40.89MB
 7a916c554786 Downloading 41.94MB
 7a916c554786 Downloading 41.94MB
 0cf5ff510f4d Downloading 40.89MB
 7a916c554786 Downloading 41.94MB
 0cf5ff510f4d Downloading 40.89MB
 0cf5ff510f4d Downloading 41.94MB
 7a916c554786 Downloading 41.94MB
 7a916c554786 Downloading 42.99MB
 0cf5ff510f4d Downloading 41.94MB
 7a916c554786 Downloading 42.99MB
 0cf5ff510f4d Downloading 41.94MB
 0cf5ff510f4d Downloading 41.94MB
 7a916c554786 Downloading 42.99MB
 7a916c554786 Downloading 42.99MB
 0cf5ff510f4d Downloading 42.99MB
 7a916c554786 Downloading 42.99MB
 0cf5ff510f4d Downloading 42.99MB
 7a916c554786 Downloading 42.99MB
 0cf5ff510f4d Downloading 42.99MB
 7a916c554786 Downloading 42.99MB
 0cf5ff510f4d Downloading 42.99MB
 7a916c554786 Downloading 42.99MB
 0cf5ff510f4d Downloading 42.99MB
 7a916c554786 Downloading 42.99MB
 0cf5ff510f4d Downloading 42.99MB
 0cf5ff510f4d Downloading 42.99MB
 7a916c554786 Downloading 42.99MB
 7a916c554786 Downloading 42.99MB
 0cf5ff510f4d Downloading 42.99MB
 7a916c554786 Downloading 42.99MB
 0cf5ff510f4d Downloading 42.99MB
 7a916c554786 Downloading 44.04MB
 0cf5ff510f4d Downloading 43.19MB
 7a916c554786 Downloading 44.04MB
 0cf5ff510f4d Downloading 44.04MB
 7a916c554786 Downloading 44.04MB
 0cf5ff510f4d Downloading 44.04MB
 7a916c554786 Downloading 44.04MB
 0cf5ff510f4d Downloading 44.04MB
 7a916c554786 Downloading 44.04MB
 0cf5ff510f4d Downloading 44.04MB
 7a916c554786 Downloading 44.04MB
 0cf5ff510f4d Downloading 44.04MB
 7a916c554786 Downloading 44.04MB
 0cf5ff510f4d Downloading 44.04MB
 7a916c554786 Downloading 44.04MB
 0cf5ff510f4d Downloading 44.04MB
 7a916c554786 Downloading 44.04MB
 0cf5ff510f4d Downloading 44.04MB
 7a916c554786 Downloading 44.04MB
 0cf5ff510f4d Downloading 44.04MB
 7a916c554786 Downloading 44.04MB
 0cf5ff510f4d Downloading 44.04MB
 7a916c554786 Downloading 45.09MB
 0cf5ff510f4d Downloading 44.04MB
 7a916c554786 Downloading 45.09MB
 0cf5ff510f4d Downloading 44.04MB
 7a916c554786 Downloading 45.09MB
 0cf5ff510f4d Downloading 44.04MB
 7a916c554786 Downloading 45.09MB
 0cf5ff510f4d Downloading 44.04MB
 7a916c554786 Downloading 45.09MB
 0cf5ff510f4d Downloading 45.09MB
 0cf5ff510f4d Downloading 45.09MB
 7a916c554786 Downloading 45.09MB
 7a916c554786 Downloading 45.09MB
 0cf5ff510f4d Downloading 45.09MB
 7a916c554786 Downloading 45.09MB
 0cf5ff510f4d Downloading 45.09MB
 7a916c554786 Downloading 45.09MB
 0cf5ff510f4d Downloading 45.09MB
 7a916c554786 Downloading 45.09MB
 0cf5ff510f4d Downloading 45.09MB
 7a916c554786 Downloading 45.09MB
 0cf5ff510f4d Downloading 45.09MB
 7a916c554786 Downloading 46.14MB
 0cf5ff510f4d Downloading 45.09MB
 7a916c554786 Downloading 46.14MB
 0cf5ff510f4d Downloading 45.09MB
 7a916c554786 Downloading 46.14MB
 0cf5ff510f4d Downloading 46.14MB
 0cf5ff510f4d Downloading 46.14MB
 7a916c554786 Downloading 46.14MB
 7a916c554786 Downloading 46.14MB
 0cf5ff510f4d Downloading 46.14MB
 7a916c554786 Downloading 46.14MB
 0cf5ff510f4d Downloading 46.14MB
 7a916c554786 Downloading 46.14MB
 0cf5ff510f4d Downloading 46.14MB
 7a916c554786 Downloading 46.14MB
 0cf5ff510f4d Downloading 46.14MB
 7a916c554786 Downloading 46.14MB
 0cf5ff510f4d Downloading 46.14MB
 7a916c554786 Downloading 47.19MB
 0cf5ff510f4d Downloading 46.14MB
 7a916c554786 Downloading 47.19MB
 0cf5ff510f4d Downloading 46.14MB
 7a916c554786 Downloading 47.19MB
 0cf5ff510f4d Downloading 46.14MB
 7a916c554786 Downloading 47.19MB
 0cf5ff510f4d Downloading 46.14MB
 7a916c554786 Downloading 47.19MB
 0cf5ff510f4d Downloading 46.14MB
 0cf5ff510f4d Downloading 46.14MB
 7a916c554786 Downloading 47.19MB
 0cf5ff510f4d Downloading 47.19MB
 7a916c554786 Downloading 47.19MB
 7a916c554786 Downloading 47.19MB
 0cf5ff510f4d Downloading 47.19MB
 7a916c554786 Downloading 47.19MB
 0cf5ff510f4d Downloading 47.19MB
 7a916c554786 Downloading 47.19MB
 0cf5ff510f4d Downloading 47.19MB
 7a916c554786 Downloading 47.19MB
 0cf5ff510f4d Downloading 47.19MB
 7a916c554786 Downloading 48.23MB
 0cf5ff510f4d Downloading 47.19MB
 7a916c554786 Downloading 48.23MB
 0cf5ff510f4d Downloading 47.19MB
 7a916c554786 Downloading 48.23MB
 0cf5ff510f4d Downloading 47.19MB
 7a916c554786 Downloading 48.23MB
 0cf5ff510f4d Downloading 47.19MB
 7a916c554786 Downloading 48.23MB
 0cf5ff510f4d Downloading 48.23MB
 7a916c554786 Downloading 48.23MB
 0cf5ff510f4d Downloading 48.23MB
 7a916c554786 Downloading 48.23MB
 0cf5ff510f4d Downloading 48.23MB
 7a916c554786 Downloading 48.23MB
 0cf5ff510f4d Downloading 48.23MB
 7a916c554786 Downloading 48.23MB
 0cf5ff510f4d Downloading 48.23MB
 0cf5ff510f4d Downloading 48.23MB
 7a916c554786 Downloading 48.23MB
 7a916c554786 Downloading 48.23MB
 0cf5ff510f4d Downloading 48.23MB
 7a916c554786 Downloading 48.23MB
 0cf5ff510f4d Downloading 48.23MB
 7a916c554786 Downloading 48.23MB
 0cf5ff510f4d Downloading 48.23MB
 7a916c554786 Downloading 49.28MB
 0cf5ff510f4d Downloading 48.23MB
 0cf5ff510f4d Downloading 48.23MB
 7a916c554786 Downloading 49.28MB
 7a916c554786 Downloading 49.28MB
 0cf5ff510f4d Downloading 48.23MB
 7a916c554786 Downloading 49.28MB
 0cf5ff510f4d Downloading 48.23MB
 7a916c554786 Downloading 49.28MB
 0cf5ff510f4d Downloading 48.23MB
 7a916c554786 Downloading 49.28MB
 0cf5ff510f4d Downloading 48.23MB
 7a916c554786 Downloading 49.28MB
 0cf5ff510f4d Downloading 49.28MB
 7a916c554786 Downloading 49.28MB
 0cf5ff510f4d Downloading 49.28MB
 7a916c554786 Downloading 49.28MB
 0cf5ff510f4d Downloading 49.28MB
 7a916c554786 Downloading 49.28MB
 0cf5ff510f4d Downloading 49.28MB
 7a916c554786 Downloading 49.28MB
 0cf5ff510f4d Downloading 49.28MB
 7a916c554786 Downloading 50.33MB
 0cf5ff510f4d Downloading 49.28MB
 7a916c554786 Downloading 50.33MB
 0cf5ff510f4d Downloading 49.28MB
 7a916c554786 Downloading 50.33MB
 0cf5ff510f4d Downloading 49.28MB
 0cf5ff510f4d Downloading 49.28MB
 7a916c554786 Downloading 50.33MB
 7a916c554786 Downloading 50.33MB
 0cf5ff510f4d Downloading 50.33MB
 0cf5ff510f4d Downloading 50.33MB
 7a916c554786 Downloading 50.33MB
 7a916c554786 Downloading 50.33MB
 0cf5ff510f4d Downloading 50.33MB
 7a916c554786 Downloading 50.33MB
 0cf5ff510f4d Downloading 50.33MB
 7a916c554786 Downloading 50.33MB
 0cf5ff510f4d Downloading 50.33MB
 7a916c554786 Downloading 50.33MB
 0cf5ff510f4d Downloading 50.33MB
 7a916c554786 Downloading 50.33MB
 0cf5ff510f4d Downloading 50.33MB
 7a916c554786 Downloading 50.33MB
 0cf5ff510f4d Downloading 50.33MB
 7a916c554786 Downloading 51.38MB
 0cf5ff510f4d Downloading 50.33MB
 7a916c554786 Downloading 51.38MB
 0cf5ff510f4d Downloading 50.33MB
 7a916c554786 Downloading 51.38MB
 0cf5ff510f4d Downloading 51.38MB
 7a916c554786 Downloading 51.38MB
 0cf5ff510f4d Downloading 51.38MB
 7a916c554786 Downloading 51.38MB
 0cf5ff510f4d Downloading 51.38MB
 7a916c554786 Downloading 51.38MB
 0cf5ff510f4d Downloading 51.38MB
 7a916c554786 Downloading 51.38MB
 0cf5ff510f4d Downloading 51.38MB
 7a916c554786 Downloading 51.38MB
 0cf5ff510f4d Downloading 51.38MB
 7a916c554786 Downloading 51.38MB
 0cf5ff510f4d Downloading 51.38MB
 0cf5ff510f4d Downloading 51.38MB
 7a916c554786 Downloading 52.43MB
 7a916c554786 Downloading 52.43MB
 0cf5ff510f4d Downloading 51.38MB
 7a916c554786 Downloading 52.43MB
 0cf5ff510f4d Downloading 51.38MB
 7a916c554786 Downloading 52.43MB
 0cf5ff510f4d Downloading 51.38MB
 0cf5ff510f4d Downloading 51.38MB
 7a916c554786 Downloading 52.43MB
 7a916c554786 Downloading 52.43MB
 0cf5ff510f4d Downloading 51.38MB
 7a916c554786 Downloading 52.43MB
 0cf5ff510f4d Downloading 52.43MB
 7a916c554786 Downloading 52.43MB
 0cf5ff510f4d Downloading 52.43MB
 7a916c554786 Downloading 52.43MB
 0cf5ff510f4d Downloading 52.43MB
 7a916c554786 Downloading 52.43MB
 0cf5ff510f4d Downloading 52.43MB
 7a916c554786 Downloading 52.43MB
 0cf5ff510f4d Downloading 52.43MB
 0cf5ff510f4d Downloading 52.43MB
 7a916c554786 Downloading 52.43MB
 7a916c554786 Downloading 52.43MB
 0cf5ff510f4d Downloading 52.43MB
 7a916c554786 Downloading 53.48MB
 0cf5ff510f4d Downloading 52.43MB
 7a916c554786 Downloading 53.48MB
 0cf5ff510f4d Downloading 52.43MB
 7a916c554786 Downloading 53.48MB
 0cf5ff510f4d Downloading 52.43MB
 7a916c554786 Downloading 53.48MB
 0cf5ff510f4d Downloading 52.43MB
 7a916c554786 Downloading 53.48MB
 0cf5ff510f4d Downloading 52.43MB
 7a916c554786 Downloading 53.48MB
 0cf5ff510f4d Downloading 52.43MB
 7a916c554786 Downloading 53.48MB
 0cf5ff510f4d Downloading 52.43MB
 7a916c554786 Downloading 53.48MB
 0cf5ff510f4d Downloading 53.48MB
 0cf5ff510f4d Downloading 53.48MB
 7a916c554786 Downloading 53.48MB
 7a916c554786 Downloading 53.48MB
 0cf5ff510f4d Downloading 53.48MB
 7a916c554786 Downloading 53.48MB
 0cf5ff510f4d Downloading 53.48MB
 7a916c554786 Downloading 53.48MB
 0cf5ff510f4d Downloading 53.48MB
 7a916c554786 Downloading 53.48MB
 0cf5ff510f4d Downloading 53.48MB
 0cf5ff510f4d Downloading 53.48MB
 7a916c554786 Downloading 54.53MB
 7a916c554786 Downloading 54.53MB
 0cf5ff510f4d Downloading 53.48MB
 0cf5ff510f4d Downloading 53.48MB
 7a916c554786 Downloading 54.53MB
 7a916c554786 Downloading 54.53MB
 0cf5ff510f4d Downloading 53.48MB
 7a916c554786 Downloading 54.53MB
 0cf5ff510f4d Downloading 53.48MB
 7a916c554786 Downloading 54.53MB
 0cf5ff510f4d Downloading 53.48MB
 7a916c554786 Downloading 54.53MB
 0cf5ff510f4d Downloading 54.53MB
 7a916c554786 Downloading 54.53MB
 0cf5ff510f4d Downloading 54.53MB
 7a916c554786 Downloading 54.53MB
 0cf5ff510f4d Downloading 54.53MB
 0cf5ff510f4d Downloading 54.53MB
 7a916c554786 Downloading 54.53MB
 7a916c554786 Downloading 54.53MB
 0cf5ff510f4d Downloading 54.53MB
 7a916c554786 Downloading 54.53MB
 0cf5ff510f4d Downloading 54.53MB
 7a916c554786 Downloading 55.57MB
 0cf5ff510f4d Downloading 54.53MB
 7a916c554786 Downloading 55.57MB
 0cf5ff510f4d Downloading 54.53MB
 7a916c554786 Downloading 55.57MB
 0cf5ff510f4d Downloading 54.53MB
 7a916c554786 Downloading 55.57MB
 0cf5ff510f4d Downloading 54.53MB
 7a916c554786 Downloading 55.57MB
 0cf5ff510f4d Downloading 54.53MB
 7a916c554786 Downloading 55.57MB
 0cf5ff510f4d Downloading 54.53MB
 0cf5ff510f4d Downloading 54.53MB
 7a916c554786 Downloading 55.57MB
 0cf5ff510f4d Downloading 55.57MB
 7a916c554786 Downloading 55.57MB
 7a916c554786 Downloading 55.57MB
 0cf5ff510f4d Downloading 55.57MB
 7a916c554786 Downloading 55.57MB
 0cf5ff510f4d Downloading 55.57MB
 7a916c554786 Downloading 55.57MB
 0cf5ff510f4d Downloading 55.57MB
 7a916c554786 Downloading 55.57MB
 0cf5ff510f4d Downloading 55.57MB
 7a916c554786 Downloading 55.57MB
 0cf5ff510f4d Downloading 55.57MB
 7a916c554786 Downloading 55.57MB
 0cf5ff510f4d Downloading 55.57MB
 7a916c554786 Downloading 55.57MB
 0cf5ff510f4d Downloading 55.57MB
 7a916c554786 Downloading 56.62MB
 0cf5ff510f4d Downloading 55.57MB
 7a916c554786 Downloading 56.62MB
 0cf5ff510f4d Downloading 55.57MB
 7a916c554786 Downloading 56.62MB
 0cf5ff510f4d Downloading 55.57MB
 7a916c554786 Downloading 56.62MB
 0cf5ff510f4d Downloading 55.57MB
 7a916c554786 Downloading 56.62MB
 0cf5ff510f4d Downloading 55.71MB
 7a916c554786 Downloading 56.62MB
 0cf5ff510f4d Downloading 56.62MB
 7a916c554786 Downloading 56.62MB
 0cf5ff510f4d Downloading 56.62MB
 7a916c554786 Downloading 56.62MB
 0cf5ff510f4d Downloading 56.62MB
 7a916c554786 Downloading 56.62MB
 0cf5ff510f4d Downloading 56.62MB
 7a916c554786 Downloading 56.62MB
 0cf5ff510f4d Downloading 56.62MB
 7a916c554786 Downloading 56.62MB
 0cf5ff510f4d Downloading 56.62MB
 7a916c554786 Downloading 57.67MB
 0cf5ff510f4d Downloading 56.62MB
 7a916c554786 Downloading 57.67MB
 0cf5ff510f4d Downloading 56.62MB
 7a916c554786 Downloading 57.67MB
 0cf5ff510f4d Downloading 57.67MB
 7a916c554786 Downloading 57.67MB
 0cf5ff510f4d Downloading 57.67MB
 7a916c554786 Downloading 57.67MB
 0cf5ff510f4d Downloading 57.67MB
 0cf5ff510f4d Downloading 57.67MB
 7a916c554786 Downloading 57.67MB
 7a916c554786 Downloading 57.67MB
 0cf5ff510f4d Downloading 57.67MB
 7a916c554786 Downloading 57.67MB
 0cf5ff510f4d Downloading 57.67MB
 7a916c554786 Downloading 57.67MB
 0cf5ff510f4d Downloading 57.67MB
 7a916c554786 Downloading 57.67MB
 0cf5ff510f4d Downloading 57.67MB
 7a916c554786 Downloading 57.67MB
 0cf5ff510f4d Downloading 57.67MB
 7a916c554786 Downloading 57.67MB
 0cf5ff510f4d Downloading 57.67MB
 7a916c554786 Downloading 57.67MB
 0cf5ff510f4d Downloading 57.67MB
 0cf5ff510f4d Downloading 57.67MB
 7a916c554786 Downloading 57.67MB
 0cf5ff510f4d Downloading 57.67MB
 7a916c554786 Downloading 57.67MB
 7a916c554786 Downloading 57.67MB
 0cf5ff510f4d Downloading 57.67MB
 7a916c554786 Downloading 57.67MB
 0cf5ff510f4d Downloading 57.67MB
 7a916c554786 Downloading 57.67MB
 0cf5ff510f4d Downloading 57.67MB
 7a916c554786 Downloading 57.67MB
 0cf5ff510f4d Downloading 57.67MB
 7a916c554786 Downloading 57.67MB
 0cf5ff510f4d Downloading 57.67MB
 7a916c554786 Downloading 58.72MB
 0cf5ff510f4d Downloading 58.72MB
 7a916c554786 Downloading 58.72MB
 0cf5ff510f4d Downloading 58.72MB
 7a916c554786 Downloading 58.72MB
 0cf5ff510f4d Downloading 58.72MB
 0cf5ff510f4d Downloading 58.72MB
 7a916c554786 Downloading 58.72MB
 7a916c554786 Downloading 58.72MB
 0cf5ff510f4d Downloading 58.72MB
 7a916c554786 Downloading 58.72MB
 0cf5ff510f4d Downloading 58.72MB
 7a916c554786 Downloading 58.72MB
 0cf5ff510f4d Downloading 58.72MB
 7a916c554786 Downloading 58.72MB
 0cf5ff510f4d Downloading 58.72MB
 7a916c554786 Downloading 58.72MB
 0cf5ff510f4d Downloading 58.72MB
 7a916c554786 Downloading 58.72MB
 0cf5ff510f4d Downloading 58.72MB
 7a916c554786 Downloading 58.72MB
 0cf5ff510f4d Downloading 58.72MB
 0cf5ff510f4d Downloading 58.72MB
 7a916c554786 Downloading 59.77MB
 7a916c554786 Downloading 59.77MB
 0cf5ff510f4d Downloading 58.72MB
 7a916c554786 Downloading 59.77MB
 0cf5ff510f4d Downloading 59.54MB
 0cf5ff510f4d Downloading 59.77MB
 7a916c554786 Downloading 59.77MB
 7a916c554786 Downloading 59.77MB
 0cf5ff510f4d Downloading 59.77MB
 7a916c554786 Downloading 59.77MB
 0cf5ff510f4d Downloading 59.77MB
 7a916c554786 Downloading 59.77MB
 0cf5ff510f4d Downloading 59.77MB
 7a916c554786 Downloading 59.77MB
 0cf5ff510f4d Downloading 59.77MB
 7a916c554786 Downloading 59.77MB
 0cf5ff510f4d Downloading 59.77MB
 7a916c554786 Downloading 59.77MB
 0cf5ff510f4d Downloading 59.77MB
 0cf5ff510f4d Downloading 59.77MB
 7a916c554786 Downloading 59.77MB
 7a916c554786 Downloading 59.77MB
 0cf5ff510f4d Downloading 59.77MB
 7a916c554786 Downloading 60.82MB
 0cf5ff510f4d Downloading 59.77MB
 7a916c554786 Downloading 60.82MB
 0cf5ff510f4d Downloading 59.77MB
 7a916c554786 Downloading 60.82MB
 0cf5ff510f4d Downloading 59.77MB
 7a916c554786 Downloading 60.82MB
 0cf5ff510f4d Downloading 60.82MB
 7a916c554786 Downloading 60.82MB
 0cf5ff510f4d Downloading 60.82MB
 7a916c554786 Downloading 60.82MB
 0cf5ff510f4d Downloading 60.82MB
 7a916c554786 Downloading 60.82MB
 0cf5ff510f4d Downloading 60.82MB
 7a916c554786 Downloading 60.82MB
 0cf5ff510f4d Downloading 60.82MB
 7a916c554786 Downloading 60.82MB
 0cf5ff510f4d Downloading 60.82MB
 7a916c554786 Downloading 60.82MB
 0cf5ff510f4d Downloading 60.82MB
 7a916c554786 Downloading 60.82MB
 0cf5ff510f4d Downloading 60.82MB
 7a916c554786 Downloading 60.82MB
 0cf5ff510f4d Downloading 60.82MB
 7a916c554786 Downloading 60.82MB
 0cf5ff510f4d Downloading 60.82MB
 7a916c554786 Downloading 60.82MB
 0cf5ff510f4d Downloading 60.82MB
 0cf5ff510f4d Downloading 60.82MB
 7a916c554786 Downloading 60.82MB
 7a916c554786 Downloading 60.82MB
 0cf5ff510f4d Downloading 61.87MB
 7a916c554786 Downloading 60.82MB
 0cf5ff510f4d Downloading 61.87MB
 0cf5ff510f4d Downloading 61.87MB
 7a916c554786 Downloading 61.87MB
 7a916c554786 Downloading 61.87MB
 0cf5ff510f4d Downloading 61.87MB
 7a916c554786 Downloading 61.87MB
 0cf5ff510f4d Downloading 61.87MB
 7a916c554786 Downloading 61.87MB
 0cf5ff510f4d Downloading 61.87MB
 0cf5ff510f4d Downloading 61.87MB
 7a916c554786 Downloading 61.87MB
 7a916c554786 Downloading 61.87MB
 0cf5ff510f4d Downloading 61.87MB
 7a916c554786 Downloading 61.87MB
 0cf5ff510f4d Downloading 62.91MB
 7a916c554786 Downloading 61.87MB
 0cf5ff510f4d Downloading 62.91MB
 7a916c554786 Downloading 61.87MB
 0cf5ff510f4d Downloading 62.91MB
 7a916c554786 Downloading 61.87MB
 0cf5ff510f4d Downloading 62.91MB
 7a916c554786 Downloading 61.87MB
 0cf5ff510f4d Downloading 62.91MB
 7a916c554786 Downloading 62.91MB
 0cf5ff510f4d Downloading 62.91MB
 0cf5ff510f4d Downloading 62.91MB
 7a916c554786 Downloading 62.91MB
 7a916c554786 Downloading 62.91MB
 0cf5ff510f4d Downloading 62.91MB
 7a916c554786 Downloading 62.91MB
 0cf5ff510f4d Downloading 62.91MB
 7a916c554786 Downloading 62.91MB
 0cf5ff510f4d Downloading 62.91MB
 7a916c554786 Downloading 62.91MB
 0cf5ff510f4d Downloading 63.96MB
 7a916c554786 Downloading 62.91MB
 0cf5ff510f4d Downloading 63.96MB
 7a916c554786 Downloading 62.91MB
 0cf5ff510f4d Downloading 63.96MB
 7a916c554786 Downloading 62.91MB
 0cf5ff510f4d Downloading 63.96MB
 7a916c554786 Downloading 63.96MB
 0cf5ff510f4d Downloading 63.96MB
 7a916c554786 Downloading 63.96MB
 0cf5ff510f4d Downloading 63.96MB
 7a916c554786 Downloading 63.96MB
 0cf5ff510f4d Downloading 63.96MB
 0cf5ff510f4d Downloading 63.96MB
 7a916c554786 Downloading 63.96MB
 7a916c554786 Downloading 63.96MB
 0cf5ff510f4d Downloading 63.96MB
 7a916c554786 Downloading 63.96MB
 0cf5ff510f4d Downloading 65.01MB
 7a916c554786 Downloading 63.96MB
 0cf5ff510f4d Downloading 65.01MB
 7a916c554786 Downloading 63.96MB
 0cf5ff510f4d Downloading 65.01MB
 7a916c554786 Downloading 63.96MB
 0cf5ff510f4d Downloading 65.01MB
 7a916c554786 Downloading 63.96MB
 0cf5ff510f4d Downloading 65.01MB
 0cf5ff510f4d Downloading 65.01MB
 7a916c554786 Downloading 65.01MB
 7a916c554786 Downloading 65.01MB
 0cf5ff510f4d Downloading 65.01MB
 7a916c554786 Downloading 65.01MB
 0cf5ff510f4d Downloading 65.01MB
 7a916c554786 Downloading 65.01MB
 0cf5ff510f4d Downloading 66.06MB
 7a916c554786 Downloading 65.01MB
 0cf5ff510f4d Downloading 66.06MB
 7a916c554786 Downloading 65.01MB
 0cf5ff510f4d Downloading 66.06MB
 7a916c554786 Downloading 66.06MB
 0cf5ff510f4d Downloading 66.06MB
 0cf5ff510f4d Downloading 66.06MB
 7a916c554786 Downloading 66.06MB
 0cf5ff510f4d Downloading 66.06MB
 7a916c554786 Downloading 66.06MB
 7a916c554786 Downloading 66.06MB
 0cf5ff510f4d Downloading 66.06MB
 7a916c554786 Downloading 66.06MB
 0cf5ff510f4d Downloading 66.06MB
 7a916c554786 Downloading 66.06MB
 0cf5ff510f4d Downloading 67.11MB
 7a916c554786 Downloading 66.06MB
 0cf5ff510f4d Downloading 67.11MB
 7a916c554786 Downloading 66.06MB
 0cf5ff510f4d Downloading 67.11MB
 7a916c554786 Downloading 67.11MB
 0cf5ff510f4d Downloading 67.11MB
 7a916c554786 Downloading 67.11MB
 0cf5ff510f4d Downloading 67.11MB
 7a916c554786 Downloading 67.11MB
 0cf5ff510f4d Downloading 67.11MB
 0cf5ff510f4d Downloading 67.11MB
 7a916c554786 Downloading 67.11MB
 7a916c554786 Downloading 67.11MB
 0cf5ff510f4d Downloading 67.11MB
 7a916c554786 Downloading 67.11MB
 0cf5ff510f4d Downloading 67.11MB
 7a916c554786 Downloading 68.16MB
 0cf5ff510f4d Downloading 68.16MB
 7a916c554786 Downloading 68.16MB
 0cf5ff510f4d Downloading 68.16MB
 7a916c554786 Downloading 68.16MB
 0cf5ff510f4d Downloading 68.16MB
 7a916c554786 Downloading 68.16MB
 0cf5ff510f4d Downloading 68.16MB
 7a916c554786 Downloading 68.16MB
 0cf5ff510f4d Downloading 68.16MB
 7a916c554786 Downloading 68.16MB
 0cf5ff510f4d Downloading 68.16MB
 7a916c554786 Downloading 68.16MB
 0cf5ff510f4d Downloading 69.21MB
 7a916c554786 Downloading 69.21MB
 0cf5ff510f4d Downloading 69.21MB
 7a916c554786 Downloading 69.21MB
 0cf5ff510f4d Downloading 69.21MB
 7a916c554786 Downloading 69.21MB
 0cf5ff510f4d Downloading 69.21MB
 7a916c554786 Downloading 69.21MB
 0cf5ff510f4d Downloading 69.21MB
 7a916c554786 Downloading 69.21MB
 0cf5ff510f4d Downloading 69.21MB
 7a916c554786 Downloading 69.21MB
 0cf5ff510f4d Downloading 70.25MB
 7a916c554786 Downloading 69.21MB
 0cf5ff510f4d Downloading 70.25MB
 7a916c554786 Downloading 69.21MB
 0cf5ff510f4d Downloading 70.25MB
 7a916c554786 Downloading 70.25MB
 0cf5ff510f4d Downloading 70.25MB
 7a916c554786 Downloading 70.25MB
 0cf5ff510f4d Downloading 70.25MB
 7a916c554786 Downloading 70.25MB
 0cf5ff510f4d Downloading 71.3MB
 7a916c554786 Downloading 70.25MB
 0cf5ff510f4d Downloading 71.3MB
 7a916c554786 Downloading 70.25MB
 0cf5ff510f4d Downloading 71.3MB
 7a916c554786 Downloading 70.25MB
 0cf5ff510f4d Downloading 71.3MB
 7a916c554786 Downloading 70.25MB
 0cf5ff510f4d Downloading 71.3MB
 7a916c554786 Downloading 70.25MB
 0cf5ff510f4d Downloading 71.3MB
 7a916c554786 Downloading 71.3MB
 0cf5ff510f4d Downloading 71.3MB
 7a916c554786 Downloading 71.3MB
 0cf5ff510f4d Downloading 71.3MB
 7a916c554786 Downloading 71.3MB
 0cf5ff510f4d Downloading 72.35MB
 7a916c554786 Downloading 71.3MB
 0cf5ff510f4d Downloading 72.35MB
 7a916c554786 Downloading 71.3MB
 0cf5ff510f4d Downloading 72.35MB
 7a916c554786 Downloading 72.35MB
 0cf5ff510f4d Downloading 72.35MB
 7a916c554786 Downloading 72.35MB
 0cf5ff510f4d Downloading 72.35MB
 7a916c554786 Downloading 72.35MB
 0cf5ff510f4d Downloading 72.35MB
 7a916c554786 Downloading 72.35MB
 0cf5ff510f4d Downloading 73.4MB
 7a916c554786 Downloading 72.35MB
 0cf5ff510f4d Downloading 73.4MB
 7a916c554786 Downloading 73.4MB
 0cf5ff510f4d Downloading 73.4MB
 7a916c554786 Downloading 73.4MB
 0cf5ff510f4d Downloading 73.4MB
 7a916c554786 Downloading 73.4MB
 0cf5ff510f4d Downloading 73.4MB
 0cf5ff510f4d Downloading 73.4MB
 7a916c554786 Downloading 73.4MB
 7a916c554786 Downloading 73.4MB
 0cf5ff510f4d Downloading 73.4MB
 7a916c554786 Downloading 73.4MB
 0cf5ff510f4d Downloading 74.45MB
 7a916c554786 Downloading 73.4MB
 0cf5ff510f4d Downloading 74.45MB
 7a916c554786 Downloading 73.4MB
 0cf5ff510f4d Downloading 74.45MB
 7a916c554786 Downloading 74.45MB
 0cf5ff510f4d Downloading 74.45MB
 7a916c554786 Downloading 74.45MB
 0cf5ff510f4d Downloading 74.45MB
 7a916c554786 Downloading 74.45MB
 0cf5ff510f4d Downloading 74.45MB
 7a916c554786 Downloading 74.45MB
 0cf5ff510f4d Downloading 74.45MB
 7a916c554786 Downloading 74.45MB
 0cf5ff510f4d Downloading 74.45MB
 0cf5ff510f4d Downloading 74.45MB
 7a916c554786 Downloading 74.45MB
 7a916c554786 Downloading 74.45MB
 0cf5ff510f4d Downloading 74.45MB
 7a916c554786 Downloading 74.45MB
 0cf5ff510f4d Downloading 75.5MB
 7a916c554786 Downloading 74.45MB
 0cf5ff510f4d Downloading 75.5MB
 0cf5ff510f4d Downloading 75.5MB
 7a916c554786 Downloading 75.5MB
 7a916c554786 Downloading 75.5MB
 0cf5ff510f4d Downloading 75.5MB
 7a916c554786 Downloading 75.5MB
 0cf5ff510f4d Downloading 76.55MB
 0cf5ff510f4d Downloading 76.55MB
 7a916c554786 Downloading 75.5MB
 7a916c554786 Downloading 75.5MB
 0cf5ff510f4d Downloading 76.55MB
 7a916c554786 Downloading 75.5MB
 0cf5ff510f4d Downloading 76.55MB
 7a916c554786 Downloading 76.55MB
 0cf5ff510f4d Downloading 76.55MB
 7a916c554786 Downloading 76.55MB
 0cf5ff510f4d Downloading 76.55MB
 7a916c554786 Downloading 76.55MB
 0cf5ff510f4d Downloading 76.55MB
 7a916c554786 Downloading 76.55MB
 0cf5ff510f4d Downloading 76.55MB
 7a916c554786 Downloading 76.55MB
 0cf5ff510f4d Downloading 76.55MB
 7a916c554786 Downloading 76.55MB
 0cf5ff510f4d Downloading 77.59MB
 7a916c554786 Downloading 77.59MB
 0cf5ff510f4d Downloading 77.59MB
 7a916c554786 Downloading 77.59MB
 0cf5ff510f4d Downloading 77.59MB
 7a916c554786 Downloading 77.59MB
 0cf5ff510f4d Downloading 77.59MB
 7a916c554786 Downloading 77.59MB
 0cf5ff510f4d Downloading 77.59MB
 7a916c554786 Downloading 77.59MB
 0cf5ff510f4d Downloading 77.59MB
 7a916c554786 Downloading 77.59MB
 0cf5ff510f4d Downloading 77.59MB
 7a916c554786 Downloading 78MB
 0cf5ff510f4d Downloading 77.59MB
 7a916c554786 Downloading 78.64MB
 0cf5ff510f4d Downloading 78.64MB
 0cf5ff510f4d Downloading 78.64MB
 7a916c554786 Downloading 78.64MB
 7a916c554786 Downloading 78.64MB
 0cf5ff510f4d Downloading 78.64MB
 7a916c554786 Downloading 78.64MB
 0cf5ff510f4d Downloading 78.64MB
 7a916c554786 Downloading 78.64MB
 0cf5ff510f4d Downloading 78.64MB
 0cf5ff510f4d Downloading 78.64MB
 7a916c554786 Downloading 78.64MB
 7a916c554786 Downloading 78.64MB
 0cf5ff510f4d Downloading 78.64MB
 7a916c554786 Downloading 78.64MB
 0cf5ff510f4d Downloading 78.64MB
 7a916c554786 Downloading 78.64MB
 0cf5ff510f4d Downloading 79.69MB
 7a916c554786 Downloading 78.64MB
 0cf5ff510f4d Downloading 79.69MB
 7a916c554786 Downloading 79.69MB
 0cf5ff510f4d Downloading 79.69MB
 0cf5ff510f4d Downloading 79.69MB
 7a916c554786 Downloading 79.69MB
 7a916c554786 Downloading 79.69MB
 0cf5ff510f4d Downloading 79.69MB
 7a916c554786 Downloading 79.69MB
 0cf5ff510f4d Downloading 79.69MB
 0cf5ff510f4d Downloading 79.69MB
 7a916c554786 Downloading 79.69MB
 7a916c554786 Downloading 79.69MB
 0cf5ff510f4d Downloading 79.69MB
 7a916c554786 Downloading 79.69MB
 0cf5ff510f4d Downloading 79.69MB
 7a916c554786 Downloading 79.69MB
 0cf5ff510f4d Downloading 79.69MB
 0cf5ff510f4d Downloading 79.69MB
 7a916c554786 Downloading 79.69MB
 7a916c554786 Downloading 79.69MB
 0cf5ff510f4d Downloading 79.69MB
 7a916c554786 Downloading 79.69MB
 0cf5ff510f4d Downloading 79.69MB
 7a916c554786 Downloading 80.74MB
 0cf5ff510f4d Downloading 80.74MB
 0cf5ff510f4d Downloading 80.74MB
 7a916c554786 Downloading 80.74MB
 0cf5ff510f4d Downloading 80.74MB
 7a916c554786 Downloading 80.74MB
 7a916c554786 Downloading 80.74MB
 0cf5ff510f4d Downloading 80.74MB
 7a916c554786 Downloading 80.74MB
 0cf5ff510f4d Downloading 80.74MB
 0cf5ff510f4d Downloading 80.74MB
 7a916c554786 Downloading 80.74MB
 7a916c554786 Downloading 80.74MB
 0cf5ff510f4d Downloading 80.74MB
 7a916c554786 Downloading 80.74MB
 0cf5ff510f4d Downloading 80.74MB
 7a916c554786 Downloading 81.79MB
 0cf5ff510f4d Downloading 81.79MB
 0cf5ff510f4d Downloading 81.79MB
 7a916c554786 Downloading 81.79MB
 7a916c554786 Downloading 81.79MB
 0cf5ff510f4d Downloading 81.79MB
 7a916c554786 Downloading 81.79MB
 0cf5ff510f4d Downloading 81.79MB
 0cf5ff510f4d Downloading 81.79MB
 7a916c554786 Downloading 81.79MB
 0cf5ff510f4d Downloading 81.79MB
 7a916c554786 Downloading 81.79MB
 7a916c554786 Downloading 81.79MB
 0cf5ff510f4d Downloading 81.79MB
 7a916c554786 Downloading 81.79MB
 0cf5ff510f4d Downloading 81.79MB
 7a916c554786 Downloading 81.79MB
 0cf5ff510f4d Downloading 81.79MB
 7a916c554786 Downloading 82.84MB
 0cf5ff510f4d Downloading 82.84MB
 7a916c554786 Downloading 82.84MB
 0cf5ff510f4d Downloading 82.84MB
 7a916c554786 Downloading 82.84MB
 0cf5ff510f4d Downloading 82.84MB
 7a916c554786 Downloading 82.84MB
 0cf5ff510f4d Downloading 82.84MB
 7a916c554786 Downloading 82.84MB
 0cf5ff510f4d Downloading 82.84MB
 7a916c554786 Downloading 82.84MB
 0cf5ff510f4d Downloading 82.84MB
 7a916c554786 Downloading 82.84MB
 0cf5ff510f4d Downloading 82.84MB
 0cf5ff510f4d Downloading 82.84MB
 7a916c554786 Downloading 83.89MB
 0cf5ff510f4d Downloading 82.84MB
 7a916c554786 Downloading 83.89MB
 7a916c554786 Downloading 83.89MB
 0cf5ff510f4d Downloading 83.89MB
 7a916c554786 Downloading 83.89MB
 0cf5ff510f4d Downloading 83.89MB
 7a916c554786 Downloading 83.89MB
 0cf5ff510f4d Downloading 83.89MB
 7a916c554786 Downloading 83.89MB
 0cf5ff510f4d Downloading 83.89MB
 7a916c554786 Downloading 83.89MB
 0cf5ff510f4d Downloading 83.89MB
 7a916c554786 Downloading 83.89MB
 0cf5ff510f4d Downloading 83.89MB
 7a916c554786 Downloading 83.89MB
 0cf5ff510f4d Downloading 83.89MB
 7a916c554786 Downloading 84.93MB
 0cf5ff510f4d Downloading 84.93MB
 7a916c554786 Downloading 84.93MB
 0cf5ff510f4d Downloading 84.93MB
 0cf5ff510f4d Downloading 84.93MB
 7a916c554786 Downloading 84.93MB
 7a916c554786 Downloading 84.93MB
 0cf5ff510f4d Downloading 84.93MB
 7a916c554786 Downloading 84.93MB
 0cf5ff510f4d Downloading 84.93MB
 7a916c554786 Downloading 84.93MB
 0cf5ff510f4d Downloading 84.93MB
 7a916c554786 Downloading 84.93MB
 0cf5ff510f4d Downloading 84.93MB
 7a916c554786 Downloading 85.98MB
 0cf5ff510f4d Downloading 84.93MB
 7a916c554786 Downloading 85.98MB
 0cf5ff510f4d Downloading 85.98MB
 0cf5ff510f4d Downloading 85.98MB
 7a916c554786 Downloading 85.98MB
 7a916c554786 Downloading 85.98MB
 0cf5ff510f4d Downloading 85.98MB
 7a916c554786 Downloading 85.98MB
 0cf5ff510f4d Downloading 85.98MB
 7a916c554786 Downloading 85.98MB
 0cf5ff510f4d Downloading 85.98MB
 7a916c554786 Downloading 85.98MB
 0cf5ff510f4d Downloading 85.98MB
 7a916c554786 Downloading 87.03MB
 0cf5ff510f4d Downloading 85.98MB
 7a916c554786 Downloading 87.03MB
 0cf5ff510f4d Downloading 87.03MB
 7a916c554786 Downloading 87.03MB
 0cf5ff510f4d Downloading 87.03MB
 7a916c554786 Downloading 87.03MB
 0cf5ff510f4d Downloading 87.03MB
 7a916c554786 Downloading 87.03MB
 0cf5ff510f4d Downloading 87.03MB
 7a916c554786 Downloading 87.03MB
 0cf5ff510f4d Downloading 87.03MB
 7a916c554786 Downloading 87.03MB
 0cf5ff510f4d Downloading 87.03MB
 7a916c554786 Downloading 87.03MB
 0cf5ff510f4d Downloading 87.03MB
 7a916c554786 Downloading 88.08MB
 0cf5ff510f4d Downloading 87.03MB
 7a916c554786 Downloading 88.08MB
 0cf5ff510f4d Downloading 87.03MB
 7a916c554786 Downloading 88.08MB
 0cf5ff510f4d Downloading 87.03MB
 7a916c554786 Downloading 88.08MB
 0cf5ff510f4d Downloading 88.08MB
 7a916c554786 Downloading 88.08MB
 0cf5ff510f4d Downloading 88.08MB
 7a916c554786 Downloading 88.08MB
 0cf5ff510f4d Downloading 88.08MB
 7a916c554786 Downloading 88.08MB
 0cf5ff510f4d Downloading 88.08MB
 7a916c554786 Downloading 88.08MB
 0cf5ff510f4d Downloading 88.08MB
 7a916c554786 Downloading 88.08MB
 0cf5ff510f4d Downloading 88.08MB
 7a916c554786 Downloading 89.13MB
 0cf5ff510f4d Downloading 88.08MB
 7a916c554786 Downloading 89.13MB
 0cf5ff510f4d Downloading 88.08MB
 7a916c554786 Downloading 89.13MB
 0cf5ff510f4d Downloading 88.08MB
 7a916c554786 Downloading 89.13MB
 0cf5ff510f4d Downloading 89.13MB
 7a916c554786 Downloading 89.13MB
 0cf5ff510f4d Downloading 89.13MB
 0cf5ff510f4d Downloading 89.13MB
 7a916c554786 Downloading 89.13MB
 7a916c554786 Downloading 89.13MB
 0cf5ff510f4d Downloading 89.13MB
 7a916c554786 Downloading 89.13MB
 0cf5ff510f4d Downloading 89.13MB
 7a916c554786 Downloading 89.13MB
 0cf5ff510f4d Downloading 89.13MB
 7a916c554786 Downloading 89.13MB
 0cf5ff510f4d Downloading 89.13MB
 0cf5ff510f4d Downloading 89.13MB
 7a916c554786 Downloading 89.13MB
 7a916c554786 Downloading 89.13MB
 0cf5ff510f4d Downloading 89.13MB
 7a916c554786 Downloading 90.18MB
 0cf5ff510f4d Downloading 89.13MB
 0cf5ff510f4d Downloading 89.13MB
 7a916c554786 Downloading 90.18MB
 7a916c554786 Downloading 90.18MB
 0cf5ff510f4d Downloading 89.13MB
 7a916c554786 Downloading 90.18MB
 0cf5ff510f4d Downloading 90.18MB
 7a916c554786 Downloading 90.18MB
 0cf5ff510f4d Downloading 90.18MB
 7a916c554786 Downloading 90.18MB
 0cf5ff510f4d Downloading 90.18MB
 7a916c554786 Downloading 90.18MB
 0cf5ff510f4d Downloading 90.18MB
 7a916c554786 Downloading 90.18MB
 0cf5ff510f4d Downloading 90.18MB
 7a916c554786 Downloading 90.18MB
 0cf5ff510f4d Downloading 90.18MB
 7a916c554786 Downloading 91.23MB
 0cf5ff510f4d Downloading 90.18MB
 7a916c554786 Downloading 91.23MB
 0cf5ff510f4d Downloading 90.18MB
 7a916c554786 Downloading 91.23MB
 0cf5ff510f4d Downloading 91.23MB
 0cf5ff510f4d Downloading 91.23MB
 7a916c554786 Downloading 91.23MB
 7a916c554786 Downloading 91.23MB
 0cf5ff510f4d Downloading 91.23MB
 0cf5ff510f4d Downloading 91.23MB
 7a916c554786 Downloading 91.23MB
 7a916c554786 Downloading 91.23MB
 0cf5ff510f4d Downloading 91.23MB
 7a916c554786 Downloading 92.27MB
 0cf5ff510f4d Downloading 91.23MB
 7a916c554786 Downloading 92.27MB
 0cf5ff510f4d Downloading 91.23MB
 7a916c554786 Downloading 92.27MB
 0cf5ff510f4d Downloading 91.23MB
 7a916c554786 Downloading 92.27MB
 0cf5ff510f4d Downloading 91.23MB
 7a916c554786 Downloading 92.27MB
 0cf5ff510f4d Downloading 91.23MB
 7a916c554786 Downloading 92.27MB
 0cf5ff510f4d Downloading 92.27MB
 7a916c554786 Downloading 92.27MB
 0cf5ff510f4d Downloading 92.27MB
 7a916c554786 Downloading 92.27MB
 0cf5ff510f4d Downloading 92.27MB
 0cf5ff510f4d Downloading 92.27MB
 7a916c554786 Downloading 92.27MB
 7a916c554786 Downloading 92.27MB
 0cf5ff510f4d Downloading 92.27MB
 7a916c554786 Downloading 92.27MB
 0cf5ff510f4d Downloading 92.27MB
 7a916c554786 Downloading 92.27MB
 0cf5ff510f4d Downloading 92.27MB
 7a916c554786 Downloading 92.27MB
 0cf5ff510f4d Downloading 92.27MB
 7a916c554786 Downloading 93.32MB
 0cf5ff510f4d Downloading 92.27MB
 7a916c554786 Downloading 93.32MB
 0cf5ff510f4d Downloading 92.27MB
 7a916c554786 Downloading 93.32MB
 0cf5ff510f4d Downloading 92.27MB
 7a916c554786 Downloading 93.32MB
 0cf5ff510f4d Downloading 92.27MB
 0cf5ff510f4d Downloading 92.27MB
 7a916c554786 Downloading 93.32MB
 7a916c554786 Downloading 93.32MB
 0cf5ff510f4d Downloading 93.32MB
 7a916c554786 Downloading 93.32MB
 0cf5ff510f4d Downloading 93.32MB
 7a916c554786 Downloading 93.32MB
 0cf5ff510f4d Downloading 93.32MB
 7a916c554786 Downloading 93.32MB
 0cf5ff510f4d Downloading 93.32MB
 7a916c554786 Downloading 94.37MB
 0cf5ff510f4d Downloading 93.32MB
 7a916c554786 Downloading 94.37MB
 0cf5ff510f4d Downloading 93.32MB
 7a916c554786 Downloading 94.37MB
 0cf5ff510f4d Downloading 93.32MB
 7a916c554786 Downloading 94.37MB
 0cf5ff510f4d Downloading 93.32MB
 7a916c554786 Downloading 94.37MB
 0cf5ff510f4d Downloading 93.32MB
 7a916c554786 Downloading 94.37MB
 0cf5ff510f4d Downloading 93.32MB
 7a916c554786 Downloading 94.37MB
 0cf5ff510f4d Downloading 93.32MB
 7a916c554786 Downloading 94.37MB
 0cf5ff510f4d Downloading 94.37MB
 7a916c554786 Downloading 94.37MB
 0cf5ff510f4d Downloading 94.37MB
 7a916c554786 Downloading 94.37MB
 0cf5ff510f4d Downloading 94.37MB
 7a916c554786 Downloading 95.42MB
 0cf5ff510f4d Downloading 94.37MB
 0cf5ff510f4d Downloading 94.37MB
 7a916c554786 Downloading 95.42MB
 7a916c554786 Downloading 95.42MB
 0cf5ff510f4d Downloading 94.37MB
 7a916c554786 Downloading 95.42MB
 0cf5ff510f4d Downloading 94.37MB
 0cf5ff510f4d Downloading 94.37MB
 7a916c554786 Downloading 95.42MB
 7a916c554786 Downloading 95.42MB
 0cf5ff510f4d Downloading 94.37MB
 7a916c554786 Downloading 95.42MB
 0cf5ff510f4d Downloading 95.42MB
 0cf5ff510f4d Downloading 95.42MB
 7a916c554786 Downloading 95.42MB
 7a916c554786 Downloading 95.42MB
 0cf5ff510f4d Downloading 95.42MB
 7a916c554786 Downloading 95.42MB
 0cf5ff510f4d Downloading 95.42MB
 7a916c554786 Downloading 95.42MB
 0cf5ff510f4d Downloading 95.42MB
 7a916c554786 Downloading 95.42MB
 0cf5ff510f4d Downloading 95.42MB
 7a916c554786 Downloading 96.47MB
 0cf5ff510f4d Downloading 95.42MB
 7a916c554786 Downloading 96.47MB
 0cf5ff510f4d Downloading 95.42MB
 7a916c554786 Downloading 96.47MB
 0cf5ff510f4d Downloading 96.47MB
 7a916c554786 Downloading 96.47MB
 0cf5ff510f4d Downloading 96.47MB
 7a916c554786 Downloading 96.47MB
 0cf5ff510f4d Downloading 96.47MB
 7a916c554786 Downloading 96.47MB
 0cf5ff510f4d Downloading 96.47MB
 7a916c554786 Downloading 96.47MB
 0cf5ff510f4d Downloading 96.47MB
 7a916c554786 Downloading 96.47MB
 0cf5ff510f4d Downloading 96.47MB
 7a916c554786 Downloading 96.47MB
 0cf5ff510f4d Downloading 96.47MB
 7a916c554786 Downloading 97.52MB
 0cf5ff510f4d Downloading 96.47MB
 7a916c554786 Downloading 97.52MB
 0cf5ff510f4d Downloading 96.47MB
 0cf5ff510f4d Downloading 96.47MB
 7a916c554786 Downloading 97.52MB
 7a916c554786 Downloading 97.52MB
 0cf5ff510f4d Downloading 96.47MB
 7a916c554786 Downloading 97.52MB
 0cf5ff510f4d Downloading 96.47MB
 7a916c554786 Downloading 97.52MB
 0cf5ff510f4d Downloading 96.47MB
 0cf5ff510f4d Downloading 96.47MB
 7a916c554786 Downloading 97.52MB
 7a916c554786 Downloading 97.52MB
 0cf5ff510f4d Downloading 97.52MB
 7a916c554786 Downloading 97.52MB
 0cf5ff510f4d Downloading 97.52MB
 7a916c554786 Downloading 97.52MB
 0cf5ff510f4d Downloading 97.52MB
 0cf5ff510f4d Downloading 97.52MB
 7a916c554786 Downloading 98.57MB
 7a916c554786 Downloading 98.57MB
 0cf5ff510f4d Downloading 97.52MB
 7a916c554786 Downloading 98.57MB
 0cf5ff510f4d Downloading 97.52MB
 7a916c554786 Downloading 98.57MB
 0cf5ff510f4d Downloading 97.52MB
 7a916c554786 Downloading 98.57MB
 0cf5ff510f4d Downloading 97.52MB
 7a916c554786 Downloading 98.57MB
 0cf5ff510f4d Downloading 98.57MB
 7a916c554786 Downloading 98.57MB
 0cf5ff510f4d Downloading 98.57MB
 7a916c554786 Downloading 99.61MB
 0cf5ff510f4d Downloading 98.57MB
 7a916c554786 Downloading 99.61MB
 0cf5ff510f4d Downloading 98.57MB
 7a916c554786 Downloading 99.61MB
 0cf5ff510f4d Downloading 98.57MB
 0cf5ff510f4d Downloading 98.57MB
 7a916c554786 Downloading 99.61MB
 7a916c554786 Downloading 99.61MB
 0cf5ff510f4d Downloading 98.57MB
 7a916c554786 Downloading 99.61MB
 0cf5ff510f4d Downloading 98.57MB
 7a916c554786 Downloading 99.61MB
 0cf5ff510f4d Downloading 98.57MB
 7a916c554786 Downloading 99.61MB
 0cf5ff510f4d Downloading 99.61MB
 7a916c554786 Downloading 99.61MB
 0cf5ff510f4d Downloading 99.61MB
 7a916c554786 Downloading 100.7MB
 0cf5ff510f4d Downloading 99.61MB
 7a916c554786 Downloading 100.7MB
 0cf5ff510f4d Downloading 99.61MB
 7a916c554786 Downloading 100.7MB
 0cf5ff510f4d Downloading 99.61MB
 7a916c554786 Downloading 100.7MB
 0cf5ff510f4d Downloading 99.61MB
 7a916c554786 Downloading 100.7MB
 0cf5ff510f4d Downloading 99.61MB
 7a916c554786 Downloading 100.7MB
 0cf5ff510f4d Downloading 99.61MB
 7a916c554786 Downloading 100.7MB
 0cf5ff510f4d Downloading 100.7MB
 7a916c554786 Downloading 100.7MB
 0cf5ff510f4d Downloading 100.7MB
 0cf5ff510f4d Downloading 100.7MB
 7a916c554786 Downloading 101.7MB
 7a916c554786 Downloading 101.7MB
 0cf5ff510f4d Downloading 100.7MB
 7a916c554786 Downloading 101.7MB
 0cf5ff510f4d Downloading 100.7MB
 7a916c554786 Downloading 101.7MB
 0cf5ff510f4d Downloading 100.7MB
 7a916c554786 Downloading 101.7MB
 0cf5ff510f4d Downloading 100.7MB
 7a916c554786 Downloading 101.7MB
 0cf5ff510f4d Downloading 100.7MB
 7a916c554786 Downloading 101.7MB
 0cf5ff510f4d Downloading 101.7MB
 7a916c554786 Downloading 101.7MB
 0cf5ff510f4d Downloading 101.7MB
 0cf5ff510f4d Downloading 101.7MB
 7a916c554786 Downloading 101.7MB
 7a916c554786 Downloading 101.7MB
 0cf5ff510f4d Downloading 101.7MB
 7a916c554786 Downloading 101.7MB
 0cf5ff510f4d Downloading 101.7MB
 7a916c554786 Downloading 102.8MB
 0cf5ff510f4d Downloading 101.7MB
 7a916c554786 Downloading 102.8MB
 0cf5ff510f4d Downloading 101.7MB
 7a916c554786 Downloading 102.8MB
 0cf5ff510f4d Downloading 101.7MB
 7a916c554786 Downloading 102.8MB
 0cf5ff510f4d Downloading 101.7MB
 7a916c554786 Downloading 102.8MB
 0cf5ff510f4d Downloading 102.8MB
 7a916c554786 Downloading 102.8MB
 0cf5ff510f4d Downloading 102.8MB
 7a916c554786 Downloading 102.8MB
 0cf5ff510f4d Downloading 102.8MB
 7a916c554786 Downloading 102.8MB
 0cf5ff510f4d Downloading 102.8MB
 7a916c554786 Downloading 102.8MB
 0cf5ff510f4d Downloading 102.8MB
 7a916c554786 Downloading 103.8MB
 0cf5ff510f4d Downloading 102.8MB
 7a916c554786 Downloading 103.8MB
 0cf5ff510f4d Downloading 102.8MB
 7a916c554786 Downloading 103.8MB
 0cf5ff510f4d Downloading 102.8MB
 7a916c554786 Downloading 103.8MB
 0cf5ff510f4d Downloading 103.8MB
 0cf5ff510f4d Downloading 103.8MB
 7a916c554786 Downloading 103.8MB
 7a916c554786 Downloading 103.8MB
 0cf5ff510f4d Downloading 103.8MB
 7a916c554786 Downloading 103.8MB
 0cf5ff510f4d Downloading 103.8MB
 7a916c554786 Downloading 103.8MB
 0cf5ff510f4d Downloading 103.8MB
 0cf5ff510f4d Downloading 103.8MB
 7a916c554786 Downloading 103.8MB
 7a916c554786 Downloading 103.8MB
 0cf5ff510f4d Downloading 103.8MB
 7a916c554786 Downloading 103.8MB
 0cf5ff510f4d Downloading 103.8MB
 7a916c554786 Downloading 103.8MB
 0cf5ff510f4d Downloading 103.8MB
 7a916c554786 Downloading 103.8MB
 0cf5ff510f4d Downloading 103.8MB
 7a916c554786 Downloading 103.8MB
 0cf5ff510f4d Downloading 103.8MB
 7a916c554786 Downloading 103.8MB
 0cf5ff510f4d Downloading 103.8MB
 7a916c554786 Downloading 104.9MB
 0cf5ff510f4d Downloading 103.8MB
 7a916c554786 Downloading 104.9MB
 0cf5ff510f4d Downloading 103.8MB
 7a916c554786 Downloading 104.9MB
 0cf5ff510f4d Downloading 104.9MB
 7a916c554786 Downloading 104.9MB
 0cf5ff510f4d Downloading 104.9MB
 7a916c554786 Downloading 104.9MB
 0cf5ff510f4d Downloading 104.9MB
 0cf5ff510f4d Downloading 104.9MB
 7a916c554786 Downloading 104.9MB
 7a916c554786 Downloading 104.9MB
 0cf5ff510f4d Downloading 104.9MB
 7a916c554786 Downloading 104.9MB
 0cf5ff510f4d Downloading 104.9MB
 7a916c554786 Downloading 104.9MB
 0cf5ff510f4d Downloading 104.9MB
 7a916c554786 Downloading 104.9MB
 0cf5ff510f4d Downloading 104.9MB
 7a916c554786 Downloading 104.9MB
 0cf5ff510f4d Downloading 104.9MB
 7a916c554786 Downloading 104.9MB
 0cf5ff510f4d Downloading 104.9MB
 7a916c554786 Downloading 105.9MB
 0cf5ff510f4d Downloading 104.9MB
 7a916c554786 Downloading 105.9MB
 0cf5ff510f4d Downloading 105.9MB
 7a916c554786 Downloading 105.9MB
 0cf5ff510f4d Downloading 105.9MB
 7a916c554786 Downloading 105.9MB
 0cf5ff510f4d Downloading 105.9MB
 0cf5ff510f4d Downloading 105.9MB
 7a916c554786 Downloading 105.9MB
 7a916c554786 Downloading 105.9MB
 0cf5ff510f4d Downloading 105.9MB
 7a916c554786 Downloading 105.9MB
 0cf5ff510f4d Downloading 105.9MB
 7a916c554786 Downloading 105.9MB
 0cf5ff510f4d Downloading 105.9MB
 7a916c554786 Downloading 107MB
 0cf5ff510f4d Downloading 105.9MB
 0cf5ff510f4d Downloading 107MB
 7a916c554786 Downloading 107MB
 7a916c554786 Downloading 107MB
 0cf5ff510f4d Downloading 107MB
 7a916c554786 Downloading 107MB
 0cf5ff510f4d Downloading 107MB
 7a916c554786 Downloading 107MB
 0cf5ff510f4d Downloading 107MB
 7a916c554786 Downloading 107MB
 0cf5ff510f4d Downloading 107MB
 7a916c554786 Downloading 107MB
 0cf5ff510f4d Downloading 107MB
 7a916c554786 Downloading 107MB
 0cf5ff510f4d Downloading 107MB
 7a916c554786 Downloading 107MB
 0cf5ff510f4d Downloading 107MB
 7a916c554786 Downloading 107MB
 0cf5ff510f4d Downloading 107MB
 7a916c554786 Downloading 108MB
 0cf5ff510f4d Downloading 108MB
 7a916c554786 Downloading 108MB
 0cf5ff510f4d Downloading 108MB
 7a916c554786 Downloading 108MB
 0cf5ff510f4d Downloading 108MB
 7a916c554786 Downloading 108MB
 0cf5ff510f4d Downloading 108MB
 7a916c554786 Downloading 108MB
 0cf5ff510f4d Downloading 108MB
 7a916c554786 Downloading 108MB
 0cf5ff510f4d Downloading 108MB
 0cf5ff510f4d Downloading 108MB
 7a916c554786 Downloading 108MB
 7a916c554786 Downloading 108MB
 0cf5ff510f4d Downloading 108MB
 7a916c554786 Downloading 108MB
 0cf5ff510f4d Downloading 108MB
 7a916c554786 Downloading 108MB
 0cf5ff510f4d Downloading 109.1MB
 7a916c554786 Downloading 109.1MB
 0cf5ff510f4d Downloading 109.1MB
 7a916c554786 Downloading 109.1MB
 0cf5ff510f4d Downloading 109.1MB
 7a916c554786 Downloading 109.1MB
 0cf5ff510f4d Downloading 109.1MB
 7a916c554786 Downloading 109.1MB
 0cf5ff510f4d Downloading 109.1MB
 7a916c554786 Downloading 109.1MB
 0cf5ff510f4d Downloading 109.1MB
 7a916c554786 Downloading 109.1MB
 0cf5ff510f4d Downloading 109.1MB
 7a916c554786 Downloading 109.1MB
 0cf5ff510f4d Downloading 109.1MB
 7a916c554786 Downloading 109.1MB
 0cf5ff510f4d Downloading 109.1MB
 7a916c554786 Downloading 109.1MB
 0cf5ff510f4d Downloading 110.1MB
 7a916c554786 Downloading 109.1MB
 0cf5ff510f4d Downloading 110.1MB
 7a916c554786 Downloading 109.1MB
 0cf5ff510f4d Downloading 110.1MB
 7a916c554786 Downloading 110.1MB
 0cf5ff510f4d Downloading 110.1MB
 0cf5ff510f4d Downloading 110.1MB
 7a916c554786 Downloading 110.1MB
 7a916c554786 Downloading 110.1MB
 0cf5ff510f4d Downloading 110.1MB
 7a916c554786 Downloading 110.1MB
 0cf5ff510f4d Downloading 110.1MB
 7a916c554786 Downloading 110.1MB
 0cf5ff510f4d Downloading 110.1MB
 7a916c554786 Downloading 110.1MB
 0cf5ff510f4d Downloading 110.1MB
 7a916c554786 Downloading 110.1MB
 0cf5ff510f4d Downloading 110.1MB
 7a916c554786 Downloading 110.1MB
 0cf5ff510f4d Downloading 110.1MB
 7a916c554786 Downloading 111.1MB
 0cf5ff510f4d Downloading 111.1MB
 0cf5ff510f4d Downloading 111.1MB
 7a916c554786 Downloading 111.1MB
 7a916c554786 Downloading 111.1MB
 0cf5ff510f4d Downloading 111.1MB
 0cf5ff510f4d Downloading 111.1MB
 7a916c554786 Downloading 111.1MB
 7a916c554786 Downloading 111.1MB
 0cf5ff510f4d Downloading 111.1MB
 7a916c554786 Downloading 111.1MB
 0cf5ff510f4d Downloading 111.1MB
 7a916c554786 Downloading 111.1MB
 0cf5ff510f4d Downloading 111.1MB
 0cf5ff510f4d Downloading 111.1MB
 7a916c554786 Downloading 111.1MB
 7a916c554786 Downloading 112.2MB
 0cf5ff510f4d Downloading 111.1MB
 7a916c554786 Downloading 112.2MB
 0cf5ff510f4d Downloading 112.2MB
 0cf5ff510f4d Downloading 112.2MB
 7a916c554786 Downloading 112.2MB
 7a916c554786 Downloading 112.2MB
 0cf5ff510f4d Downloading 112.2MB
 7a916c554786 Downloading 112.2MB
 0cf5ff510f4d Downloading 112.2MB
 7a916c554786 Downloading 112.2MB
 0cf5ff510f4d Downloading 112.2MB
 7a916c554786 Downloading 112.2MB
 0cf5ff510f4d Downloading 112.2MB
 7a916c554786 Downloading 112.2MB
 0cf5ff510f4d Downloading 112.2MB
 7a916c554786 Downloading 112.2MB
 0cf5ff510f4d Downloading 112.2MB
 7a916c554786 Downloading 112.2MB
 0cf5ff510f4d Downloading 112.2MB
 7a916c554786 Downloading 113.2MB
 0cf5ff510f4d Downloading 113.2MB
 7a916c554786 Downloading 113.2MB
 0cf5ff510f4d Downloading 113.2MB
 7a916c554786 Downloading 113.2MB
 0cf5ff510f4d Downloading 113.2MB
 7a916c554786 Downloading 113.2MB
 0cf5ff510f4d Downloading 113.2MB
 7a916c554786 Downloading 113.2MB
 0cf5ff510f4d Downloading 113.2MB
 7a916c554786 Downloading 113.2MB
 0cf5ff510f4d Downloading 113.2MB
 7a916c554786 Downloading 113.2MB
 0cf5ff510f4d Downloading 113.2MB
 7a916c554786 Downloading 113.2MB
 0cf5ff510f4d Downloading 113.2MB
 7a916c554786 Downloading 113.2MB
 0cf5ff510f4d Downloading 114.3MB
 0cf5ff510f4d Downloading 114.3MB
 7a916c554786 Downloading 114.3MB
 7a916c554786 Downloading 114.3MB
 0cf5ff510f4d Downloading 114.3MB
 7a916c554786 Downloading 114.3MB
 0cf5ff510f4d Downloading 114.3MB
 7a916c554786 Downloading 114.5MB
 0cf5ff510f4d Downloading 114.3MB
 7a916c554786 Download complete 0B
 0cf5ff510f4d Downloading 114.3MB
 7a916c554786 Extracting 1B
 0cf5ff510f4d Downloading 115.3MB
 7a916c554786 Extracting 1B
 0cf5ff510f4d Downloading 115.3MB
 7a916c554786 Extracting 1B
 0cf5ff510f4d Downloading 115.3MB
 7a916c554786 Extracting 1B
 0cf5ff510f4d Downloading 115.3MB
 7a916c554786 Extracting 1B
 0cf5ff510f4d Downloading 115.3MB
 7a916c554786 Extracting 1B
 0cf5ff510f4d Downloading 116.4MB
 7a916c554786 Extracting 1B
 0cf5ff510f4d Downloading 116.4MB
 7a916c554786 Extracting 1B
 0cf5ff510f4d Downloading 116.4MB
 7a916c554786 Extracting 1B
 0cf5ff510f4d Downloading 116.4MB
 7a916c554786 Extracting 1B
 0cf5ff510f4d Downloading 116.4MB
 7a916c554786 Extracting 1B
 0cf5ff510f4d Downloading 116.4MB
 7a916c554786 Extracting 2B
 0cf5ff510f4d Downloading 116.4MB
 7a916c554786 Extracting 2B
 0cf5ff510f4d Downloading 116.4MB
 7a916c554786 Extracting 2B
 0cf5ff510f4d Downloading 117.4MB
 7a916c554786 Extracting 2B
 0cf5ff510f4d Downloading 117.4MB
 7a916c554786 Extracting 2B
 0cf5ff510f4d Downloading 117.4MB
 7a916c554786 Extracting 2B
 0cf5ff510f4d Downloading 117.4MB
 7a916c554786 Extracting 2B
 0cf5ff510f4d Downloading 117.4MB
 7a916c554786 Extracting 2B
 0cf5ff510f4d Downloading 118.5MB
 7a916c554786 Extracting 2B
 0cf5ff510f4d Downloading 118.5MB
 2b69905c23e1 Pull complete 0B
 7a916c554786 Pull complete 0B
 0cf5ff510f4d Downloading 118.5MB
 0cf5ff510f4d Downloading 118.5MB
 0cf5ff510f4d Downloading 118.5MB
 0cf5ff510f4d Downloading 118.5MB
 0cf5ff510f4d Downloading 119.5MB
 0cf5ff510f4d Downloading 120.6MB
 0cf5ff510f4d Downloading 120.6MB
 0cf5ff510f4d Downloading 120.6MB
 0cf5ff510f4d Downloading 120.6MB
 0cf5ff510f4d Downloading 120.6MB
 0cf5ff510f4d Downloading 120.6MB
 0cf5ff510f4d Downloading 120.6MB
 0cf5ff510f4d Downloading 121.6MB
 0cf5ff510f4d Downloading 121.6MB
 0cf5ff510f4d Downloading 121.6MB
 0cf5ff510f4d Downloading 121.6MB
 0cf5ff510f4d Downloading 121.6MB
 0cf5ff510f4d Downloading 122.7MB
 0cf5ff510f4d Downloading 122.7MB
 0cf5ff510f4d Downloading 122.7MB
 0cf5ff510f4d Downloading 122.7MB
 0cf5ff510f4d Downloading 122.7MB
 0cf5ff510f4d Downloading 122.7MB
 0cf5ff510f4d Downloading 122.7MB
 0cf5ff510f4d Downloading 122.7MB
 0cf5ff510f4d Downloading 122.7MB
 0cf5ff510f4d Downloading 123.7MB
 0cf5ff510f4d Downloading 123.7MB
 0cf5ff510f4d Downloading 124.8MB
 0cf5ff510f4d Downloading 124.8MB
 0cf5ff510f4d Downloading 124.8MB
 0cf5ff510f4d Downloading 125.8MB
 0cf5ff510f4d Downloading 125.8MB
 0cf5ff510f4d Downloading 125.8MB
 0cf5ff510f4d Downloading 125.8MB
 0cf5ff510f4d Downloading 125.8MB
 0cf5ff510f4d Downloading 125.8MB
 0cf5ff510f4d Downloading 126.9MB
 0cf5ff510f4d Downloading 126.9MB
 0cf5ff510f4d Downloading 126.9MB
 0cf5ff510f4d Downloading 127.9MB
 0cf5ff510f4d Downloading 127.9MB
 0cf5ff510f4d Downloading 127.9MB
 0cf5ff510f4d Downloading 127.9MB
 0cf5ff510f4d Downloading 127.9MB
 0cf5ff510f4d Downloading 127.9MB
 0cf5ff510f4d Downloading 129MB
 0cf5ff510f4d Downloading 129MB
 0cf5ff510f4d Downloading 129MB
 0cf5ff510f4d Downloading 129MB
 0cf5ff510f4d Downloading 129MB
 0cf5ff510f4d Downloading 130MB
 0cf5ff510f4d Downloading 130MB
 0cf5ff510f4d Downloading 130MB
 0cf5ff510f4d Downloading 130MB
 0cf5ff510f4d Downloading 130MB
 0cf5ff510f4d Downloading 131.1MB
 0cf5ff510f4d Downloading 131.1MB
 0cf5ff510f4d Downloading 131.1MB
 0cf5ff510f4d Downloading 131.1MB
 0cf5ff510f4d Downloading 131.1MB
 0cf5ff510f4d Downloading 131.1MB
 0cf5ff510f4d Downloading 132.1MB
 0cf5ff510f4d Downloading 132.1MB
 0cf5ff510f4d Downloading 132.1MB
 0cf5ff510f4d Downloading 132.1MB
 0cf5ff510f4d Downloading 133.2MB
 0cf5ff510f4d Downloading 133.2MB
 0cf5ff510f4d Downloading 133.2MB
 0cf5ff510f4d Downloading 133.2MB
 0cf5ff510f4d Downloading 133.2MB
 0cf5ff510f4d Downloading 134.2MB
 0cf5ff510f4d Downloading 134.2MB
 0cf5ff510f4d Downloading 134.2MB
 0cf5ff510f4d Downloading 134.2MB
 0cf5ff510f4d Downloading 134.2MB
 0cf5ff510f4d Downloading 134.2MB
 0cf5ff510f4d Downloading 134.2MB
 0cf5ff510f4d Downloading 135.3MB
 0cf5ff510f4d Downloading 135.3MB
 0cf5ff510f4d Downloading 135.3MB
 0cf5ff510f4d Downloading 135.3MB
 0cf5ff510f4d Downloading 136.3MB
 0cf5ff510f4d Downloading 136.3MB
 0cf5ff510f4d Downloading 136.3MB
 0cf5ff510f4d Downloading 136.3MB
 0cf5ff510f4d Downloading 136.3MB
 0cf5ff510f4d Downloading 137.4MB
 0cf5ff510f4d Downloading 137.4MB
 0cf5ff510f4d Downloading 137.4MB
 0cf5ff510f4d Downloading 137.4MB
 0cf5ff510f4d Downloading 137.4MB
 0cf5ff510f4d Downloading 137.4MB
 0cf5ff510f4d Downloading 137.4MB
 0cf5ff510f4d Downloading 137.4MB
 0cf5ff510f4d Downloading 137.4MB
 0cf5ff510f4d Downloading 138.4MB
 0cf5ff510f4d Downloading 138.4MB
 0cf5ff510f4d Downloading 138.4MB
 0cf5ff510f4d Downloading 138.4MB
 0cf5ff510f4d Downloading 138.4MB
 0cf5ff510f4d Downloading 139.5MB
 0cf5ff510f4d Downloading 139.5MB
 0cf5ff510f4d Downloading 139.5MB
 0cf5ff510f4d Downloading 139.5MB
 0cf5ff510f4d Downloading 140.5MB
 0cf5ff510f4d Downloading 140.5MB
 0cf5ff510f4d Downloading 140.5MB
 0cf5ff510f4d Downloading 140.5MB
 0cf5ff510f4d Downloading 140.5MB
 0cf5ff510f4d Downloading 140.5MB
 0cf5ff510f4d Downloading 141.6MB
 0cf5ff510f4d Downloading 141.6MB
 0cf5ff510f4d Downloading 141.6MB
 0cf5ff510f4d Downloading 141.6MB
 0cf5ff510f4d Downloading 141.6MB
 0cf5ff510f4d Downloading 141.6MB
 0cf5ff510f4d Downloading 142.6MB
 0cf5ff510f4d Downloading 143.7MB
 0cf5ff510f4d Downloading 143.7MB
 0cf5ff510f4d Downloading 143.7MB
 0cf5ff510f4d Downloading 143.7MB
 0cf5ff510f4d Downloading 143.7MB
 0cf5ff510f4d Downloading 144.7MB
 0cf5ff510f4d Downloading 144.7MB
 0cf5ff510f4d Downloading 145.8MB
 0cf5ff510f4d Downloading 145.8MB
 0cf5ff510f4d Downloading 145.8MB
 0cf5ff510f4d Downloading 145.8MB
 0cf5ff510f4d Downloading 145.8MB
 0cf5ff510f4d Downloading 146.8MB
 0cf5ff510f4d Downloading 146.8MB
 0cf5ff510f4d Downloading 146.8MB
 0cf5ff510f4d Downloading 146.8MB
 0cf5ff510f4d Downloading 146.8MB
 0cf5ff510f4d Downloading 146.8MB
 0cf5ff510f4d Downloading 147.8MB
 0cf5ff510f4d Downloading 147.8MB
 0cf5ff510f4d Downloading 147.8MB
 0cf5ff510f4d Downloading 148.9MB
 0cf5ff510f4d Downloading 148.9MB
 0cf5ff510f4d Downloading 148.9MB
 0cf5ff510f4d Downloading 148.9MB
 0cf5ff510f4d Downloading 148.9MB
 0cf5ff510f4d Downloading 149.9MB
 0cf5ff510f4d Downloading 149.9MB
 0cf5ff510f4d Downloading 149.9MB
 0cf5ff510f4d Downloading 149.9MB
 0cf5ff510f4d Downloading 149.9MB
 0cf5ff510f4d Downloading 151MB
 0cf5ff510f4d Downloading 151MB
 0cf5ff510f4d Downloading 151MB
 0cf5ff510f4d Downloading 151MB
 0cf5ff510f4d Downloading 151MB
 0cf5ff510f4d Downloading 152MB
 0cf5ff510f4d Downloading 152MB
 0cf5ff510f4d Downloading 152MB
 0cf5ff510f4d Downloading 152MB
 0cf5ff510f4d Downloading 152MB
 0cf5ff510f4d Downloading 153.1MB
 0cf5ff510f4d Downloading 153.1MB
 0cf5ff510f4d Downloading 153.1MB
 0cf5ff510f4d Downloading 153.1MB
 0cf5ff510f4d Downloading 153.1MB
 0cf5ff510f4d Downloading 154.1MB
 0cf5ff510f4d Downloading 154.1MB
 0cf5ff510f4d Downloading 154.1MB
 0cf5ff510f4d Downloading 155.2MB
 0cf5ff510f4d Downloading 155.2MB
 0cf5ff510f4d Downloading 155.2MB
 0cf5ff510f4d Downloading 155.2MB
 0cf5ff510f4d Downloading 155.2MB
 0cf5ff510f4d Downloading 156.2MB
 0cf5ff510f4d Downloading 156.2MB
 0cf5ff510f4d Downloading 156.2MB
 0cf5ff510f4d Downloading 156.2MB
 0cf5ff510f4d Downloading 156.2MB
 0cf5ff510f4d Downloading 156.2MB
 0cf5ff510f4d Downloading 157.3MB
 0cf5ff510f4d Downloading 157.3MB
 0cf5ff510f4d Downloading 157.3MB
 0cf5ff510f4d Downloading 157.3MB
 0cf5ff510f4d Downloading 157.3MB
 0cf5ff510f4d Downloading 158.3MB
 0cf5ff510f4d Downloading 158.3MB
 0cf5ff510f4d Downloading 158.3MB
 0cf5ff510f4d Downloading 158.3MB
 0cf5ff510f4d Downloading 158.3MB
 0cf5ff510f4d Downloading 159.4MB
 0cf5ff510f4d Downloading 159.4MB
 0cf5ff510f4d Downloading 159.4MB
 0cf5ff510f4d Downloading 159.4MB
 0cf5ff510f4d Downloading 159.4MB
 0cf5ff510f4d Downloading 159.4MB
 0cf5ff510f4d Downloading 159.4MB
 0cf5ff510f4d Downloading 159.4MB
 0cf5ff510f4d Downloading 160.4MB
 0cf5ff510f4d Downloading 160.4MB
 0cf5ff510f4d Downloading 160.4MB
 0cf5ff510f4d Downloading 160.4MB
 0cf5ff510f4d Downloading 160.4MB
 0cf5ff510f4d Downloading 160.4MB
 0cf5ff510f4d Downloading 160.4MB
 0cf5ff510f4d Downloading 161.5MB
 0cf5ff510f4d Downloading 161.5MB
 0cf5ff510f4d Downloading 161.5MB
 0cf5ff510f4d Downloading 162.5MB
 0cf5ff510f4d Downloading 162.5MB
 0cf5ff510f4d Downloading 162.5MB
 0cf5ff510f4d Downloading 162.5MB
 0cf5ff510f4d Downloading 162.5MB
 0cf5ff510f4d Downloading 162.5MB
 0cf5ff510f4d Downloading 163.6MB
 0cf5ff510f4d Downloading 163.6MB
 0cf5ff510f4d Downloading 163.6MB
 0cf5ff510f4d Downloading 163.6MB
 0cf5ff510f4d Downloading 163.6MB
 0cf5ff510f4d Downloading 163.6MB
 0cf5ff510f4d Downloading 163.6MB
 0cf5ff510f4d Downloading 163.6MB
 0cf5ff510f4d Downloading 164.6MB
 0cf5ff510f4d Downloading 164.6MB
 0cf5ff510f4d Downloading 164.6MB
 0cf5ff510f4d Downloading 164.6MB
 0cf5ff510f4d Downloading 165.7MB
 0cf5ff510f4d Downloading 165.7MB
 0cf5ff510f4d Downloading 166.7MB
 0cf5ff510f4d Downloading 166.7MB
 0cf5ff510f4d Downloading 166.7MB
 0cf5ff510f4d Downloading 166.7MB
 0cf5ff510f4d Downloading 166.7MB
 0cf5ff510f4d Downloading 167.8MB
 0cf5ff510f4d Downloading 167.8MB
 0cf5ff510f4d Downloading 167.8MB
 0cf5ff510f4d Downloading 167.8MB
 0cf5ff510f4d Downloading 167.8MB
 0cf5ff510f4d Downloading 168.8MB
 0cf5ff510f4d Downloading 168.8MB
 0cf5ff510f4d Downloading 168.8MB
 0cf5ff510f4d Downloading 168.8MB
 0cf5ff510f4d Downloading 168.8MB
 0cf5ff510f4d Downloading 169.9MB
 0cf5ff510f4d Downloading 169.9MB
 0cf5ff510f4d Downloading 169.9MB
 0cf5ff510f4d Downloading 169.9MB
 0cf5ff510f4d Downloading 169.9MB
 0cf5ff510f4d Downloading 169.9MB
 0cf5ff510f4d Downloading 169.9MB
 0cf5ff510f4d Downloading 169.9MB
 0cf5ff510f4d Downloading 170.9MB
 0cf5ff510f4d Downloading 172MB
 0cf5ff510f4d Downloading 172MB
 0cf5ff510f4d Downloading 172MB
 0cf5ff510f4d Downloading 172MB
 0cf5ff510f4d Downloading 172MB
 0cf5ff510f4d Downloading 172MB
 0cf5ff510f4d Downloading 172MB
 0cf5ff510f4d Downloading 172MB
 0cf5ff510f4d Downloading 172MB
 0cf5ff510f4d Downloading 173MB
 0cf5ff510f4d Downloading 173MB
 0cf5ff510f4d Downloading 173MB
 0cf5ff510f4d Downloading 174.1MB
 0cf5ff510f4d Downloading 174.1MB
 0cf5ff510f4d Downloading 175.1MB
 0cf5ff510f4d Downloading 175.1MB
 0cf5ff510f4d Downloading 175.1MB
 0cf5ff510f4d Downloading 175.1MB
 0cf5ff510f4d Downloading 176.2MB
 0cf5ff510f4d Downloading 176.2MB
 0cf5ff510f4d Downloading 176.2MB
 0cf5ff510f4d Downloading 176.2MB
 0cf5ff510f4d Downloading 176.2MB
 0cf5ff510f4d Downloading 177.2MB
 0cf5ff510f4d Downloading 177.2MB
 0cf5ff510f4d Downloading 177.2MB
 0cf5ff510f4d Downloading 177.2MB
 0cf5ff510f4d Downloading 177.2MB
 0cf5ff510f4d Downloading 177.2MB
 0cf5ff510f4d Downloading 178.3MB
 0cf5ff510f4d Downloading 178.3MB
 0cf5ff510f4d Downloading 179.3MB
 0cf5ff510f4d Downloading 179.3MB
 0cf5ff510f4d Downloading 179.3MB
 0cf5ff510f4d Downloading 179.3MB
 0cf5ff510f4d Downloading 179.3MB
 0cf5ff510f4d Downloading 179.3MB
 0cf5ff510f4d Downloading 179.3MB
 0cf5ff510f4d Downloading 179.3MB
 0cf5ff510f4d Downloading 180.4MB
 0cf5ff510f4d Downloading 180.4MB
 0cf5ff510f4d Downloading 181.4MB
 0cf5ff510f4d Downloading 181.4MB
 0cf5ff510f4d Downloading 182.5MB
 0cf5ff510f4d Downloading 182.5MB
 0cf5ff510f4d Downloading 182.5MB
 0cf5ff510f4d Downloading 182.5MB
 0cf5ff510f4d Downloading 183.5MB
 0cf5ff510f4d Downloading 183.5MB
 0cf5ff510f4d Downloading 183.5MB
 0cf5ff510f4d Downloading 183.5MB
 0cf5ff510f4d Downloading 183.5MB
 0cf5ff510f4d Downloading 184.5MB
 0cf5ff510f4d Downloading 184.5MB
 0cf5ff510f4d Downloading 184.5MB
 0cf5ff510f4d Downloading 184.5MB
 0cf5ff510f4d Downloading 184.5MB
 0cf5ff510f4d Downloading 184.5MB
 0cf5ff510f4d Downloading 184.5MB
 0cf5ff510f4d Downloading 185.6MB
 0cf5ff510f4d Downloading 185.6MB
 0cf5ff510f4d Downloading 185.6MB
 0cf5ff510f4d Downloading 185.6MB
 0cf5ff510f4d Downloading 185.6MB
 0cf5ff510f4d Downloading 185.6MB
 0cf5ff510f4d Downloading 185.6MB
 0cf5ff510f4d Downloading 186.6MB
 0cf5ff510f4d Downloading 186.6MB
 0cf5ff510f4d Downloading 186.6MB
 0cf5ff510f4d Downloading 187.7MB
 0cf5ff510f4d Downloading 187.7MB
 0cf5ff510f4d Downloading 187.7MB
 0cf5ff510f4d Downloading 188.7MB
 0cf5ff510f4d Downloading 188.7MB
 0cf5ff510f4d Downloading 188.7MB
 0cf5ff510f4d Downloading 188.7MB
 0cf5ff510f4d Downloading 188.7MB
 0cf5ff510f4d Downloading 188.7MB
 0cf5ff510f4d Downloading 189.8MB
 0cf5ff510f4d Downloading 189.8MB
 0cf5ff510f4d Downloading 189.8MB
 0cf5ff510f4d Downloading 189.8MB
 0cf5ff510f4d Downloading 190.8MB
 0cf5ff510f4d Downloading 190.8MB
 0cf5ff510f4d Downloading 191.9MB
 0cf5ff510f4d Downloading 191.9MB
 0cf5ff510f4d Downloading 191.9MB
 0cf5ff510f4d Downloading 191.9MB
 0cf5ff510f4d Downloading 191.9MB
 0cf5ff510f4d Downloading 191.9MB
 0cf5ff510f4d Downloading 191.9MB
 0cf5ff510f4d Downloading 192.9MB
 0cf5ff510f4d Downloading 192.9MB
 0cf5ff510f4d Downloading 192.9MB
 0cf5ff510f4d Downloading 192.9MB
 0cf5ff510f4d Downloading 194MB
 0cf5ff510f4d Downloading 194MB
 0cf5ff510f4d Downloading 194MB
 0cf5ff510f4d Downloading 194MB
 0cf5ff510f4d Downloading 194MB
 0cf5ff510f4d Downloading 194MB
 0cf5ff510f4d Downloading 195MB
 0cf5ff510f4d Downloading 195MB
 0cf5ff510f4d Downloading 195MB
 0cf5ff510f4d Downloading 196.1MB
 0cf5ff510f4d Downloading 196.1MB
 0cf5ff510f4d Downloading 196.1MB
 0cf5ff510f4d Downloading 196.1MB
 0cf5ff510f4d Downloading 196.1MB
 0cf5ff510f4d Downloading 196.1MB
 0cf5ff510f4d Downloading 197.1MB
 0cf5ff510f4d Downloading 197.1MB
 0cf5ff510f4d Downloading 197.1MB
 0cf5ff510f4d Downloading 197.1MB
 0cf5ff510f4d Downloading 198.2MB
 0cf5ff510f4d Downloading 198.2MB
 0cf5ff510f4d Downloading 198.2MB
 0cf5ff510f4d Downloading 198.2MB
 0cf5ff510f4d Downloading 198.2MB
 0cf5ff510f4d Downloading 198.2MB
 0cf5ff510f4d Downloading 199.2MB
 0cf5ff510f4d Downloading 199.2MB
 0cf5ff510f4d Downloading 200.3MB
 0cf5ff510f4d Downloading 200.3MB
 0cf5ff510f4d Downloading 200.3MB
 0cf5ff510f4d Downloading 200.3MB
 0cf5ff510f4d Downloading 200.3MB
 0cf5ff510f4d Downloading 200.3MB
 0cf5ff510f4d Downloading 200.3MB
 0cf5ff510f4d Downloading 200.3MB
 0cf5ff510f4d Downloading 201.3MB
 0cf5ff510f4d Downloading 201.3MB
 0cf5ff510f4d Downloading 201.3MB
 0cf5ff510f4d Downloading 201.3MB
 0cf5ff510f4d Downloading 202.4MB
 0cf5ff510f4d Downloading 202.4MB
 0cf5ff510f4d Downloading 202.4MB
 0cf5ff510f4d Downloading 202.4MB
 0cf5ff510f4d Downloading 203.4MB
 0cf5ff510f4d Downloading 203.4MB
 0cf5ff510f4d Downloading 203.4MB
 0cf5ff510f4d Downloading 203.4MB
 0cf5ff510f4d Downloading 204.5MB
 0cf5ff510f4d Downloading 204.5MB
 0cf5ff510f4d Downloading 204.5MB
 0cf5ff510f4d Downloading 204.5MB
 0cf5ff510f4d Downloading 205.5MB
 0cf5ff510f4d Downloading 205.5MB
 0cf5ff510f4d Downloading 205.5MB
 0cf5ff510f4d Downloading 205.5MB
 0cf5ff510f4d Downloading 205.5MB
 0cf5ff510f4d Downloading 205.5MB
 0cf5ff510f4d Downloading 206.6MB
 0cf5ff510f4d Downloading 206.6MB
 0cf5ff510f4d Downloading 206.6MB
 0cf5ff510f4d Downloading 206.6MB
 0cf5ff510f4d Downloading 206.6MB
 0cf5ff510f4d Downloading 206.6MB
 0cf5ff510f4d Downloading 206.6MB
 0cf5ff510f4d Downloading 206.6MB
 0cf5ff510f4d Downloading 206.6MB
 0cf5ff510f4d Downloading 206.6MB
 0cf5ff510f4d Downloading 206.6MB
 0cf5ff510f4d Downloading 206.6MB
 0cf5ff510f4d Downloading 206.6MB
 0cf5ff510f4d Downloading 207.6MB
 0cf5ff510f4d Downloading 207.6MB
 0cf5ff510f4d Downloading 207.6MB
 0cf5ff510f4d Downloading 207.6MB
 0cf5ff510f4d Downloading 208.7MB
 0cf5ff510f4d Downloading 208.7MB
 0cf5ff510f4d Downloading 208.7MB
 0cf5ff510f4d Downloading 208.7MB
 0cf5ff510f4d Downloading 208.7MB
 0cf5ff510f4d Downloading 208.7MB
 0cf5ff510f4d Downloading 209.7MB
 0cf5ff510f4d Downloading 209.7MB
 0cf5ff510f4d Downloading 209.7MB
 0cf5ff510f4d Downloading 209.7MB
 0cf5ff510f4d Downloading 209.7MB
 0cf5ff510f4d Downloading 210.8MB
 0cf5ff510f4d Downloading 210.8MB
 0cf5ff510f4d Downloading 210.8MB
 0cf5ff510f4d Downloading 210.8MB
 0cf5ff510f4d Downloading 211.8MB
 0cf5ff510f4d Downloading 211.8MB
 0cf5ff510f4d Downloading 211.8MB
 0cf5ff510f4d Downloading 211.8MB
 0cf5ff510f4d Downloading 211.8MB
 0cf5ff510f4d Downloading 212.9MB
 0cf5ff510f4d Downloading 212.9MB
 0cf5ff510f4d Downloading 212.9MB
 0cf5ff510f4d Downloading 212.9MB
 0cf5ff510f4d Downloading 212.9MB
 0cf5ff510f4d Downloading 212.9MB
 0cf5ff510f4d Downloading 212.9MB
 0cf5ff510f4d Downloading 213.9MB
 0cf5ff510f4d Downloading 213.9MB
 0cf5ff510f4d Downloading 215MB
 0cf5ff510f4d Downloading 215MB
 0cf5ff510f4d Downloading 215MB
 0cf5ff510f4d Downloading 215MB
 0cf5ff510f4d Downloading 216MB
 0cf5ff510f4d Downloading 216MB
 0cf5ff510f4d Downloading 216MB
 0cf5ff510f4d Downloading 216MB
 0cf5ff510f4d Downloading 217.1MB
 0cf5ff510f4d Downloading 217.1MB
 0cf5ff510f4d Downloading 217.1MB
 0cf5ff510f4d Downloading 217.1MB
 0cf5ff510f4d Downloading 217.1MB
 0cf5ff510f4d Downloading 217.1MB
 0cf5ff510f4d Downloading 218.1MB
 0cf5ff510f4d Downloading 219.2MB
 0cf5ff510f4d Downloading 219.2MB
 0cf5ff510f4d Downloading 219.2MB
 0cf5ff510f4d Downloading 219.2MB
 0cf5ff510f4d Downloading 219.2MB
 0cf5ff510f4d Downloading 220.2MB
 0cf5ff510f4d Downloading 220.2MB
 0cf5ff510f4d Downloading 220.2MB
 0cf5ff510f4d Downloading 220.2MB
 0cf5ff510f4d Downloading 221.2MB
 0cf5ff510f4d Downloading 221.2MB
 0cf5ff510f4d Downloading 221.2MB
 0cf5ff510f4d Downloading 222.3MB
 0cf5ff510f4d Downloading 222.3MB
 0cf5ff510f4d Downloading 222.3MB
 0cf5ff510f4d Downloading 223.3MB
 0cf5ff510f4d Downloading 223.3MB
 0cf5ff510f4d Downloading 223.3MB
 0cf5ff510f4d Downloading 223.3MB
 0cf5ff510f4d Downloading 223.3MB
 0cf5ff510f4d Downloading 224.4MB
 0cf5ff510f4d Downloading 224.4MB
 0cf5ff510f4d Downloading 224.4MB
 0cf5ff510f4d Downloading 225.4MB
 0cf5ff510f4d Downloading 225.4MB
 0cf5ff510f4d Downloading 225.4MB
 0cf5ff510f4d Downloading 225.4MB
 0cf5ff510f4d Downloading 225.4MB
 0cf5ff510f4d Downloading 226.5MB
 0cf5ff510f4d Downloading 226.5MB
 0cf5ff510f4d Downloading 227.5MB
 0cf5ff510f4d Downloading 227.5MB
 0cf5ff510f4d Downloading 227.5MB
 0cf5ff510f4d Downloading 227.5MB
 0cf5ff510f4d Downloading 228.6MB
 0cf5ff510f4d Downloading 228.6MB
 0cf5ff510f4d Downloading 228.6MB
 0cf5ff510f4d Downloading 228.6MB
 0cf5ff510f4d Downloading 229.6MB
 0cf5ff510f4d Downloading 229.6MB
 0cf5ff510f4d Downloading 229.6MB
 0cf5ff510f4d Downloading 229.6MB
 0cf5ff510f4d Downloading 230.7MB
 0cf5ff510f4d Downloading 230.7MB
 0cf5ff510f4d Downloading 230.7MB
 0cf5ff510f4d Downloading 230.7MB
 0cf5ff510f4d Downloading 230.7MB
 0cf5ff510f4d Downloading 231.7MB
 0cf5ff510f4d Downloading 231.7MB
 0cf5ff510f4d Downloading 231.7MB
 0cf5ff510f4d Downloading 231.7MB
 0cf5ff510f4d Downloading 231.7MB
 0cf5ff510f4d Downloading 231.7MB
 0cf5ff510f4d Downloading 231.7MB
 0cf5ff510f4d Downloading 231.7MB
 0cf5ff510f4d Downloading 232.8MB
 0cf5ff510f4d Downloading 232.8MB
 0cf5ff510f4d Downloading 232.8MB
 0cf5ff510f4d Downloading 232.8MB
 0cf5ff510f4d Downloading 233.8MB
 0cf5ff510f4d Downloading 233.8MB
 0cf5ff510f4d Downloading 233.8MB
 0cf5ff510f4d Downloading 233.8MB
 0cf5ff510f4d Downloading 233.8MB
 0cf5ff510f4d Downloading 233.8MB
 0cf5ff510f4d Downloading 234.9MB
 0cf5ff510f4d Downloading 234.9MB
 0cf5ff510f4d Downloading 234.9MB
 0cf5ff510f4d Downloading 235.9MB
 0cf5ff510f4d Downloading 235.9MB
 0cf5ff510f4d Downloading 235.9MB
 0cf5ff510f4d Downloading 235.9MB
 0cf5ff510f4d Downloading 237MB
 0cf5ff510f4d Downloading 237MB
 0cf5ff510f4d Downloading 237MB
 0cf5ff510f4d Downloading 237MB
 0cf5ff510f4d Downloading 237MB
 0cf5ff510f4d Downloading 237MB
 0cf5ff510f4d Downloading 238MB
 0cf5ff510f4d Downloading 239.1MB
 0cf5ff510f4d Downloading 239.1MB
 0cf5ff510f4d Downloading 239.1MB
 0cf5ff510f4d Downloading 239.1MB
 0cf5ff510f4d Downloading 239.1MB
 0cf5ff510f4d Downloading 239.1MB
 0cf5ff510f4d Downloading 240.1MB
 0cf5ff510f4d Downloading 240.1MB
 0cf5ff510f4d Downloading 240.1MB
 0cf5ff510f4d Downloading 240.1MB
 0cf5ff510f4d Downloading 240.1MB
 0cf5ff510f4d Downloading 240.1MB
 0cf5ff510f4d Downloading 241.2MB
 0cf5ff510f4d Downloading 241.2MB
 0cf5ff510f4d Downloading 242.2MB
 0cf5ff510f4d Downloading 242.2MB
 0cf5ff510f4d Downloading 242.2MB
 0cf5ff510f4d Downloading 242.2MB
 0cf5ff510f4d Downloading 242.2MB
 0cf5ff510f4d Downloading 243.3MB
 0cf5ff510f4d Downloading 243.3MB
 0cf5ff510f4d Downloading 243.3MB
 0cf5ff510f4d Downloading 243.3MB
 0cf5ff510f4d Downloading 243.3MB
 0cf5ff510f4d Downloading 244.3MB
 0cf5ff510f4d Downloading 244.3MB
 0cf5ff510f4d Downloading 244.3MB
 0cf5ff510f4d Downloading 244.3MB
 0cf5ff510f4d Downloading 244.3MB
 0cf5ff510f4d Downloading 245.4MB
 0cf5ff510f4d Downloading 246.4MB
 0cf5ff510f4d Downloading 246.4MB
 0cf5ff510f4d Downloading 246.4MB
 0cf5ff510f4d Downloading 246.4MB
 0cf5ff510f4d Downloading 246.4MB
 0cf5ff510f4d Downloading 247.5MB
 0cf5ff510f4d Downloading 247.5MB
 0cf5ff510f4d Downloading 247.5MB
 0cf5ff510f4d Downloading 247.5MB
 0cf5ff510f4d Downloading 247.5MB
 0cf5ff510f4d Downloading 248.5MB
 0cf5ff510f4d Downloading 248.5MB
 0cf5ff510f4d Downloading 248.5MB
 0cf5ff510f4d Downloading 249.6MB
 0cf5ff510f4d Downloading 249.6MB
 0cf5ff510f4d Downloading 249.6MB
 0cf5ff510f4d Downloading 249.6MB
 0cf5ff510f4d Downloading 249.6MB
 0cf5ff510f4d Downloading 249.6MB
 0cf5ff510f4d Downloading 250.6MB
 0cf5ff510f4d Downloading 250.6MB
 0cf5ff510f4d Downloading 250.6MB
 0cf5ff510f4d Downloading 250.6MB
 0cf5ff510f4d Downloading 251.7MB
 0cf5ff510f4d Downloading 251.7MB
 0cf5ff510f4d Downloading 251.7MB
 0cf5ff510f4d Downloading 251.7MB
 0cf5ff510f4d Downloading 252.7MB
 0cf5ff510f4d Downloading 252.7MB
 0cf5ff510f4d Downloading 253.8MB
 0cf5ff510f4d Downloading 253.8MB
 0cf5ff510f4d Downloading 253.8MB
 0cf5ff510f4d Downloading 254.8MB
 0cf5ff510f4d Downloading 254.8MB
 0cf5ff510f4d Downloading 254.8MB
 0cf5ff510f4d Downloading 254.8MB
 0cf5ff510f4d Downloading 254.8MB
 0cf5ff510f4d Downloading 254.8MB
 0cf5ff510f4d Downloading 255.9MB
 0cf5ff510f4d Downloading 255.9MB
 0cf5ff510f4d Downloading 255.9MB
 0cf5ff510f4d Downloading 256.9MB
 0cf5ff510f4d Downloading 256.9MB
 0cf5ff510f4d Downloading 256.9MB
 0cf5ff510f4d Downloading 256.9MB
 0cf5ff510f4d Downloading 257.9MB
 0cf5ff510f4d Downloading 257.9MB
 0cf5ff510f4d Downloading 257.9MB
 0cf5ff510f4d Downloading 257.9MB
 0cf5ff510f4d Downloading 257.9MB
 0cf5ff510f4d Downloading 259MB
 0cf5ff510f4d Downloading 259MB
 0cf5ff510f4d Downloading 259MB
 0cf5ff510f4d Downloading 259MB
 0cf5ff510f4d Downloading 259MB
 0cf5ff510f4d Downloading 259MB
 0cf5ff510f4d Downloading 259MB
 0cf5ff510f4d Downloading 260MB
 0cf5ff510f4d Downloading 260MB
 0cf5ff510f4d Downloading 260MB
 0cf5ff510f4d Downloading 261.1MB
 0cf5ff510f4d Downloading 261.1MB
 0cf5ff510f4d Downloading 261.1MB
 0cf5ff510f4d Downloading 261.1MB
 0cf5ff510f4d Downloading 261.1MB
 0cf5ff510f4d Downloading 262.1MB
 0cf5ff510f4d Downloading 262.1MB
 0cf5ff510f4d Downloading 262.1MB
 0cf5ff510f4d Downloading 262.1MB
 0cf5ff510f4d Downloading 262.1MB
 0cf5ff510f4d Downloading 263.2MB
 0cf5ff510f4d Downloading 263.2MB
 0cf5ff510f4d Downloading 263.2MB
 0cf5ff510f4d Downloading 264.2MB
 0cf5ff510f4d Downloading 264.2MB
 0cf5ff510f4d Downloading 264.2MB
 0cf5ff510f4d Downloading 265.3MB
 0cf5ff510f4d Downloading 265.3MB
 0cf5ff510f4d Downloading 265.3MB
 0cf5ff510f4d Downloading 265.3MB
 0cf5ff510f4d Downloading 266.3MB
 0cf5ff510f4d Downloading 266.3MB
 0cf5ff510f4d Downloading 266.3MB
 0cf5ff510f4d Downloading 266.3MB
 0cf5ff510f4d Downloading 266.3MB
 0cf5ff510f4d Downloading 266.3MB
 0cf5ff510f4d Downloading 267.4MB
 0cf5ff510f4d Downloading 267.4MB
 0cf5ff510f4d Downloading 267.4MB
 0cf5ff510f4d Downloading 268.4MB
 0cf5ff510f4d Downloading 268.4MB
 0cf5ff510f4d Downloading 268.4MB
 0cf5ff510f4d Downloading 268.4MB
 0cf5ff510f4d Downloading 268.4MB
 0cf5ff510f4d Downloading 268.4MB
 0cf5ff510f4d Downloading 269.5MB
 0cf5ff510f4d Downloading 269.5MB
 0cf5ff510f4d Downloading 269.5MB
 0cf5ff510f4d Downloading 269.5MB
 0cf5ff510f4d Downloading 270.5MB
 0cf5ff510f4d Downloading 270.5MB
 0cf5ff510f4d Downloading 270.5MB
 0cf5ff510f4d Downloading 271.6MB
 0cf5ff510f4d Downloading 271.6MB
 0cf5ff510f4d Downloading 271.6MB
 0cf5ff510f4d Downloading 272.6MB
 0cf5ff510f4d Downloading 272.6MB
 0cf5ff510f4d Downloading 272.6MB
 0cf5ff510f4d Downloading 272.6MB
 0cf5ff510f4d Downloading 272.6MB
 0cf5ff510f4d Downloading 272.6MB
 0cf5ff510f4d Downloading 272.6MB
 0cf5ff510f4d Downloading 272.6MB
 0cf5ff510f4d Downloading 272.6MB
 0cf5ff510f4d Downloading 272.6MB
 0cf5ff510f4d Downloading 272.6MB
 0cf5ff510f4d Downloading 272.6MB
 0cf5ff510f4d Downloading 272.6MB
 0cf5ff510f4d Downloading 272.6MB
 0cf5ff510f4d Downloading 272.6MB
 0cf5ff510f4d Downloading 272.6MB
 0cf5ff510f4d Downloading 272.6MB
 0cf5ff510f4d Downloading 272.6MB
 0cf5ff510f4d Downloading 272.6MB
 0cf5ff510f4d Downloading 272.6MB
 0cf5ff510f4d Downloading 272.6MB
 0cf5ff510f4d Downloading 272.6MB
 0cf5ff510f4d Downloading 272.6MB
 0cf5ff510f4d Downloading 272.6MB
 0cf5ff510f4d Downloading 272.6MB
 0cf5ff510f4d Downloading 272.6MB
 0cf5ff510f4d Downloading 272.6MB
 0cf5ff510f4d Downloading 272.6MB
 0cf5ff510f4d Downloading 272.6MB
 0cf5ff510f4d Downloading 272.6MB
 0cf5ff510f4d Downloading 272.6MB
 0cf5ff510f4d Downloading 272.6MB
 0cf5ff510f4d Downloading 272.6MB
 0cf5ff510f4d Downloading 272.6MB
 0cf5ff510f4d Downloading 272.6MB
 0cf5ff510f4d Downloading 272.6MB
 0cf5ff510f4d Downloading 272.6MB
 0cf5ff510f4d Downloading 272.6MB
 0cf5ff510f4d Downloading 272.6MB
 0cf5ff510f4d Downloading 272.6MB
 0cf5ff510f4d Downloading 272.6MB
 0cf5ff510f4d Downloading 272.6MB
 0cf5ff510f4d Downloading 272.6MB
 0cf5ff510f4d Downloading 272.6MB
 0cf5ff510f4d Downloading 272.6MB
 0cf5ff510f4d Downloading 272.6MB
 0cf5ff510f4d Downloading 272.6MB
 0cf5ff510f4d Downloading 272.6MB
 0cf5ff510f4d Downloading 272.6MB
 0cf5ff510f4d Downloading 272.6MB
 0cf5ff510f4d Downloading 272.6MB
 0cf5ff510f4d Downloading 272.6MB
 0cf5ff510f4d Downloading 272.6MB
 0cf5ff510f4d Downloading 272.6MB
 0cf5ff510f4d Downloading 272.6MB
 0cf5ff510f4d Downloading 272.6MB
 0cf5ff510f4d Downloading 272.6MB
 0cf5ff510f4d Downloading 272.6MB
 0cf5ff510f4d Downloading 272.6MB
 0cf5ff510f4d Downloading 272.6MB
 0cf5ff510f4d Downloading 272.6MB
 0cf5ff510f4d Downloading 272.6MB
 0cf5ff510f4d Downloading 272.6MB
 0cf5ff510f4d Downloading 272.6MB
 0cf5ff510f4d Downloading 272.6MB
 0cf5ff510f4d Downloading 272.6MB
 0cf5ff510f4d Downloading 272.6MB
 0cf5ff510f4d Downloading 272.6MB
 0cf5ff510f4d Downloading 272.6MB
 0cf5ff510f4d Downloading 272.6MB
 0cf5ff510f4d Downloading 272.6MB
 0cf5ff510f4d Downloading 272.6MB
 0cf5ff510f4d Downloading 272.6MB
 0cf5ff510f4d Downloading 272.6MB
 0cf5ff510f4d Downloading 272.6MB
 0cf5ff510f4d Downloading 272.6MB
 0cf5ff510f4d Downloading 272.6MB
 0cf5ff510f4d Downloading 272.6MB
 0cf5ff510f4d Downloading 272.6MB
 0cf5ff510f4d Downloading 272.6MB
 0cf5ff510f4d Downloading 272.6MB
 0cf5ff510f4d Downloading 272.6MB
 0cf5ff510f4d Downloading 272.6MB
 0cf5ff510f4d Downloading 272.6MB
 0cf5ff510f4d Downloading 272.6MB
 0cf5ff510f4d Downloading 272.6MB
 0cf5ff510f4d Downloading 272.6MB
 0cf5ff510f4d Downloading 272.6MB
 0cf5ff510f4d Downloading 272.6MB
 0cf5ff510f4d Downloading 272.6MB
 0cf5ff510f4d Downloading 272.6MB
 0cf5ff510f4d Downloading 272.6MB
 0cf5ff510f4d Downloading 272.6MB
 0cf5ff510f4d Downloading 272.6MB
 0cf5ff510f4d Downloading 272.6MB
 0cf5ff510f4d Downloading 272.6MB
 0cf5ff510f4d Downloading 272.6MB
 0cf5ff510f4d Downloading 272.6MB
 0cf5ff510f4d Downloading 272.6MB
 0cf5ff510f4d Downloading 272.6MB
 0cf5ff510f4d Downloading 272.6MB
 0cf5ff510f4d Downloading 272.6MB
 0cf5ff510f4d Downloading 272.6MB
 0cf5ff510f4d Downloading 272.6MB
 0cf5ff510f4d Downloading 272.6MB
 0cf5ff510f4d Downloading 272.6MB
 0cf5ff510f4d Downloading 272.6MB
 0cf5ff510f4d Downloading 272.6MB
 0cf5ff510f4d Downloading 272.6MB
 0cf5ff510f4d Downloading 272.6MB
 0cf5ff510f4d Downloading 272.6MB
 0cf5ff510f4d Downloading 272.6MB
 0cf5ff510f4d Downloading 272.6MB
 0cf5ff510f4d Downloading 272.6MB
 0cf5ff510f4d Downloading 273.7MB
 0cf5ff510f4d Downloading 273.7MB
 0cf5ff510f4d Downloading 274.7MB
 0cf5ff510f4d Downloading 274.7MB
 0cf5ff510f4d Downloading 274.7MB
 0cf5ff510f4d Downloading 274.7MB
 0cf5ff510f4d Downloading 274.7MB
 0cf5ff510f4d Downloading 274.7MB
 0cf5ff510f4d Downloading 275.8MB
 0cf5ff510f4d Downloading 277.9MB
 0cf5ff510f4d Downloading 280MB
 0cf5ff510f4d Downloading 281MB
 0cf5ff510f4d Downloading 281MB
 0cf5ff510f4d Downloading 281MB
 0cf5ff510f4d Downloading 281MB
 0cf5ff510f4d Downloading 281MB
 0cf5ff510f4d Downloading 283.1MB
 0cf5ff510f4d Downloading 285.2MB
 0cf5ff510f4d Downloading 285.2MB
 0cf5ff510f4d Downloading 285.2MB
 0cf5ff510f4d Downloading 285.2MB
 0cf5ff510f4d Downloading 285.2MB
 0cf5ff510f4d Downloading 285.2MB
 0cf5ff510f4d Downloading 286.3MB
 0cf5ff510f4d Downloading 287.3MB
 0cf5ff510f4d Downloading 289.4MB
 0cf5ff510f4d Downloading 290.5MB
 0cf5ff510f4d Downloading 291.5MB
 0cf5ff510f4d Downloading 292.4MB
 0cf5ff510f4d Downloading 292.6MB
 0cf5ff510f4d Downloading 292.6MB
 0cf5ff510f4d Downloading 293.6MB
 0cf5ff510f4d Downloading 293.6MB
 0cf5ff510f4d Downloading 293.6MB
 0cf5ff510f4d Downloading 295.7MB
 0cf5ff510f4d Downloading 297.8MB
 0cf5ff510f4d Downloading 297.8MB
 0cf5ff510f4d Downloading 298.8MB
 0cf5ff510f4d Downloading 299.9MB
 0cf5ff510f4d Downloading 299.9MB
 0cf5ff510f4d Downloading 299.9MB
 0cf5ff510f4d Downloading 302MB
 0cf5ff510f4d Downloading 303MB
 0cf5ff510f4d Downloading 303MB
 0cf5ff510f4d Downloading 304.1MB
 0cf5ff510f4d Downloading 304.1MB
 0cf5ff510f4d Downloading 305.1MB
 0cf5ff510f4d Downloading 305.1MB
 0cf5ff510f4d Downloading 305.1MB
 0cf5ff510f4d Downloading 307.2MB
 0cf5ff510f4d Downloading 308.3MB
 0cf5ff510f4d Downloading 309.4MB
 0cf5ff510f4d Downloading 310.4MB
 0cf5ff510f4d Downloading 310.4MB
 0cf5ff510f4d Downloading 311.4MB
 0cf5ff510f4d Downloading 312.5MB
 0cf5ff510f4d Downloading 313.5MB
 0cf5ff510f4d Downloading 313.5MB
 0cf5ff510f4d Downloading 314.6MB
 0cf5ff510f4d Downloading 315.6MB
 0cf5ff510f4d Downloading 316.7MB
 0cf5ff510f4d Downloading 318.8MB
 0cf5ff510f4d Downloading 319.8MB
 0cf5ff510f4d Downloading 319.8MB
 0cf5ff510f4d Downloading 320.9MB
 0cf5ff510f4d Downloading 321.9MB
 0cf5ff510f4d Downloading 323MB
 0cf5ff510f4d Downloading 323MB
 0cf5ff510f4d Downloading 324MB
 0cf5ff510f4d Downloading 324MB
 0cf5ff510f4d Downloading 325.1MB
 0cf5ff510f4d Downloading 327.2MB
 0cf5ff510f4d Downloading 327.2MB
 0cf5ff510f4d Downloading 328.2MB
 0cf5ff510f4d Downloading 329.3MB
 0cf5ff510f4d Downloading 329.3MB
 0cf5ff510f4d Downloading 329.3MB
 0cf5ff510f4d Downloading 330.3MB
 0cf5ff510f4d Downloading 332.4MB
 0cf5ff510f4d Downloading 333.4MB
 0cf5ff510f4d Downloading 335.5MB
 0cf5ff510f4d Downloading 335.5MB
 0cf5ff510f4d Downloading 335.5MB
 0cf5ff510f4d Downloading 335.5MB
 0cf5ff510f4d Downloading 335.5MB
 0cf5ff510f4d Downloading 335.5MB
 0cf5ff510f4d Downloading 336.6MB
 0cf5ff510f4d Downloading 337.6MB
 0cf5ff510f4d Downloading 338.7MB
 0cf5ff510f4d Downloading 340.8MB
 0cf5ff510f4d Downloading 341.8MB
 0cf5ff510f4d Downloading 341.8MB
 0cf5ff510f4d Downloading 342.9MB
 0cf5ff510f4d Downloading 343.9MB
 0cf5ff510f4d Downloading 343.9MB
 0cf5ff510f4d Downloading 345MB
 0cf5ff510f4d Downloading 345MB
 0cf5ff510f4d Downloading 346MB
 0cf5ff510f4d Downloading 347.1MB
 0cf5ff510f4d Downloading 348.1MB
 0cf5ff510f4d Downloading 349.2MB
 0cf5ff510f4d Downloading 350.2MB
 0cf5ff510f4d Downloading 350.2MB
 0cf5ff510f4d Downloading 352.3MB
 0cf5ff510f4d Downloading 353.4MB
 0cf5ff510f4d Downloading 354.4MB
 0cf5ff510f4d Downloading 355.5MB
 0cf5ff510f4d Downloading 355.5MB
 0cf5ff510f4d Downloading 355.5MB
 0cf5ff510f4d Downloading 356.5MB
 0cf5ff510f4d Downloading 357.6MB
 0cf5ff510f4d Downloading 358.6MB
 0cf5ff510f4d Downloading 360.7MB
 0cf5ff510f4d Downloading 360.7MB
 0cf5ff510f4d Downloading 360.7MB
 0cf5ff510f4d Downloading 361.8MB
 0cf5ff510f4d Downloading 362.8MB
 0cf5ff510f4d Downloading 363.1MB
 0cf5ff510f4d Downloading 363.9MB
 0cf5ff510f4d Downloading 363.9MB
 0cf5ff510f4d Downloading 363.9MB
 0cf5ff510f4d Downloading 363.9MB
 0cf5ff510f4d Downloading 363.9MB
 0cf5ff510f4d Downloading 363.9MB
 0cf5ff510f4d Downloading 364.9MB
 0cf5ff510f4d Downloading 364.9MB
 0cf5ff510f4d Downloading 364.9MB
 0cf5ff510f4d Downloading 366MB
 0cf5ff510f4d Downloading 366MB
 0cf5ff510f4d Downloading 366MB
 0cf5ff510f4d Downloading 366MB
 0cf5ff510f4d Downloading 366MB
 0cf5ff510f4d Downloading 367MB
 0cf5ff510f4d Downloading 368.1MB
 0cf5ff510f4d Downloading 368.1MB
 0cf5ff510f4d Downloading 369.1MB
 0cf5ff510f4d Downloading 371.2MB
 0cf5ff510f4d Downloading 372.2MB
 0cf5ff510f4d Downloading 373.3MB
 0cf5ff510f4d Downloading 373.3MB
 0cf5ff510f4d Downloading 373.3MB
 0cf5ff510f4d Downloading 373.3MB
 0cf5ff510f4d Downloading 373.3MB
 0cf5ff510f4d Downloading 373.3MB
 0cf5ff510f4d Downloading 373.3MB
 0cf5ff510f4d Downloading 374.3MB
 0cf5ff510f4d Downloading 376.4MB
 0cf5ff510f4d Downloading 378MB
 0cf5ff510f4d Downloading 378.5MB
 0cf5ff510f4d Downloading 379.6MB
 0cf5ff510f4d Downloading 379.6MB
 0cf5ff510f4d Downloading 379.6MB
 0cf5ff510f4d Downloading 379.6MB
 0cf5ff510f4d Downloading 380.6MB
 0cf5ff510f4d Downloading 380.6MB
 0cf5ff510f4d Downloading 381.7MB
 0cf5ff510f4d Downloading 381.7MB
 0cf5ff510f4d Downloading 381.7MB
 0cf5ff510f4d Downloading 381.7MB
 0cf5ff510f4d Downloading 382.7MB
 0cf5ff510f4d Downloading 383.8MB
 0cf5ff510f4d Downloading 384.8MB
 0cf5ff510f4d Downloading 385.9MB
 0cf5ff510f4d Downloading 385.9MB
 0cf5ff510f4d Downloading 386.9MB
 0cf5ff510f4d Downloading 388MB
 0cf5ff510f4d Downloading 389MB
 0cf5ff510f4d Downloading 389MB
 0cf5ff510f4d Downloading 389MB
 0cf5ff510f4d Downloading 389MB
 0cf5ff510f4d Downloading 391.1MB
 0cf5ff510f4d Downloading 392.2MB
 0cf5ff510f4d Downloading 393.2MB
 0cf5ff510f4d Downloading 394.3MB
 0cf5ff510f4d Downloading 394.3MB
 0cf5ff510f4d Downloading 395.3MB
 0cf5ff510f4d Downloading 397.4MB
 0cf5ff510f4d Downloading 397.4MB
 0cf5ff510f4d Downloading 397.4MB
 0cf5ff510f4d Downloading 398.5MB
 0cf5ff510f4d Downloading 400.6MB
 0cf5ff510f4d Downloading 401.6MB
 0cf5ff510f4d Downloading 402.7MB
 0cf5ff510f4d Downloading 403.7MB
 0cf5ff510f4d Downloading 404.8MB
 0cf5ff510f4d Downloading 405.8MB
 0cf5ff510f4d Downloading 405.8MB
 0cf5ff510f4d Downloading 406.8MB
 0cf5ff510f4d Downloading 408.9MB
 0cf5ff510f4d Downloading 408.9MB
 0cf5ff510f4d Downloading 410MB
 0cf5ff510f4d Downloading 410MB
 0cf5ff510f4d Downloading 410MB
 0cf5ff510f4d Downloading 412.1MB
 0cf5ff510f4d Downloading 412.1MB
 0cf5ff510f4d Downloading 414.2MB
 0cf5ff510f4d Downloading 414.2MB
 0cf5ff510f4d Downloading 415.2MB
 0cf5ff510f4d Downloading 416.3MB
 0cf5ff510f4d Downloading 417.3MB
 0cf5ff510f4d Downloading 418.4MB
 0cf5ff510f4d Downloading 419.4MB
 0cf5ff510f4d Downloading 420.5MB
 0cf5ff510f4d Downloading 420.5MB
 0cf5ff510f4d Downloading 421.5MB
 0cf5ff510f4d Downloading 422.6MB
 0cf5ff510f4d Downloading 423.6MB
 0cf5ff510f4d Downloading 423.6MB
 0cf5ff510f4d Downloading 424.7MB
 0cf5ff510f4d Downloading 425.7MB
 0cf5ff510f4d Downloading 425.7MB
 0cf5ff510f4d Downloading 427.8MB
 0cf5ff510f4d Downloading 428.9MB
 0cf5ff510f4d Downloading 429.9MB
 0cf5ff510f4d Downloading 431MB
 0cf5ff510f4d Downloading 432MB
 0cf5ff510f4d Downloading 432MB
 0cf5ff510f4d Downloading 432MB
 0cf5ff510f4d Downloading 433.1MB
 0cf5ff510f4d Downloading 435.2MB
 0cf5ff510f4d Downloading 435.2MB
 0cf5ff510f4d Downloading 436.2MB
 0cf5ff510f4d Downloading 437.3MB
 0cf5ff510f4d Downloading 438.3MB
 0cf5ff510f4d Downloading 439.4MB
 0cf5ff510f4d Downloading 440.4MB
 0cf5ff510f4d Downloading 440.4MB
 0cf5ff510f4d Downloading 441.5MB
 0cf5ff510f4d Downloading 441.5MB
 0cf5ff510f4d Downloading 443.5MB
 0cf5ff510f4d Downloading 444.6MB
 0cf5ff510f4d Downloading 446.7MB
 0cf5ff510f4d Downloading 446.7MB
 0cf5ff510f4d Downloading 447.7MB
 0cf5ff510f4d Downloading 447.7MB
 0cf5ff510f4d Downloading 448.8MB
 0cf5ff510f4d Downloading 449.8MB
 0cf5ff510f4d Downloading 449.8MB
 0cf5ff510f4d Downloading 449.8MB
 0cf5ff510f4d Downloading 450.9MB
 0cf5ff510f4d Downloading 451.9MB
 0cf5ff510f4d Downloading 453MB
 0cf5ff510f4d Downloading 454MB
 0cf5ff510f4d Downloading 455.1MB
 0cf5ff510f4d Downloading 456.1MB
 0cf5ff510f4d Downloading 457.2MB
 0cf5ff510f4d Downloading 457.2MB
 0cf5ff510f4d Downloading 457.2MB
 0cf5ff510f4d Downloading 457.2MB
 0cf5ff510f4d Downloading 457.2MB
 0cf5ff510f4d Downloading 458.2MB
 0cf5ff510f4d Downloading 459.3MB
 0cf5ff510f4d Downloading 460.3MB
 0cf5ff510f4d Downloading 461.4MB
 0cf5ff510f4d Downloading 461.4MB
 0cf5ff510f4d Downloading 462.4MB
 0cf5ff510f4d Downloading 463.5MB
 0cf5ff510f4d Downloading 464.5MB
 0cf5ff510f4d Downloading 465.6MB
 0cf5ff510f4d Downloading 465.6MB
 0cf5ff510f4d Downloading 467.7MB
 0cf5ff510f4d Downloading 467.7MB
 0cf5ff510f4d Downloading 468.7MB
 0cf5ff510f4d Downloading 468.7MB
 0cf5ff510f4d Downloading 469.8MB
 0cf5ff510f4d Downloading 470.8MB
 0cf5ff510f4d Downloading 471.9MB
 0cf5ff510f4d Downloading 472.9MB
 0cf5ff510f4d Downloading 472.9MB
 0cf5ff510f4d Downloading 474MB
 0cf5ff510f4d Downloading 476.1MB
 0cf5ff510f4d Downloading 477.1MB
 0cf5ff510f4d Downloading 477.1MB
 0cf5ff510f4d Downloading 477.1MB
 0cf5ff510f4d Downloading 478.2MB
 0cf5ff510f4d Downloading 479.2MB
 0cf5ff510f4d Downloading 480.2MB
 0cf5ff510f4d Downloading 481.9MB
 0cf5ff510f4d Downloading 483.4MB
 0cf5ff510f4d Downloading 483.4MB
 0cf5ff510f4d Downloading 484.4MB
 0cf5ff510f4d Downloading 485.5MB
 0cf5ff510f4d Downloading 486.5MB
 0cf5ff510f4d Downloading 487.6MB
 0cf5ff510f4d Downloading 488.6MB
 0cf5ff510f4d Downloading 488.6MB
 0cf5ff510f4d Downloading 488.6MB
 0cf5ff510f4d Downloading 490.7MB
 0cf5ff510f4d Downloading 490.7MB
 0cf5ff510f4d Downloading 491.8MB
 0cf5ff510f4d Downloading 491.8MB
 0cf5ff510f4d Downloading 491.8MB
 0cf5ff510f4d Downloading 491.8MB
 0cf5ff510f4d Downloading 492.8MB
 0cf5ff510f4d Downloading 494.9MB
 0cf5ff510f4d Downloading 496MB
 0cf5ff510f4d Downloading 496MB
 0cf5ff510f4d Downloading 497.7MB
 0cf5ff510f4d Download complete 0B
 0cf5ff510f4d Extracting 1B
 0cf5ff510f4d Extracting 1B
 0cf5ff510f4d Extracting 1B
 0cf5ff510f4d Extracting 1B
 0cf5ff510f4d Extracting 1B
 0cf5ff510f4d Extracting 1B
 0cf5ff510f4d Extracting 1B
 0cf5ff510f4d Extracting 1B
 0cf5ff510f4d Extracting 1B
 0cf5ff510f4d Extracting 1B
 0cf5ff510f4d Extracting 2B
 0cf5ff510f4d Extracting 2B
 0cf5ff510f4d Extracting 2B
 0cf5ff510f4d Extracting 2B
 0cf5ff510f4d Extracting 2B
 0cf5ff510f4d Extracting 2B
 0cf5ff510f4d Extracting 2B
 0cf5ff510f4d Extracting 2B
 0cf5ff510f4d Extracting 2B
 0cf5ff510f4d Extracting 2B
 0cf5ff510f4d Extracting 2B
 0cf5ff510f4d Extracting 3B
 0cf5ff510f4d Extracting 3B
 0cf5ff510f4d Extracting 3B
 0cf5ff510f4d Extracting 3B
 0cf5ff510f4d Extracting 3B
 0cf5ff510f4d Extracting 3B
 0cf5ff510f4d Extracting 3B
 0cf5ff510f4d Extracting 3B
 0cf5ff510f4d Extracting 3B
 0cf5ff510f4d Extracting 3B
 0cf5ff510f4d Extracting 4B
 0cf5ff510f4d Extracting 4B
 0cf5ff510f4d Extracting 4B
 0cf5ff510f4d Extracting 4B
 0cf5ff510f4d Extracting 4B
 0cf5ff510f4d Extracting 4B
 0cf5ff510f4d Extracting 4B
 0cf5ff510f4d Extracting 4B
 0cf5ff510f4d Extracting 4B
 0cf5ff510f4d Extracting 5B
 0cf5ff510f4d Extracting 5B
 0cf5ff510f4d Extracting 5B
 0cf5ff510f4d Extracting 5B
 0cf5ff510f4d Extracting 5B
 0cf5ff510f4d Extracting 5B
 0cf5ff510f4d Extracting 5B
 0cf5ff510f4d Extracting 5B
 0cf5ff510f4d Extracting 5B
 0cf5ff510f4d Extracting 5B
 0cf5ff510f4d Extracting 6B
 0cf5ff510f4d Extracting 6B
 0cf5ff510f4d Extracting 6B
 0cf5ff510f4d Extracting 6B
 0cf5ff510f4d Extracting 6B
 0cf5ff510f4d Extracting 6B
 0cf5ff510f4d Extracting 6B
 0cf5ff510f4d Extracting 6B
 0cf5ff510f4d Extracting 6B
 0cf5ff510f4d Extracting 6B
 0cf5ff510f4d Extracting 7B
 0cf5ff510f4d Extracting 7B
 0cf5ff510f4d Extracting 7B
 0cf5ff510f4d Extracting 7B
 0cf5ff510f4d Extracting 7B
 0cf5ff510f4d Extracting 7B
 0cf5ff510f4d Extracting 7B
 0cf5ff510f4d Extracting 7B
 0cf5ff510f4d Extracting 7B
 0cf5ff510f4d Extracting 7B
 0cf5ff510f4d Extracting 8B
 0cf5ff510f4d Extracting 8B
 0cf5ff510f4d Extracting 8B
 0cf5ff510f4d Extracting 8B
 0cf5ff510f4d Extracting 8B
 0cf5ff510f4d Extracting 8B
 0cf5ff510f4d Extracting 8B
 0cf5ff510f4d Extracting 8B
 0cf5ff510f4d Extracting 8B
 0cf5ff510f4d Extracting 8B
 0cf5ff510f4d Extracting 9B
 0cf5ff510f4d Extracting 9B
 0cf5ff510f4d Extracting 9B
 0cf5ff510f4d Extracting 9B
 0cf5ff510f4d Extracting 9B
 0cf5ff510f4d Extracting 9B
 0cf5ff510f4d Extracting 9B
 0cf5ff510f4d Extracting 9B
 0cf5ff510f4d Extracting 9B
 0cf5ff510f4d Extracting 9B
 0cf5ff510f4d Extracting 9B
 0cf5ff510f4d Extracting 10B
 0cf5ff510f4d Extracting 10B
 0cf5ff510f4d Extracting 10B
 0cf5ff510f4d Extracting 10B
 0cf5ff510f4d Extracting 10B
 0cf5ff510f4d Extracting 10B
 0cf5ff510f4d Extracting 10B
 0cf5ff510f4d Extracting 10B
 0cf5ff510f4d Extracting 10B
 0cf5ff510f4d Extracting 11B
 0cf5ff510f4d Extracting 11B
 0cf5ff510f4d Extracting 11B
 0cf5ff510f4d Extracting 11B
 0cf5ff510f4d Extracting 11B
 0cf5ff510f4d Extracting 11B
 0cf5ff510f4d Extracting 11B
 0cf5ff510f4d Extracting 11B
 0cf5ff510f4d Extracting 11B
 0cf5ff510f4d Extracting 11B
 0cf5ff510f4d Extracting 11B
 0cf5ff510f4d Extracting 12B
 0cf5ff510f4d Extracting 12B
 0cf5ff510f4d Pull complete 0B
 Image milvusdb/milvus:v2.5.5 Pulled 
 Container rag-etcd-1 Creating 
 Container rag-minio-1 Creating 
 service:minio:1 Error response from daemon: Conflict. The container name "/rag-minio-1" is already in use by container "119dbb34809cacb86d3b2db7232d2373070078cc6495213f597e316effecc093". You have to remove (or rename) that container to be able to reuse that name. 
Error response from daemon: Conflict. The container name "/rag-minio-1" is already in use by container "119dbb34809cacb86d3b2db7232d2373070078cc6495213f597e316effecc093". You have to remove (or rename) that container to be able to reuse that name.
